#0 building with "desktop-linux" instance using docker driver

#1 [internal] load build definition from Dockerfile
#1 transferring dockerfile: 5.71kB 0.0s done
#1 DONE 0.1s

#2 [internal] load metadata for docker.io/library/ubuntu:22.04
#2 ...

#3 [auth] library/ubuntu:pull token for registry-1.docker.io
#3 DONE 0.0s

#2 [internal] load metadata for docker.io/library/ubuntu:22.04
#2 DONE 0.8s

#4 [internal] load .dockerignore
#4 transferring context: 2B done
#4 DONE 0.1s

#5 [internal] load build context
#5 DONE 0.0s

#6 [ 1/27] FROM docker.io/library/ubuntu:22.04@sha256:104ae83764a5119017b8e8d6218fa0832b09df65aae7d5a6de29a85d813da2fb
#6 resolve docker.io/library/ubuntu:22.04@sha256:104ae83764a5119017b8e8d6218fa0832b09df65aae7d5a6de29a85d813da2fb 0.1s done
#6 DONE 0.1s

#5 [internal] load build context
#5 transferring context: 376.40kB 0.8s done
#5 DONE 0.9s

#7 [ 3/27] COPY pgplot usr/local/pgplot
#7 CACHED

#8 [ 4/27] WORKDIR /usr/local/cwp_su_all_44R22
#8 CACHED

#9 [ 2/27] COPY seismic_unix/* /usr/local/cwp_su_all_44R22/src/
#9 CACHED

#10 [ 5/27] RUN apt-get update && apt-get install --fix-missing -y     aptitude     build-essential     curl     dpkg-dev     evince     gfortran     gcc     git     libjpeg-dev     libmotif-dev     libpng-dev     libtirpc-dev     libtk-img     libx11-dev     libxext-dev     libxft-dev     libxt-dev     lsb-release     make     ncftp     perl     software-properties-common     sudo     tk     vim     wget     xorg     imagemagick     && rm -rf /var/lib/apt/lists/*
#10 CACHED

#11 [ 6/27] RUN rm -f /usr/include/rpc/rpc || true     && mkdir -p /usr/include/rpc     && ln -sf /usr/include/tirpc/rpc/types.h /usr/include/rpc/types.h     && ln -sf /usr/include/tirpc/rpc/xdr.h  /usr/include/rpc/xdr.h     && ln -sf /usr/include/tirpc/rpc/auth.h /usr/include/rpc/auth.h     && ln -sf /usr/include/tirpc/rpc/clnt.h /usr/include/rpc/clnt.h     && ln -sf /usr/include/tirpc/rpc/svc.h  /usr/include/rpc/svc.h
#11 DONE 0.8s

#12 [ 7/27] RUN echo "export LD_LIBRARY_PATH=$LD_LIBRARY_PATH:/usr/local/pgplot/" >> /etc/profile
#12 DONE 1.0s

#13 [ 8/27] COPY install_cwp.exp /usr/local/cwp_su_all_44R22/src/install_cwp.exp
#13 DONE 0.1s

#14 [ 9/27] RUN apt-get update && apt-get install -y expect
#14 1.032 Get:1 http://archive.ubuntu.com/ubuntu jammy InRelease [270 kB]
#14 1.032 Get:2 http://security.ubuntu.com/ubuntu jammy-security InRelease [129 kB]
#14 1.678 Get:3 http://archive.ubuntu.com/ubuntu jammy-updates InRelease [128 kB]
#14 1.751 Get:4 http://security.ubuntu.com/ubuntu jammy-security/main amd64 Packages [3633 kB]
#14 1.832 Get:5 http://archive.ubuntu.com/ubuntu jammy-backports InRelease [127 kB]
#14 1.987 Get:6 http://archive.ubuntu.com/ubuntu jammy/main amd64 Packages [1792 kB]
#14 3.229 Get:7 http://archive.ubuntu.com/ubuntu jammy/multiverse amd64 Packages [266 kB]
#14 3.409 Get:8 http://archive.ubuntu.com/ubuntu jammy/universe amd64 Packages [17.5 MB]
#14 3.777 Get:9 http://security.ubuntu.com/ubuntu jammy-security/universe amd64 Packages [1287 kB]
#14 3.975 Get:10 http://security.ubuntu.com/ubuntu jammy-security/multiverse amd64 Packages [60.9 kB]
#14 4.016 Get:11 http://security.ubuntu.com/ubuntu jammy-security/restricted amd64 Packages [6205 kB]
#14 7.312 Get:12 http://archive.ubuntu.com/ubuntu jammy/restricted amd64 Packages [164 kB]
#14 7.377 Get:13 http://archive.ubuntu.com/ubuntu jammy-updates/restricted amd64 Packages [6410 kB]
#14 8.258 Get:14 http://archive.ubuntu.com/ubuntu jammy-updates/universe amd64 Packages [1598 kB]
#14 8.498 Get:15 http://archive.ubuntu.com/ubuntu jammy-updates/main amd64 Packages [3965 kB]
#14 9.062 Get:16 http://archive.ubuntu.com/ubuntu jammy-updates/multiverse amd64 Packages [69.2 kB]
#14 9.079 Get:17 http://archive.ubuntu.com/ubuntu jammy-backports/main amd64 Packages [83.9 kB]
#14 9.110 Get:18 http://archive.ubuntu.com/ubuntu jammy-backports/universe amd64 Packages [35.2 kB]
#14 9.892 Fetched 43.7 MB in 9s (4706 kB/s)
#14 9.892 Reading package lists...
#14 11.64 Reading package lists...
#14 15.62 Building dependency tree...
#14 15.91 Reading state information...
#14 16.41 The following additional packages will be installed:
#14 16.41   tcl-expect
#14 16.77 The following NEW packages will be installed:
#14 16.78   expect tcl-expect
#14 17.10 0 upgraded, 2 newly installed, 0 to remove and 0 not upgraded.
#14 17.10 Need to get 242 kB of archives.
#14 17.10 After this operation, 549 kB of additional disk space will be used.
#14 17.10 Get:1 http://archive.ubuntu.com/ubuntu jammy/universe amd64 tcl-expect amd64 5.45.4-2build1 [105 kB]
#14 17.61 Get:2 http://archive.ubuntu.com/ubuntu jammy/universe amd64 expect amd64 5.45.4-2build1 [137 kB]
#14 18.52 debconf: delaying package configuration, since apt-utils is not installed
#14 18.59 Fetched 242 kB in 1s (258 kB/s)
#14 18.69 Selecting previously unselected package tcl-expect:amd64.
#14 18.69 (Reading database ... 
(Reading database ... 5%
(Reading database ... 10%
(Reading database ... 15%
(Reading database ... 20%
(Reading database ... 25%
(Reading database ... 30%
(Reading database ... 35%
(Reading database ... 40%
(Reading database ... 45%
(Reading database ... 50%
(Reading database ... 55%
(Reading database ... 60%
(Reading database ... 65%
(Reading database ... 70%
(Reading database ... 75%
(Reading database ... 80%
(Reading database ... 85%
(Reading database ... 90%
(Reading database ... 95%
(Reading database ... 100%
(Reading database ... 50201 files and directories currently installed.)
#14 19.04 Preparing to unpack .../tcl-expect_5.45.4-2build1_amd64.deb ...
#14 19.07 Unpacking tcl-expect:amd64 (5.45.4-2build1) ...
#14 19.21 Selecting previously unselected package expect.
#14 19.21 Preparing to unpack .../expect_5.45.4-2build1_amd64.deb ...
#14 19.23 Unpacking expect (5.45.4-2build1) ...
#14 19.35 Setting up tcl-expect:amd64 (5.45.4-2build1) ...
#14 19.39 Setting up expect (5.45.4-2build1) ...
#14 19.43 Processing triggers for man-db (2.10.2-1) ...
#14 19.71 Processing triggers for libc-bin (2.35-0ubuntu3.11) ...
#14 DONE 21.0s

#15 [10/27] RUN apt-get install dos2unix && dos2unix /usr/local/cwp_su_all_44R22/src/install_cwp.exp
#15 0.450 Reading package lists...
#15 1.515 Building dependency tree...
#15 1.768 Reading state information...
#15 2.116 The following NEW packages will be installed:
#15 2.119   dos2unix
#15 2.530 0 upgraded, 1 newly installed, 0 to remove and 0 not upgraded.
#15 2.530 Need to get 384 kB of archives.
#15 2.530 After this operation, 1367 kB of additional disk space will be used.
#15 2.530 Get:1 http://archive.ubuntu.com/ubuntu jammy/universe amd64 dos2unix amd64 7.4.2-2 [384 kB]
#15 3.683 debconf: delaying package configuration, since apt-utils is not installed
#15 3.743 Fetched 384 kB in 1s (299 kB/s)
#15 3.819 Selecting previously unselected package dos2unix.
#15 3.819 (Reading database ... 
(Reading database ... 5%
(Reading database ... 10%
(Reading database ... 15%
(Reading database ... 20%
(Reading database ... 25%
(Reading database ... 30%
(Reading database ... 35%
(Reading database ... 40%
(Reading database ... 45%
(Reading database ... 50%
(Reading database ... 55%
(Reading database ... 60%
(Reading database ... 65%
(Reading database ... 70%
(Reading database ... 75%
(Reading database ... 80%
(Reading database ... 85%
(Reading database ... 90%
(Reading database ... 95%
(Reading database ... 100%
(Reading database ... 50281 files and directories currently installed.)
#15 4.025 Preparing to unpack .../dos2unix_7.4.2-2_amd64.deb ...
#15 4.035 Unpacking dos2unix (7.4.2-2) ...
#15 4.225 Setting up dos2unix (7.4.2-2) ...
#15 4.346 Processing triggers for man-db (2.10.2-1) ...
#15 4.814 dos2unix: converting file /usr/local/cwp_su_all_44R22/src/install_cwp.exp to Unix format...
#15 DONE 4.9s

#16 [11/27] RUN chmod +x /usr/local/cwp_su_all_44R22/src/install_cwp.exp
#16 DONE 0.6s

#17 [12/27] RUN /usr/local/cwp_su_all_44R22/src/install_cwp.exp
#17 0.599 spawn make install
#17 0.607 make: *** No rule to make target 'install'.  Stop.
#17 0.607 Installation process completed or terminated.
#17 DONE 0.7s

#18 [13/27] RUN cd /usr/local/cwp_su_all_44R22/src         && ./install_cwp.exp
#18 0.410 spawn make install
#18 0.422 Installing the CWP codes under the ROOT = /usr/local/cwp_su_all_44R22
#18 0.424 Continue install? [y/n] y
#18 0.425 /usr/local/cwp_su_all_44R22
#18 0.427 
#18 0.427 
#18 0.427 ################################################################
#18 0.427 ####### Legal Statement for 20 July 2019 Release 44R14 of CWP/SU #######
#18 0.427 ################################################################
#18 0.427 
#18 0.428 hit return key to continue
#18 0.429 
#18 0.431 This file is property of the Colorado School of Mines.
#18 0.431 
#18 0.431 Copyright ⌐ 2008, Colorado School of Mines,
#18 0.431 All rights reserved.
#18 0.431 
#18 0.431 
#18 0.431 Redistribution and use in source and binary forms, with or 
#18 0.431 without modification, are permitted provided that the following 
#18 0.431 conditions are met:
#18 0.431 
#18 0.431     *  Redistributions of source code must retain the above copyright 
#18 0.431        notice, this list of conditions and the following disclaimer.
#18 0.431     *  Redistributions in binary form must reproduce the above 
#18 0.431        copyright notice, this list of conditions and the following 
#18 0.431        disclaimer in the documentation and/or other materials provided 
#18 0.431        with the distribution.
#18 0.431     *  Neither the name of the Colorado School of Mines nor the names of
#18 0.431        its contributors may be used to endorse or promote products 
#18 0.431        derived from this software without specific prior written permission.
#18 0.431 
#18 0.431 Warranty Disclaimer:
#18 0.431 THIS SOFTWARE IS PROVIDED BY THE COLORADO SCHOOL OF MINES AND CONTRIBUTORS 
#18 0.431 "AS IS" AND ANY EXPRESS OR IMPLIED WARRANTIES, INCLUDING, BUT NOT 
#18 0.431 --More--(32%)
LIMITED TO, THE IMPLIED WARRANTIES OF MERCHANTABILITY AND FITNESS 
#18 0.433 FOR A PARTICULAR PURPOSE ARE DISCLAIMED. IN NO EVENT SHALL THE 
#18 0.433 COLORADO SCHOOL OF MINES OR CONTRIBUTORS BE LIABLE FOR ANY DIRECT, INDIRECT,
#18 0.433 INCIDENTAL, SPECIAL, EXEMPLARY, OR CONSEQUENTIAL DAMAGES (INCLUDING, 
#18 0.433 BUT NOT LIMITED TO, PROCUREMENT OF SUBSTITUTE GOODS OR SERVICES; 
#18 0.433 LOSS OF USE, DATA, OR PROFITS; OR BUSINESS INTERRUPTION) HOWEVER 
#18 0.433 CAUSED AND ON ANY THEORY OF LIABILITY, WHETHER IN CONTRACT, 
#18 0.433 STRICT LIABILITY, OR TORT (INCLUDING NEGLIGENCE OR OTHERWISE) ARISING 
#18 0.433 IN ANY WAY OUT OF THE USE OF THIS SOFTWARE, EVEN IF ADVISED OF THE 
#18 0.433 POSSIBILITY OF SUCH DAMAGE.
#18 0.433 
#18 0.433 
#18 0.433 Export Restriction Disclaimer:
#18 0.433 We believe that CWP/SU: Seismic Un*x is a low technology product that does
#18 0.433 not appear on the Department of Commerce CCL list of restricted exports.
#18 0.433 Accordingly, we believe that our product meets the qualifications of
#18 0.433 an ECCN (export control classification number) of EAR99 and we believe
#18 0.433 it fits the qualifications of NRR (no restrictions required), and
#18 0.433 is thus not subject to export restrictions of any variety.
#18 0.433 
#18 0.433 Approved Reference Format:
#18 0.433 In publications, please refer to SU as per the following example:
#18 0.433 Cohen, J. K. and Stockwell, Jr. J. W., (200_), CWP/SU: Seismic Un*x 
#18 0.433 --More--(71%)
Release No. __: an open source software  package for seismic 
#18 0.433 research and processing, 
#18 0.433 Center for Wave Phenomena, Colorado School of Mines.
#18 0.433 
#18 0.433 Articles about SU in peer-reviewed journals:
#18 0.433 Saeki, T., (1999), A guide to Seismic Un*x (SU)(2)---examples of data processing (part 1), data input and preparation of headers, Butsuri-Tansa (Geophysical Exploration), vol. 52, no. 5, 465-477.
#18 0.433 Stockwell, Jr. J. W. (1999), The CWP/SU: Seismic Un*x Package, Computers and Geosciences, May 1999.
#18 0.433 Stockwell, Jr. J. W. (1997), Free Software in Education: A case study of CWP/SU: Seismic Un*x, The Leading Edge, July 1997.
#18 0.433 Templeton, M. E., Gough, C.A., (1998), Web Seismic Un*x: Making seismic reflection processing more accessible, Computers and Geosciences.
#18 0.433 
#18 0.433 Acknowledgements:
#18 0.433 SU stands for CWP/SU:Seismic Un*x, a processing line developed at Colorado 
#18 0.433 School of Mines, partially based on Stanford Exploration Project (SEP) 
#18 0.433 software.
#18 0.433 
#18 0.433 By answering you agree to abide by the terms and conditions of
#18 0.438 the above LEGAL STATEMENT ?[y/n]y
#18 0.446 
#18 0.446 
#18 0.446 ######################
#18 0.446 ######################
#18 0.446 
#18 0.446 
#18 0.446 To give us at CWP an idea of who uses our codes
#18 0.446 the master Makefile will email the following message:
#18 0.446 
#18 0.446  "Installing the 29 Oct 2019 version (Release 44R18) of the CWP codes." 
#18 0.446 
#18 0.446 to: "john.19071969@gmail.com" 
#18 0.446 
#18 0.446 
#18 0.446 
#18 0.446 You will then be put on our CWP/SU mailing list
#18 0.446 and will be informed of future updates of the CWP codes.
#18 0.446 
#18 0.446 
#18 0.446 However, if you would rather not have this message sent
#18 0.446 you may specify this as your response to the next query.
#18 0.446 
#18 0.446 
#18 0.447 Send automatic mail message back to CWP?[y/n]n
#18 0.447 Continuing without sending the mailing.
#18 0.450 Making necessary directories
#18 0.453 mkdir: cannot create directory '/usr/local/cwp_su_all_44R22': File exists
#18 0.469 cd ./cwp; make
#18 0.475 make[1]: Entering directory '/usr/local/cwp_su_all_44R22/src/cwp'
#18 0.475 cd include ; make
#18 0.480 make[2]: Entering directory '/usr/local/cwp_su_all_44R22/src/cwp/include'
#18 0.486 cwp.h installed in /usr/local/cwp_su_all_44R22/include
#18 0.487 rm -f INSTALL
#18 0.489 touch INSTALL
#18 0.492 make[2]: Leaving directory '/usr/local/cwp_su_all_44R22/src/cwp/include'
#18 0.492 cd lib     ; make
#18 0.497 make[2]: Entering directory '/usr/local/cwp_su_all_44R22/src/cwp/lib'
#18 0.497 gcc -c -I/usr/local/cwp_su_all_44R22/include -O  -std=c99 -Wall -pedantic -Wno-long-long  -D_FILE_OFFSET_BITS=64 -D_LARGEFILE64_SOURCE -DCWP_LITTLE_ENDIAN -DSUXDR  -D_BSD_SOURCE -D_POSIX_SOURCE abel.c
#18 0.536 In file included from /usr/include/x86_64-linux-gnu/bits/libc-header-start.h:33,
#18 0.536                  from /usr/include/stdio.h:27,
#18 0.536                  from /usr/local/cwp_su_all_44R22/include/cwp.h:12,
#18 0.536                  from abel.c:54:
#18 0.536 /usr/include/features.h:194:3: warning: #warning "_BSD_SOURCE and _SVID_SOURCE are deprecated, use _DEFAULT_SOURCE" [-Wcpp]
#18 0.536   194 | # warning "_BSD_SOURCE and _SVID_SOURCE are deprecated, use _DEFAULT_SOURCE"
#18 0.536       |   ^~~~~~~
#18 0.705 ar rv /usr/local/cwp_su_all_44R22/lib/libcwp.a abel.o
#18 0.708 ar: creating /usr/local/cwp_su_all_44R22/lib/libcwp.a
#18 0.708 a - abel.o
#18 0.712 rm -f abel.o
#18 0.713 gcc -c -I/usr/local/cwp_su_all_44R22/include -O  -std=c99 -Wall -pedantic -Wno-long-long  -D_FILE_OFFSET_BITS=64 -D_LARGEFILE64_SOURCE -DCWP_LITTLE_ENDIAN -DSUXDR  -D_BSD_SOURCE -D_POSIX_SOURCE airy.c
#18 0.719 In file included from /usr/include/x86_64-linux-gnu/bits/libc-header-start.h:33,
#18 0.719                  from /usr/include/stdio.h:27,
#18 0.719                  from /usr/local/cwp_su_all_44R22/include/cwp.h:12,
#18 0.719                  from airy.c:40:
#18 0.719 /usr/include/features.h:194:3: warning: #warning "_BSD_SOURCE and _SVID_SOURCE are deprecated, use _DEFAULT_SOURCE" [-Wcpp]
#18 0.719   194 | # warning "_BSD_SOURCE and _SVID_SOURCE are deprecated, use _DEFAULT_SOURCE"
#18 0.719       |   ^~~~~~~
#18 0.798 ar rv /usr/local/cwp_su_all_44R22/lib/libcwp.a airy.o
#18 0.799 a - airy.o
#18 0.801 rm -f airy.o
#18 0.803 gcc -c -I/usr/local/cwp_su_all_44R22/include -O  -std=c99 -Wall -pedantic -Wno-long-long  -D_FILE_OFFSET_BITS=64 -D_LARGEFILE64_SOURCE -DCWP_LITTLE_ENDIAN -DSUXDR  -D_BSD_SOURCE -D_POSIX_SOURCE alloc.c
#18 0.810 In file included from /usr/include/x86_64-linux-gnu/bits/libc-header-start.h:33,
#18 0.810                  from /usr/include/stdio.h:27,
#18 0.810                  from /usr/local/cwp_su_all_44R22/include/cwp.h:12,
#18 0.810                  from alloc.c:219:
#18 0.810 /usr/include/features.h:194:3: warning: #warning "_BSD_SOURCE and _SVID_SOURCE are deprecated, use _DEFAULT_SOURCE" [-Wcpp]
#18 0.810   194 | # warning "_BSD_SOURCE and _SVID_SOURCE are deprecated, use _DEFAULT_SOURCE"
#18 0.810       |   ^~~~~~~
#18 0.923 ar rv /usr/local/cwp_su_all_44R22/lib/libcwp.a alloc.o
#18 0.924 a - alloc.o
#18 0.926 rm -f alloc.o
#18 0.929 gcc -c -I/usr/local/cwp_su_all_44R22/include -O  -std=c99 -Wall -pedantic -Wno-long-long  -D_FILE_OFFSET_BITS=64 -D_LARGEFILE64_SOURCE -DCWP_LITTLE_ENDIAN -DSUXDR  -D_BSD_SOURCE -D_POSIX_SOURCE antialias.c
#18 0.934 In file included from /usr/include/x86_64-linux-gnu/bits/libc-header-start.h:33,
#18 0.934                  from /usr/include/stdio.h:27,
#18 0.934                  from /usr/local/cwp_su_all_44R22/include/cwp.h:12,
#18 0.934                  from antialias.c:35:
#18 0.934 /usr/include/features.h:194:3: warning: #warning "_BSD_SOURCE and _SVID_SOURCE are deprecated, use _DEFAULT_SOURCE" [-Wcpp]
#18 0.934   194 | # warning "_BSD_SOURCE and _SVID_SOURCE are deprecated, use _DEFAULT_SOURCE"
#18 0.934       |   ^~~~~~~
#18 0.977 ar rv /usr/local/cwp_su_all_44R22/lib/libcwp.a antialias.o
#18 0.978 a - antialias.o
#18 0.980 rm -f antialias.o
#18 0.982 gcc -c -I/usr/local/cwp_su_all_44R22/include -O  -std=c99 -Wall -pedantic -Wno-long-long  -D_FILE_OFFSET_BITS=64 -D_LARGEFILE64_SOURCE -DCWP_LITTLE_ENDIAN -DSUXDR  -D_BSD_SOURCE -D_POSIX_SOURCE axb.c
#18 0.989 In file included from /usr/include/x86_64-linux-gnu/bits/libc-header-start.h:33,
#18 0.989                  from /usr/include/stdio.h:27,
#18 0.989                  from /usr/local/cwp_su_all_44R22/include/cwp.h:12,
#18 0.990                  from axb.c:4:
#18 0.990 /usr/include/features.h:194:3: warning: #warning "_BSD_SOURCE and _SVID_SOURCE are deprecated, use _DEFAULT_SOURCE" [-Wcpp]
#18 0.990   194 | # warning "_BSD_SOURCE and _SVID_SOURCE are deprecated, use _DEFAULT_SOURCE"
#18 0.990       |   ^~~~~~~
#18 1.076 ar rv /usr/local/cwp_su_all_44R22/lib/libcwp.a axb.o
#18 1.077 a - axb.o
#18 1.080 rm -f axb.o
#18 1.081 gcc -c -I/usr/local/cwp_su_all_44R22/include -O  -std=c99 -Wall -pedantic -Wno-long-long  -D_FILE_OFFSET_BITS=64 -D_LARGEFILE64_SOURCE -DCWP_LITTLE_ENDIAN -DSUXDR  -D_BSD_SOURCE -D_POSIX_SOURCE bigmatrix.c
#18 1.090 In file included from /usr/include/x86_64-linux-gnu/bits/libc-header-start.h:33,
#18 1.090                  from /usr/include/stdio.h:27,
#18 1.090                  from /usr/local/cwp_su_all_44R22/include/cwp.h:12,
#18 1.090                  from bigmatrix.c:85:
#18 1.090 /usr/include/features.h:194:3: warning: #warning "_BSD_SOURCE and _SVID_SOURCE are deprecated, use _DEFAULT_SOURCE" [-Wcpp]
#18 1.090   194 | # warning "_BSD_SOURCE and _SVID_SOURCE are deprecated, use _DEFAULT_SOURCE"
#18 1.090       |   ^~~~~~~
#18 1.161 ar rv /usr/local/cwp_su_all_44R22/lib/libcwp.a bigmatrix.o
#18 1.163 a - bigmatrix.o
#18 1.165 rm -f bigmatrix.o
#18 1.167 gcc -c -I/usr/local/cwp_su_all_44R22/include -O  -std=c99 -Wall -pedantic -Wno-long-long  -D_FILE_OFFSET_BITS=64 -D_LARGEFILE64_SOURCE -DCWP_LITTLE_ENDIAN -DSUXDR  -D_BSD_SOURCE -D_POSIX_SOURCE butterworth.c
#18 1.173 In file included from /usr/include/x86_64-linux-gnu/bits/libc-header-start.h:33,
#18 1.173                  from /usr/include/stdio.h:27,
#18 1.173                  from /usr/local/cwp_su_all_44R22/include/cwp.h:12,
#18 1.173                  from butterworth.c:63:
#18 1.173 /usr/include/features.h:194:3: warning: #warning "_BSD_SOURCE and _SVID_SOURCE are deprecated, use _DEFAULT_SOURCE" [-Wcpp]
#18 1.173   194 | # warning "_BSD_SOURCE and _SVID_SOURCE are deprecated, use _DEFAULT_SOURCE"
#18 1.173       |   ^~~~~~~
#18 1.227 ar rv /usr/local/cwp_su_all_44R22/lib/libcwp.a butterworth.o
#18 1.229 a - butterworth.o
#18 1.232 rm -f butterworth.o
#18 1.233 gcc -c -I/usr/local/cwp_su_all_44R22/include -O  -std=c99 -Wall -pedantic -Wno-long-long  -D_FILE_OFFSET_BITS=64 -D_LARGEFILE64_SOURCE -DCWP_LITTLE_ENDIAN -DSUXDR  -D_BSD_SOURCE -D_POSIX_SOURCE complex.c
#18 1.244 In file included from /usr/include/x86_64-linux-gnu/bits/libc-header-start.h:33,
#18 1.244                  from /usr/include/stdio.h:27,
#18 1.244                  from /usr/local/cwp_su_all_44R22/include/cwp.h:12,
#18 1.244                  from complex.c:58:
#18 1.244 /usr/include/features.h:194:3: warning: #warning "_BSD_SOURCE and _SVID_SOURCE are deprecated, use _DEFAULT_SOURCE" [-Wcpp]
#18 1.244   194 | # warning "_BSD_SOURCE and _SVID_SOURCE are deprecated, use _DEFAULT_SOURCE"
#18 1.244       |   ^~~~~~~
#18 1.305 ar rv /usr/local/cwp_su_all_44R22/lib/libcwp.a complex.o
#18 1.309 a - complex.o
#18 1.311 rm -f complex.o
#18 1.312 gcc -c -I/usr/local/cwp_su_all_44R22/include -O  -std=c99 -Wall -pedantic -Wno-long-long  -D_FILE_OFFSET_BITS=64 -D_LARGEFILE64_SOURCE -DCWP_LITTLE_ENDIAN -DSUXDR  -D_BSD_SOURCE -D_POSIX_SOURCE complexd.c
#18 1.318 In file included from /usr/include/x86_64-linux-gnu/bits/libc-header-start.h:33,
#18 1.318                  from /usr/include/stdio.h:27,
#18 1.318                  from /usr/local/cwp_su_all_44R22/include/cwp.h:12,
#18 1.318                  from complexd.c:58:
#18 1.318 /usr/include/features.h:194:3: warning: #warning "_BSD_SOURCE and _SVID_SOURCE are deprecated, use _DEFAULT_SOURCE" [-Wcpp]
#18 1.318   194 | # warning "_BSD_SOURCE and _SVID_SOURCE are deprecated, use _DEFAULT_SOURCE"
#18 1.318       |   ^~~~~~~
#18 1.373 ar rv /usr/local/cwp_su_all_44R22/lib/libcwp.a complexd.o
#18 1.374 a - complexd.o
#18 1.376 rm -f complexd.o
#18 1.379 gcc -c -I/usr/local/cwp_su_all_44R22/include -O  -std=c99 -Wall -pedantic -Wno-long-long  -D_FILE_OFFSET_BITS=64 -D_LARGEFILE64_SOURCE -DCWP_LITTLE_ENDIAN -DSUXDR  -D_BSD_SOURCE -D_POSIX_SOURCE complexf.c
#18 1.391 In file included from /usr/include/x86_64-linux-gnu/bits/libc-header-start.h:33,
#18 1.391                  from /usr/include/stdio.h:27,
#18 1.391                  from /usr/local/cwp_su_all_44R22/include/cwp.h:12,
#18 1.391                  from complexf.c:39:
#18 1.391 /usr/include/features.h:194:3: warning: #warning "_BSD_SOURCE and _SVID_SOURCE are deprecated, use _DEFAULT_SOURCE" [-Wcpp]
#18 1.391   194 | # warning "_BSD_SOURCE and _SVID_SOURCE are deprecated, use _DEFAULT_SOURCE"
#18 1.391       |   ^~~~~~~
#18 1.454 ar rv /usr/local/cwp_su_all_44R22/lib/libcwp.a complexf.o
#18 1.455 a - complexf.o
#18 1.458 rm -f complexf.o
#18 1.461 gcc -c -I/usr/local/cwp_su_all_44R22/include -O  -std=c99 -Wall -pedantic -Wno-long-long  -D_FILE_OFFSET_BITS=64 -D_LARGEFILE64_SOURCE -DCWP_LITTLE_ENDIAN -DSUXDR  -D_BSD_SOURCE -D_POSIX_SOURCE conjugate_gradient.c
#18 1.467 In file included from /usr/include/x86_64-linux-gnu/bits/libc-header-start.h:33,
#18 1.467                  from /usr/include/stdio.h:27,
#18 1.467                  from /usr/local/cwp_su_all_44R22/include/cwp.h:12,
#18 1.467                  from conjugate_gradient.c:29:
#18 1.467 /usr/include/features.h:194:3: warning: #warning "_BSD_SOURCE and _SVID_SOURCE are deprecated, use _DEFAULT_SOURCE" [-Wcpp]
#18 1.467   194 | # warning "_BSD_SOURCE and _SVID_SOURCE are deprecated, use _DEFAULT_SOURCE"
#18 1.467       |   ^~~~~~~
#18 1.517 ar rv /usr/local/cwp_su_all_44R22/lib/libcwp.a conjugate_gradient.o
#18 1.518 a - conjugate_gradient.o
#18 1.524 rm -f conjugate_gradient.o
#18 1.526 gcc -c -I/usr/local/cwp_su_all_44R22/include -O  -std=c99 -Wall -pedantic -Wno-long-long  -D_FILE_OFFSET_BITS=64 -D_LARGEFILE64_SOURCE -DCWP_LITTLE_ENDIAN -DSUXDR  -D_BSD_SOURCE -D_POSIX_SOURCE convolution.c
#18 1.535 In file included from /usr/include/x86_64-linux-gnu/bits/libc-header-start.h:33,
#18 1.535                  from /usr/include/stdio.h:27,
#18 1.535                  from /usr/local/cwp_su_all_44R22/include/cwp.h:12,
#18 1.535                  from convolution.c:56:
#18 1.535 /usr/include/features.h:194:3: warning: #warning "_BSD_SOURCE and _SVID_SOURCE are deprecated, use _DEFAULT_SOURCE" [-Wcpp]
#18 1.535   194 | # warning "_BSD_SOURCE and _SVID_SOURCE are deprecated, use _DEFAULT_SOURCE"
#18 1.535       |   ^~~~~~~
#18 1.865 ar rv /usr/local/cwp_su_all_44R22/lib/libcwp.a convolution.o
#18 1.868 a - convolution.o
#18 1.872 rm -f convolution.o
#18 1.873 gcc -c -I/usr/local/cwp_su_all_44R22/include -O  -std=c99 -Wall -pedantic -Wno-long-long  -D_FILE_OFFSET_BITS=64 -D_LARGEFILE64_SOURCE -DCWP_LITTLE_ENDIAN -DSUXDR  -D_BSD_SOURCE -D_POSIX_SOURCE cubicspline.c
#18 1.881 In file included from /usr/include/x86_64-linux-gnu/bits/libc-header-start.h:33,
#18 1.881                  from /usr/include/stdio.h:27,
#18 1.881                  from /usr/local/cwp_su_all_44R22/include/cwp.h:12,
#18 1.881                  from cubicspline.c:80:
#18 1.881 /usr/include/features.h:194:3: warning: #warning "_BSD_SOURCE and _SVID_SOURCE are deprecated, use _DEFAULT_SOURCE" [-Wcpp]
#18 1.881   194 | # warning "_BSD_SOURCE and _SVID_SOURCE are deprecated, use _DEFAULT_SOURCE"
#18 1.881       |   ^~~~~~~
#18 1.962 ar rv /usr/local/cwp_su_all_44R22/lib/libcwp.a cubicspline.o
#18 1.964 a - cubicspline.o
#18 1.966 rm -f cubicspline.o
#18 1.968 gcc -c -I/usr/local/cwp_su_all_44R22/include -O  -std=c99 -Wall -pedantic -Wno-long-long  -D_FILE_OFFSET_BITS=64 -D_LARGEFILE64_SOURCE -DCWP_LITTLE_ENDIAN -DSUXDR  -D_BSD_SOURCE -D_POSIX_SOURCE dblas.c
#18 1.976 In file included from /usr/include/x86_64-linux-gnu/bits/libc-header-start.h:33,
#18 1.976                  from /usr/include/stdio.h:27,
#18 1.976                  from /usr/local/cwp_su_all_44R22/include/cwp.h:12,
#18 1.976                  from dblas.c:109:
#18 1.976 /usr/include/features.h:194:3: warning: #warning "_BSD_SOURCE and _SVID_SOURCE are deprecated, use _DEFAULT_SOURCE" [-Wcpp]
#18 1.976   194 | # warning "_BSD_SOURCE and _SVID_SOURCE are deprecated, use _DEFAULT_SOURCE"
#18 1.976       |   ^~~~~~~
#18 2.070 ar rv /usr/local/cwp_su_all_44R22/lib/libcwp.a dblas.o
#18 2.071 a - dblas.o
#18 2.075 rm -f dblas.o
#18 2.079 gcc -c -I/usr/local/cwp_su_all_44R22/include -O  -std=c99 -Wall -pedantic -Wno-long-long  -D_FILE_OFFSET_BITS=64 -D_LARGEFILE64_SOURCE -DCWP_LITTLE_ENDIAN -DSUXDR  -D_BSD_SOURCE -D_POSIX_SOURCE dge.c
#18 2.085 In file included from /usr/include/x86_64-linux-gnu/bits/libc-header-start.h:33,
#18 2.085                  from /usr/include/stdio.h:27,
#18 2.085                  from /usr/local/cwp_su_all_44R22/include/cwp.h:12,
#18 2.085                  from dge.c:90:
#18 2.085 /usr/include/features.h:194:3: warning: #warning "_BSD_SOURCE and _SVID_SOURCE are deprecated, use _DEFAULT_SOURCE" [-Wcpp]
#18 2.085   194 | # warning "_BSD_SOURCE and _SVID_SOURCE are deprecated, use _DEFAULT_SOURCE"
#18 2.085       |   ^~~~~~~
#18 2.167 ar rv /usr/local/cwp_su_all_44R22/lib/libcwp.a dge.o
#18 2.169 a - dge.o
#18 2.172 rm -f dge.o
#18 2.174 gcc -c -I/usr/local/cwp_su_all_44R22/include -O  -std=c99 -Wall -pedantic -Wno-long-long  -D_FILE_OFFSET_BITS=64 -D_LARGEFILE64_SOURCE -DCWP_LITTLE_ENDIAN -DSUXDR  -D_BSD_SOURCE -D_POSIX_SOURCE differentiate.c
#18 2.182 In file included from /usr/include/x86_64-linux-gnu/bits/libc-header-start.h:33,
#18 2.182                  from /usr/include/stdio.h:27,
#18 2.182                  from /usr/local/cwp_su_all_44R22/include/cwp.h:12,
#18 2.182                  from differentiate.c:4:
#18 2.182 /usr/include/features.h:194:3: warning: #warning "_BSD_SOURCE and _SVID_SOURCE are deprecated, use _DEFAULT_SOURCE" [-Wcpp]
#18 2.182   194 | # warning "_BSD_SOURCE and _SVID_SOURCE are deprecated, use _DEFAULT_SOURCE"
#18 2.182       |   ^~~~~~~
#18 2.212 differentiate.c: In function 'differentiate':
#18 2.212 differentiate.c:71:17: warning: variable 'temp' set but not used [-Wunused-but-set-variable]
#18 2.212    71 |         double *temp;
#18 2.212       |                 ^~~~
#18 2.212 differentiate.c: In function 'ddifferentiate':
#18 2.212 differentiate.c:110:17: warning: variable 'temp' set but not used [-Wunused-but-set-variable]
#18 2.212   110 |         double *temp;
#18 2.212       |                 ^~~~
#18 2.231 ar rv /usr/local/cwp_su_all_44R22/lib/libcwp.a differentiate.o
#18 2.232 a - differentiate.o
#18 2.235 rm -f differentiate.o
#18 2.241 gcc -c -I/usr/local/cwp_su_all_44R22/include -O  -std=c99 -Wall -pedantic -Wno-long-long  -D_FILE_OFFSET_BITS=64 -D_LARGEFILE64_SOURCE -DCWP_LITTLE_ENDIAN -DSUXDR  -D_BSD_SOURCE -D_POSIX_SOURCE exit.c
#18 2.245 In file included from /usr/include/x86_64-linux-gnu/bits/libc-header-start.h:33,
#18 2.245                  from /usr/include/stdio.h:27,
#18 2.245                  from /usr/local/cwp_su_all_44R22/include/cwp.h:12,
#18 2.245                  from exit.c:13:
#18 2.245 /usr/include/features.h:194:3: warning: #warning "_BSD_SOURCE and _SVID_SOURCE are deprecated, use _DEFAULT_SOURCE" [-Wcpp]
#18 2.245   194 | # warning "_BSD_SOURCE and _SVID_SOURCE are deprecated, use _DEFAULT_SOURCE"
#18 2.245       |   ^~~~~~~
#18 2.276 ar rv /usr/local/cwp_su_all_44R22/lib/libcwp.a exit.o
#18 2.278 a - exit.o
#18 2.282 rm -f exit.o
#18 2.285 gcc -c -I/usr/local/cwp_su_all_44R22/include -O  -std=c99 -Wall -pedantic -Wno-long-long  -D_FILE_OFFSET_BITS=64 -D_LARGEFILE64_SOURCE -DCWP_LITTLE_ENDIAN -DSUXDR  -D_BSD_SOURCE -D_POSIX_SOURCE frannor.c
#18 2.296 In file included from /usr/include/x86_64-linux-gnu/bits/libc-header-start.h:33,
#18 2.296                  from /usr/include/stdio.h:27,
#18 2.296                  from /usr/local/cwp_su_all_44R22/include/cwp.h:12,
#18 2.296                  from frannor.c:47:
#18 2.296 /usr/include/features.h:194:3: warning: #warning "_BSD_SOURCE and _SVID_SOURCE are deprecated, use _DEFAULT_SOURCE" [-Wcpp]
#18 2.296   194 | # warning "_BSD_SOURCE and _SVID_SOURCE are deprecated, use _DEFAULT_SOURCE"
#18 2.296       |   ^~~~~~~
#18 2.324 frannor.c: In function 'frannor':
#18 2.324 frannor.c:87:9: warning: this 'if' clause does not guard... [-Wmisleading-indentation]
#18 2.324    87 |         if (--i<0) i = 16;  if (--j<0) j = 16
#18 2.324       |         ^~
#18 2.324 frannor.c:101:9: note: in expansion of macro 'UNI'
#18 2.324   101 |         UNI(uni);
#18 2.324       |         ^~~
#18 2.324 frannor.c:87:29: note: ...this statement, but the latter is misleadingly indented as if it were guarded by the 'if'
#18 2.324    87 |         if (--i<0) i = 16;  if (--j<0) j = 16
#18 2.324       |                             ^~
#18 2.324 frannor.c:101:9: note: in expansion of macro 'UNI'
#18 2.324   101 |         UNI(uni);
#18 2.324       |         ^~~
#18 2.324 frannor.c:87:9: warning: this 'if' clause does not guard... [-Wmisleading-indentation]
#18 2.324    87 |         if (--i<0) i = 16;  if (--j<0) j = 16
#18 2.324       |         ^~
#18 2.324 frannor.c:115:9: note: in expansion of macro 'UNI'
#18 2.324   115 |         UNI(y);
#18 2.324       |         ^~~
#18 2.324 frannor.c:87:29: note: ...this statement, but the latter is misleadingly indented as if it were guarded by the 'if'
#18 2.324    87 |         if (--i<0) i = 16;  if (--j<0) j = 16
#18 2.324       |                             ^~
#18 2.324 frannor.c:115:9: note: in expansion of macro 'UNI'
#18 2.324   115 |         UNI(y);
#18 2.324       |         ^~~
#18 2.325 frannor.c:87:9: warning: this 'if' clause does not guard... [-Wmisleading-indentation]
#18 2.325    87 |         if (--i<0) i = 16;  if (--j<0) j = 16
#18 2.325       |         ^~
#18 2.325 frannor.c:124:33: note: in expansion of macro 'UNI'
#18 2.325   124 |                                 UNI(y);
#18 2.325       |                                 ^~~
#18 2.325 frannor.c:87:29: note: ...this statement, but the latter is misleadingly indented as if it were guarded by the 'if'
#18 2.325    87 |         if (--i<0) i = 16;  if (--j<0) j = 16
#18 2.325       |                             ^~
#18 2.325 frannor.c:124:33: note: in expansion of macro 'UNI'
#18 2.325   124 |                                 UNI(y);
#18 2.325       |                                 ^~~
#18 2.325 frannor.c:87:9: warning: this 'if' clause does not guard... [-Wmisleading-indentation]
#18 2.325    87 |         if (--i<0) i = 16;  if (--j<0) j = 16
#18 2.325       |         ^~
#18 2.325 frannor.c:126:33: note: in expansion of macro 'UNI'
#18 2.325   126 |                                 UNI(y);
#18 2.325       |                                 ^~~
#18 2.325 frannor.c:87:29: note: ...this statement, but the latter is misleadingly indented as if it were guarded by the 'if'
#18 2.325    87 |         if (--i<0) i = 16;  if (--j<0) j = 16
#18 2.325       |                             ^~
#18 2.325 frannor.c:126:33: note: in expansion of macro 'UNI'
#18 2.325   126 |                                 UNI(y);
#18 2.325       |                                 ^~~
#18 2.351 ar rv /usr/local/cwp_su_all_44R22/lib/libcwp.a frannor.o
#18 2.351 a - frannor.o
#18 2.355 rm -f frannor.o
#18 2.357 gcc -c -I/usr/local/cwp_su_all_44R22/include -O  -std=c99 -Wall -pedantic -Wno-long-long  -D_FILE_OFFSET_BITS=64 -D_LARGEFILE64_SOURCE -DCWP_LITTLE_ENDIAN -DSUXDR  -D_BSD_SOURCE -D_POSIX_SOURCE franuni.c
#18 2.363 In file included from /usr/include/x86_64-linux-gnu/bits/libc-header-start.h:33,
#18 2.363                  from /usr/include/stdio.h:27,
#18 2.363                  from /usr/local/cwp_su_all_44R22/include/cwp.h:12,
#18 2.363                  from franuni.c:48:
#18 2.363 /usr/include/features.h:194:3: warning: #warning "_BSD_SOURCE and _SVID_SOURCE are deprecated, use _DEFAULT_SOURCE" [-Wcpp]
#18 2.363   194 | # warning "_BSD_SOURCE and _SVID_SOURCE are deprecated, use _DEFAULT_SOURCE"
#18 2.363       |   ^~~~~~~
#18 2.403 ar rv /usr/local/cwp_su_all_44R22/lib/libcwp.a franuni.o
#18 2.404 a - franuni.o
#18 2.409 rm -f franuni.o
#18 2.415 gcc -c -I/usr/local/cwp_su_all_44R22/include -O  -std=c99 -Wall -pedantic -Wno-long-long  -D_FILE_OFFSET_BITS=64 -D_LARGEFILE64_SOURCE -DCWP_LITTLE_ENDIAN -DSUXDR  -D_BSD_SOURCE -D_POSIX_SOURCE hankel.c
#18 2.425 In file included from /usr/include/x86_64-linux-gnu/bits/libc-header-start.h:33,
#18 2.425                  from /usr/include/stdio.h:27,
#18 2.425                  from /usr/local/cwp_su_all_44R22/include/cwp.h:12,
#18 2.425                  from hankel.c:85:
#18 2.425 /usr/include/features.h:194:3: warning: #warning "_BSD_SOURCE and _SVID_SOURCE are deprecated, use _DEFAULT_SOURCE" [-Wcpp]
#18 2.425   194 | # warning "_BSD_SOURCE and _SVID_SOURCE are deprecated, use _DEFAULT_SOURCE"
#18 2.425       |   ^~~~~~~
#18 2.485 ar rv /usr/local/cwp_su_all_44R22/lib/libcwp.a hankel.o
#18 2.487 a - hankel.o
#18 2.491 rm -f hankel.o
#18 2.493 gcc -c -I/usr/local/cwp_su_all_44R22/include -O  -std=c99 -Wall -pedantic -Wno-long-long  -D_FILE_OFFSET_BITS=64 -D_LARGEFILE64_SOURCE -DCWP_LITTLE_ENDIAN -DSUXDR  -D_BSD_SOURCE -D_POSIX_SOURCE hartley.c
#18 2.500 In file included from /usr/include/x86_64-linux-gnu/bits/libc-header-start.h:33,
#18 2.500                  from /usr/include/stdio.h:27,
#18 2.500                  from /usr/local/cwp_su_all_44R22/include/cwp.h:12,
#18 2.500                  from hartley.c:80:
#18 2.500 /usr/include/features.h:194:3: warning: #warning "_BSD_SOURCE and _SVID_SOURCE are deprecated, use _DEFAULT_SOURCE" [-Wcpp]
#18 2.500   194 | # warning "_BSD_SOURCE and _SVID_SOURCE are deprecated, use _DEFAULT_SOURCE"
#18 2.500       |   ^~~~~~~
#18 2.609 ar rv /usr/local/cwp_su_all_44R22/lib/libcwp.a hartley.o
#18 2.610 a - hartley.o
#18 2.615 rm -f hartley.o
#18 2.617 gcc -c -I/usr/local/cwp_su_all_44R22/include -O  -std=c99 -Wall -pedantic -Wno-long-long  -D_FILE_OFFSET_BITS=64 -D_LARGEFILE64_SOURCE -DCWP_LITTLE_ENDIAN -DSUXDR  -D_BSD_SOURCE -D_POSIX_SOURCE hilbert.c
#18 2.628 In file included from /usr/include/x86_64-linux-gnu/bits/libc-header-start.h:33,
#18 2.628                  from /usr/include/stdio.h:27,
#18 2.628                  from /usr/local/cwp_su_all_44R22/include/cwp.h:12,
#18 2.628                  from hilbert.c:32:
#18 2.628 /usr/include/features.h:194:3: warning: #warning "_BSD_SOURCE and _SVID_SOURCE are deprecated, use _DEFAULT_SOURCE" [-Wcpp]
#18 2.628   194 | # warning "_BSD_SOURCE and _SVID_SOURCE are deprecated, use _DEFAULT_SOURCE"
#18 2.628       |   ^~~~~~~
#18 2.668 ar rv /usr/local/cwp_su_all_44R22/lib/libcwp.a hilbert.o
#18 2.669 a - hilbert.o
#18 2.675 rm -f hilbert.o
#18 2.677 gcc -c -I/usr/local/cwp_su_all_44R22/include -O  -std=c99 -Wall -pedantic -Wno-long-long  -D_FILE_OFFSET_BITS=64 -D_LARGEFILE64_SOURCE -DCWP_LITTLE_ENDIAN -DSUXDR  -D_BSD_SOURCE -D_POSIX_SOURCE holbergd1.c
#18 2.683 In file included from /usr/include/x86_64-linux-gnu/bits/libc-header-start.h:33,
#18 2.683                  from /usr/include/stdio.h:27,
#18 2.683                  from /usr/local/cwp_su_all_44R22/include/cwp.h:12,
#18 2.683                  from holbergd1.c:49:
#18 2.683 /usr/include/features.h:194:3: warning: #warning "_BSD_SOURCE and _SVID_SOURCE are deprecated, use _DEFAULT_SOURCE" [-Wcpp]
#18 2.683   194 | # warning "_BSD_SOURCE and _SVID_SOURCE are deprecated, use _DEFAULT_SOURCE"
#18 2.683       |   ^~~~~~~
#18 2.724 ar rv /usr/local/cwp_su_all_44R22/lib/libcwp.a holbergd1.o
#18 2.727 a - holbergd1.o
#18 2.732 rm -f holbergd1.o
#18 2.734 gcc -c -I/usr/local/cwp_su_all_44R22/include -O  -std=c99 -Wall -pedantic -Wno-long-long  -D_FILE_OFFSET_BITS=64 -D_LARGEFILE64_SOURCE -DCWP_LITTLE_ENDIAN -DSUXDR  -D_BSD_SOURCE -D_POSIX_SOURCE intcub.c
#18 2.746 In file included from /usr/include/x86_64-linux-gnu/bits/libc-header-start.h:33,
#18 2.746                  from /usr/include/stdio.h:27,
#18 2.746                  from /usr/local/cwp_su_all_44R22/include/cwp.h:12,
#18 2.746                  from intcub.c:46:
#18 2.746 /usr/include/features.h:194:3: warning: #warning "_BSD_SOURCE and _SVID_SOURCE are deprecated, use _DEFAULT_SOURCE" [-Wcpp]
#18 2.746   194 | # warning "_BSD_SOURCE and _SVID_SOURCE are deprecated, use _DEFAULT_SOURCE"
#18 2.746       |   ^~~~~~~
#18 2.793 ar rv /usr/local/cwp_su_all_44R22/lib/libcwp.a intcub.o
#18 2.795 a - intcub.o
#18 2.798 rm -f intcub.o
#18 2.800 gcc -c -I/usr/local/cwp_su_all_44R22/include -O  -std=c99 -Wall -pedantic -Wno-long-long  -D_FILE_OFFSET_BITS=64 -D_LARGEFILE64_SOURCE -DCWP_LITTLE_ENDIAN -DSUXDR  -D_BSD_SOURCE -D_POSIX_SOURCE intl2b.c
#18 2.807 In file included from /usr/include/x86_64-linux-gnu/bits/libc-header-start.h:33,
#18 2.807                  from /usr/include/stdio.h:27,
#18 2.807                  from /usr/local/cwp_su_all_44R22/include/cwp.h:12,
#18 2.807                  from intl2b.c:56:
#18 2.807 /usr/include/features.h:194:3: warning: #warning "_BSD_SOURCE and _SVID_SOURCE are deprecated, use _DEFAULT_SOURCE" [-Wcpp]
#18 2.807   194 | # warning "_BSD_SOURCE and _SVID_SOURCE are deprecated, use _DEFAULT_SOURCE"
#18 2.807       |   ^~~~~~~
#18 2.856 ar rv /usr/local/cwp_su_all_44R22/lib/libcwp.a intl2b.o
#18 2.857 a - intl2b.o
#18 2.862 rm -f intl2b.o
#18 2.864 gcc -c -I/usr/local/cwp_su_all_44R22/include -O  -std=c99 -Wall -pedantic -Wno-long-long  -D_FILE_OFFSET_BITS=64 -D_LARGEFILE64_SOURCE -DCWP_LITTLE_ENDIAN -DSUXDR  -D_BSD_SOURCE -D_POSIX_SOURCE intlin.c
#18 2.879 In file included from /usr/include/x86_64-linux-gnu/bits/libc-header-start.h:33,
#18 2.879                  from /usr/include/stdio.h:27,
#18 2.879                  from /usr/local/cwp_su_all_44R22/include/cwp.h:12,
#18 2.879                  from intlin.c:48:
#18 2.879 /usr/include/features.h:194:3: warning: #warning "_BSD_SOURCE and _SVID_SOURCE are deprecated, use _DEFAULT_SOURCE" [-Wcpp]
#18 2.879   194 | # warning "_BSD_SOURCE and _SVID_SOURCE are deprecated, use _DEFAULT_SOURCE"
#18 2.879       |   ^~~~~~~
#18 2.919 ar rv /usr/local/cwp_su_all_44R22/lib/libcwp.a intlin.o
#18 2.922 a - intlin.o
#18 2.926 rm -f intlin.o
#18 2.927 gcc -c -I/usr/local/cwp_su_all_44R22/include -O  -std=c99 -Wall -pedantic -Wno-long-long  -D_FILE_OFFSET_BITS=64 -D_LARGEFILE64_SOURCE -DCWP_LITTLE_ENDIAN -DSUXDR  -D_BSD_SOURCE -D_POSIX_SOURCE intlinc.c
#18 2.934 In file included from /usr/include/x86_64-linux-gnu/bits/libc-header-start.h:33,
#18 2.934                  from /usr/include/stdio.h:27,
#18 2.934                  from /usr/local/cwp_su_all_44R22/include/cwp.h:12,
#18 2.934                  from intlinc.c:44:
#18 2.934 /usr/include/features.h:194:3: warning: #warning "_BSD_SOURCE and _SVID_SOURCE are deprecated, use _DEFAULT_SOURCE" [-Wcpp]
#18 2.934   194 | # warning "_BSD_SOURCE and _SVID_SOURCE are deprecated, use _DEFAULT_SOURCE"
#18 2.934       |   ^~~~~~~
#18 2.979 ar rv /usr/local/cwp_su_all_44R22/lib/libcwp.a intlinc.o
#18 2.980 a - intlinc.o
#18 2.986 rm -f intlinc.o
#18 2.987 gcc -c -I/usr/local/cwp_su_all_44R22/include -O  -std=c99 -Wall -pedantic -Wno-long-long  -D_FILE_OFFSET_BITS=64 -D_LARGEFILE64_SOURCE -DCWP_LITTLE_ENDIAN -DSUXDR  -D_BSD_SOURCE -D_POSIX_SOURCE intlirr2b.c
#18 2.998 In file included from /usr/include/x86_64-linux-gnu/bits/libc-header-start.h:33,
#18 2.998                  from /usr/include/stdio.h:27,
#18 2.998                  from /usr/local/cwp_su_all_44R22/include/cwp.h:12,
#18 2.998                  from intlirr2b.c:56:
#18 2.998 /usr/include/features.h:194:3: warning: #warning "_BSD_SOURCE and _SVID_SOURCE are deprecated, use _DEFAULT_SOURCE" [-Wcpp]
#18 2.998   194 | # warning "_BSD_SOURCE and _SVID_SOURCE are deprecated, use _DEFAULT_SOURCE"
#18 2.998       |   ^~~~~~~
#18 3.061 ar rv /usr/local/cwp_su_all_44R22/lib/libcwp.a intlirr2b.o
#18 3.063 a - intlirr2b.o
#18 3.067 rm -f intlirr2b.o
#18 3.069 gcc -c -I/usr/local/cwp_su_all_44R22/include -O  -std=c99 -Wall -pedantic -Wno-long-long  -D_FILE_OFFSET_BITS=64 -D_LARGEFILE64_SOURCE -DCWP_LITTLE_ENDIAN -DSUXDR  -D_BSD_SOURCE -D_POSIX_SOURCE intsinc8.c
#18 3.076 In file included from /usr/include/x86_64-linux-gnu/bits/libc-header-start.h:33,
#18 3.076                  from /usr/include/stdio.h:27,
#18 3.076                  from /usr/local/cwp_su_all_44R22/include/cwp.h:12,
#18 3.076                  from intsinc8.c:50:
#18 3.076 /usr/include/features.h:194:3: warning: #warning "_BSD_SOURCE and _SVID_SOURCE are deprecated, use _DEFAULT_SOURCE" [-Wcpp]
#18 3.076   194 | # warning "_BSD_SOURCE and _SVID_SOURCE are deprecated, use _DEFAULT_SOURCE"
#18 3.076       |   ^~~~~~~
#18 3.128 ar rv /usr/local/cwp_su_all_44R22/lib/libcwp.a intsinc8.o
#18 3.129 a - intsinc8.o
#18 3.135 rm -f intsinc8.o
#18 3.137 gcc -c -I/usr/local/cwp_su_all_44R22/include -O  -std=c99 -Wall -pedantic -Wno-long-long  -D_FILE_OFFSET_BITS=64 -D_LARGEFILE64_SOURCE -DCWP_LITTLE_ENDIAN -DSUXDR  -D_BSD_SOURCE -D_POSIX_SOURCE inttable8.c
#18 3.155 In file included from /usr/include/x86_64-linux-gnu/bits/libc-header-start.h:33,
#18 3.155                  from /usr/include/stdio.h:27,
#18 3.155                  from /usr/local/cwp_su_all_44R22/include/cwp.h:12,
#18 3.155                  from inttable8.c:72:
#18 3.155 /usr/include/features.h:194:3: warning: #warning "_BSD_SOURCE and _SVID_SOURCE are deprecated, use _DEFAULT_SOURCE" [-Wcpp]
#18 3.155   194 | # warning "_BSD_SOURCE and _SVID_SOURCE are deprecated, use _DEFAULT_SOURCE"
#18 3.155       |   ^~~~~~~
#18 3.217 ar rv /usr/local/cwp_su_all_44R22/lib/libcwp.a inttable8.o
#18 3.218 a - inttable8.o
#18 3.226 rm -f inttable8.o
#18 3.227 gcc -c -I/usr/local/cwp_su_all_44R22/include -O  -std=c99 -Wall -pedantic -Wno-long-long  -D_FILE_OFFSET_BITS=64 -D_LARGEFILE64_SOURCE -DCWP_LITTLE_ENDIAN -DSUXDR  -D_BSD_SOURCE -D_POSIX_SOURCE linfit.c
#18 3.237 In file included from /usr/include/x86_64-linux-gnu/bits/libc-header-start.h:33,
#18 3.237                  from /usr/include/stdio.h:27,
#18 3.237                  from /usr/local/cwp_su_all_44R22/include/cwp.h:12,
#18 3.237                  from linfit.c:5:
#18 3.237 /usr/include/features.h:194:3: warning: #warning "_BSD_SOURCE and _SVID_SOURCE are deprecated, use _DEFAULT_SOURCE" [-Wcpp]
#18 3.237   194 | # warning "_BSD_SOURCE and _SVID_SOURCE are deprecated, use _DEFAULT_SOURCE"
#18 3.237       |   ^~~~~~~
#18 3.306 ar rv /usr/local/cwp_su_all_44R22/lib/libcwp.a linfit.o
#18 3.308 a - linfit.o
#18 3.312 rm -f linfit.o
#18 3.314 gcc -c -I/usr/local/cwp_su_all_44R22/include -O  -std=c99 -Wall -pedantic -Wno-long-long  -D_FILE_OFFSET_BITS=64 -D_LARGEFILE64_SOURCE -DCWP_LITTLE_ENDIAN -DSUXDR  -D_BSD_SOURCE -D_POSIX_SOURCE linregress.c
#18 3.321 In file included from /usr/include/x86_64-linux-gnu/bits/libc-header-start.h:33,
#18 3.321                  from /usr/include/stdio.h:27,
#18 3.321                  from /usr/local/cwp_su_all_44R22/include/cwp.h:12,
#18 3.321                  from linregress.c:4:
#18 3.321 /usr/include/features.h:194:3: warning: #warning "_BSD_SOURCE and _SVID_SOURCE are deprecated, use _DEFAULT_SOURCE" [-Wcpp]
#18 3.321   194 | # warning "_BSD_SOURCE and _SVID_SOURCE are deprecated, use _DEFAULT_SOURCE"
#18 3.321       |   ^~~~~~~
#18 3.358 ar rv /usr/local/cwp_su_all_44R22/lib/libcwp.a linregress.o
#18 3.360 a - linregress.o
#18 3.365 rm -f linregress.o
#18 3.369 gcc -c -I/usr/local/cwp_su_all_44R22/include -O  -std=c99 -Wall -pedantic -Wno-long-long  -D_FILE_OFFSET_BITS=64 -D_LARGEFILE64_SOURCE -DCWP_LITTLE_ENDIAN -DSUXDR  -D_BSD_SOURCE -D_POSIX_SOURCE maxmin.c
#18 3.379 In file included from /usr/include/x86_64-linux-gnu/bits/libc-header-start.h:33,
#18 3.379                  from /usr/include/stdio.h:27,
#18 3.379                  from /usr/local/cwp_su_all_44R22/include/cwp.h:12,
#18 3.379                  from maxmin.c:19:
#18 3.379 /usr/include/features.h:194:3: warning: #warning "_BSD_SOURCE and _SVID_SOURCE are deprecated, use _DEFAULT_SOURCE" [-Wcpp]
#18 3.379   194 | # warning "_BSD_SOURCE and _SVID_SOURCE are deprecated, use _DEFAULT_SOURCE"
#18 3.379       |   ^~~~~~~
#18 3.427 ar rv /usr/local/cwp_su_all_44R22/lib/libcwp.a maxmin.o
#18 3.429 a - maxmin.o
#18 3.434 rm -f maxmin.o
#18 3.436 gcc -c -I/usr/local/cwp_su_all_44R22/include -O  -std=c99 -Wall -pedantic -Wno-long-long  -D_FILE_OFFSET_BITS=64 -D_LARGEFILE64_SOURCE -DCWP_LITTLE_ENDIAN -DSUXDR  -D_BSD_SOURCE -D_POSIX_SOURCE mkdiff.c
#18 3.444 In file included from /usr/include/x86_64-linux-gnu/bits/libc-header-start.h:33,
#18 3.444                  from /usr/include/stdio.h:27,
#18 3.444                  from /usr/local/cwp_su_all_44R22/include/cwp.h:12,
#18 3.444                  from mkdiff.c:49:
#18 3.444 /usr/include/features.h:194:3: warning: #warning "_BSD_SOURCE and _SVID_SOURCE are deprecated, use _DEFAULT_SOURCE" [-Wcpp]
#18 3.444   194 | # warning "_BSD_SOURCE and _SVID_SOURCE are deprecated, use _DEFAULT_SOURCE"
#18 3.444       |   ^~~~~~~
#18 3.479 ar rv /usr/local/cwp_su_all_44R22/lib/libcwp.a mkdiff.o
#18 3.481 a - mkdiff.o
#18 3.489 rm -f mkdiff.o
#18 3.494 gcc -c -I/usr/local/cwp_su_all_44R22/include -O  -std=c99 -Wall -pedantic -Wno-long-long  -D_FILE_OFFSET_BITS=64 -D_LARGEFILE64_SOURCE -DCWP_LITTLE_ENDIAN -DSUXDR  -D_BSD_SOURCE -D_POSIX_SOURCE mkhdiff.c
#18 3.499 In file included from /usr/include/x86_64-linux-gnu/bits/libc-header-start.h:33,
#18 3.499                  from /usr/include/stdio.h:27,
#18 3.499                  from /usr/local/cwp_su_all_44R22/include/cwp.h:12,
#18 3.499                  from mkhdiff.c:55:
#18 3.499 /usr/include/features.h:194:3: warning: #warning "_BSD_SOURCE and _SVID_SOURCE are deprecated, use _DEFAULT_SOURCE" [-Wcpp]
#18 3.499   194 | # warning "_BSD_SOURCE and _SVID_SOURCE are deprecated, use _DEFAULT_SOURCE"
#18 3.499       |   ^~~~~~~
#18 3.546 ar rv /usr/local/cwp_su_all_44R22/lib/libcwp.a mkhdiff.o
#18 3.547 a - mkhdiff.o
#18 3.553 rm -f mkhdiff.o
#18 3.556 gcc -c -I/usr/local/cwp_su_all_44R22/include -O  -std=c99 -Wall -pedantic -Wno-long-long  -D_FILE_OFFSET_BITS=64 -D_LARGEFILE64_SOURCE -DCWP_LITTLE_ENDIAN -DSUXDR  -D_BSD_SOURCE -D_POSIX_SOURCE mksinc.c
#18 3.562 In file included from /usr/include/x86_64-linux-gnu/bits/libc-header-start.h:33,
#18 3.562                  from /usr/include/stdio.h:27,
#18 3.562                  from /usr/local/cwp_su_all_44R22/include/cwp.h:12,
#18 3.562                  from mksinc.c:49:
#18 3.562 /usr/include/features.h:194:3: warning: #warning "_BSD_SOURCE and _SVID_SOURCE are deprecated, use _DEFAULT_SOURCE" [-Wcpp]
#18 3.562   194 | # warning "_BSD_SOURCE and _SVID_SOURCE are deprecated, use _DEFAULT_SOURCE"
#18 3.562       |   ^~~~~~~
#18 3.598 ar rv /usr/local/cwp_su_all_44R22/lib/libcwp.a mksinc.o
#18 3.599 a - mksinc.o
#18 3.606 rm -f mksinc.o
#18 3.609 gcc -c -I/usr/local/cwp_su_all_44R22/include -O  -std=c99 -Wall -pedantic -Wno-long-long  -D_FILE_OFFSET_BITS=64 -D_LARGEFILE64_SOURCE -DCWP_LITTLE_ENDIAN -DSUXDR  -D_BSD_SOURCE -D_POSIX_SOURCE mnewt.c
#18 3.620 In file included from /usr/include/x86_64-linux-gnu/bits/libc-header-start.h:33,
#18 3.620                  from /usr/include/stdio.h:27,
#18 3.620                  from /usr/local/cwp_su_all_44R22/include/cwp.h:12,
#18 3.620                  from mnewt.c:45:
#18 3.620 /usr/include/features.h:194:3: warning: #warning "_BSD_SOURCE and _SVID_SOURCE are deprecated, use _DEFAULT_SOURCE" [-Wcpp]
#18 3.620   194 | # warning "_BSD_SOURCE and _SVID_SOURCE are deprecated, use _DEFAULT_SOURCE"
#18 3.620       |   ^~~~~~~
#18 3.667 ar rv /usr/local/cwp_su_all_44R22/lib/libcwp.a mnewt.o
#18 3.669 a - mnewt.o
#18 3.675 rm -f mnewt.o
#18 3.677 gcc -c -I/usr/local/cwp_su_all_44R22/include -O  -std=c99 -Wall -pedantic -Wno-long-long  -D_FILE_OFFSET_BITS=64 -D_LARGEFILE64_SOURCE -DCWP_LITTLE_ENDIAN -DSUXDR  -D_BSD_SOURCE -D_POSIX_SOURCE pfafft.c
#18 3.684 In file included from /usr/include/x86_64-linux-gnu/bits/libc-header-start.h:33,
#18 3.684                  from /usr/include/stdio.h:27,
#18 3.684                  from /usr/local/cwp_su_all_44R22/include/cwp.h:12,
#18 3.684                  from pfafft.c:270:
#18 3.684 /usr/include/features.h:194:3: warning: #warning "_BSD_SOURCE and _SVID_SOURCE are deprecated, use _DEFAULT_SOURCE" [-Wcpp]
#18 3.684   194 | # warning "_BSD_SOURCE and _SVID_SOURCE are deprecated, use _DEFAULT_SOURCE"
#18 3.684       |   ^~~~~~~
#18 4.236 ar rv /usr/local/cwp_su_all_44R22/lib/libcwp.a pfafft.o
#18 4.237 a - pfafft.o
#18 4.243 rm -f pfafft.o
#18 4.245 gcc -c -I/usr/local/cwp_su_all_44R22/include -O  -std=c99 -Wall -pedantic -Wno-long-long  -D_FILE_OFFSET_BITS=64 -D_LARGEFILE64_SOURCE -DCWP_LITTLE_ENDIAN -DSUXDR  -D_BSD_SOURCE -D_POSIX_SOURCE dpfafft.c
#18 4.254 In file included from /usr/include/x86_64-linux-gnu/bits/libc-header-start.h:33,
#18 4.254                  from /usr/include/stdio.h:27,
#18 4.254                  from /usr/local/cwp_su_all_44R22/include/cwp.h:12,
#18 4.254                  from dpfafft.c:271:
#18 4.254 /usr/include/features.h:194:3: warning: #warning "_BSD_SOURCE and _SVID_SOURCE are deprecated, use _DEFAULT_SOURCE" [-Wcpp]
#18 4.254   194 | # warning "_BSD_SOURCE and _SVID_SOURCE are deprecated, use _DEFAULT_SOURCE"
#18 4.254       |   ^~~~~~~
#18 4.815 ar rv /usr/local/cwp_su_all_44R22/lib/libcwp.a dpfafft.o
#18 4.816 a - dpfafft.o
#18 4.823 rm -f dpfafft.o
#18 4.826 gcc -c -I/usr/local/cwp_su_all_44R22/include -O  -std=c99 -Wall -pedantic -Wno-long-long  -D_FILE_OFFSET_BITS=64 -D_LARGEFILE64_SOURCE -DCWP_LITTLE_ENDIAN -DSUXDR  -D_BSD_SOURCE -D_POSIX_SOURCE orthpolynomials.c
#18 4.833 In file included from /usr/include/x86_64-linux-gnu/bits/libc-header-start.h:33,
#18 4.833                  from /usr/include/stdio.h:27,
#18 4.833                  from /usr/local/cwp_su_all_44R22/include/cwp.h:12,
#18 4.833                  from orthpolynomials.c:37:
#18 4.833 /usr/include/features.h:194:3: warning: #warning "_BSD_SOURCE and _SVID_SOURCE are deprecated, use _DEFAULT_SOURCE" [-Wcpp]
#18 4.833   194 | # warning "_BSD_SOURCE and _SVID_SOURCE are deprecated, use _DEFAULT_SOURCE"
#18 4.833       |   ^~~~~~~
#18 4.882 ar rv /usr/local/cwp_su_all_44R22/lib/libcwp.a orthpolynomials.o
#18 4.883 a - orthpolynomials.o
#18 4.889 rm -f orthpolynomials.o
#18 4.890 gcc -c -I/usr/local/cwp_su_all_44R22/include -O  -std=c99 -Wall -pedantic -Wno-long-long  -D_FILE_OFFSET_BITS=64 -D_LARGEFILE64_SOURCE -DCWP_LITTLE_ENDIAN -DSUXDR  -D_BSD_SOURCE -D_POSIX_SOURCE polar.c
#18 4.900 In file included from /usr/include/x86_64-linux-gnu/bits/libc-header-start.h:33,
#18 4.900                  from /usr/include/stdio.h:27,
#18 4.900                  from /usr/local/cwp_su_all_44R22/include/cwp.h:12,
#18 4.900                  from polar.c:79:
#18 4.900 /usr/include/features.h:194:3: warning: #warning "_BSD_SOURCE and _SVID_SOURCE are deprecated, use _DEFAULT_SOURCE" [-Wcpp]
#18 4.900   194 | # warning "_BSD_SOURCE and _SVID_SOURCE are deprecated, use _DEFAULT_SOURCE"
#18 4.900       |   ^~~~~~~
#18 4.946 ar rv /usr/local/cwp_su_all_44R22/lib/libcwp.a polar.o
#18 4.947 a - polar.o
#18 4.959 rm -f polar.o
#18 4.962 gcc -c -I/usr/local/cwp_su_all_44R22/include -O  -std=c99 -Wall -pedantic -Wno-long-long  -D_FILE_OFFSET_BITS=64 -D_LARGEFILE64_SOURCE -DCWP_LITTLE_ENDIAN -DSUXDR  -D_BSD_SOURCE -D_POSIX_SOURCE printerplot.c
#18 4.968 In file included from /usr/include/x86_64-linux-gnu/bits/libc-header-start.h:33,
#18 4.968                  from /usr/include/stdio.h:27,
#18 4.968                  from /usr/local/cwp_su_all_44R22/include/cwp.h:12,
#18 4.968                  from printerplot.c:42:
#18 4.968 /usr/include/features.h:194:3: warning: #warning "_BSD_SOURCE and _SVID_SOURCE are deprecated, use _DEFAULT_SOURCE" [-Wcpp]
#18 4.968   194 | # warning "_BSD_SOURCE and _SVID_SOURCE are deprecated, use _DEFAULT_SOURCE"
#18 4.968       |   ^~~~~~~
#18 5.025 ar rv /usr/local/cwp_su_all_44R22/lib/libcwp.a printerplot.o
#18 5.026 a - printerplot.o
#18 5.032 rm -f printerplot.o
#18 5.034 gcc -c -I/usr/local/cwp_su_all_44R22/include -O  -std=c99 -Wall -pedantic -Wno-long-long  -D_FILE_OFFSET_BITS=64 -D_LARGEFILE64_SOURCE -DCWP_LITTLE_ENDIAN -DSUXDR  -D_BSD_SOURCE -D_POSIX_SOURCE quest.c
#18 5.044 In file included from /usr/include/x86_64-linux-gnu/bits/libc-header-start.h:33,
#18 5.044                  from /usr/include/stdio.h:27,
#18 5.044                  from /usr/local/cwp_su_all_44R22/include/cwp.h:12,
#18 5.044                  from quest.c:82:
#18 5.044 /usr/include/features.h:194:3: warning: #warning "_BSD_SOURCE and _SVID_SOURCE are deprecated, use _DEFAULT_SOURCE" [-Wcpp]
#18 5.044   194 | # warning "_BSD_SOURCE and _SVID_SOURCE are deprecated, use _DEFAULT_SOURCE"
#18 5.044       |   ^~~~~~~
#18 5.110 ar rv /usr/local/cwp_su_all_44R22/lib/libcwp.a quest.o
#18 5.111 a - quest.o
#18 5.120 rm -f quest.o
#18 5.123 gcc -c -I/usr/local/cwp_su_all_44R22/include -O  -std=c99 -Wall -pedantic -Wno-long-long  -D_FILE_OFFSET_BITS=64 -D_LARGEFILE64_SOURCE -DCWP_LITTLE_ENDIAN -DSUXDR  -D_BSD_SOURCE -D_POSIX_SOURCE ressinc8.c
#18 5.130 In file included from /usr/include/x86_64-linux-gnu/bits/libc-header-start.h:33,
#18 5.130                  from /usr/include/stdio.h:27,
#18 5.130                  from /usr/local/cwp_su_all_44R22/include/cwp.h:12,
#18 5.130                  from ressinc8.c:51:
#18 5.130 /usr/include/features.h:194:3: warning: #warning "_BSD_SOURCE and _SVID_SOURCE are deprecated, use _DEFAULT_SOURCE" [-Wcpp]
#18 5.130   194 | # warning "_BSD_SOURCE and _SVID_SOURCE are deprecated, use _DEFAULT_SOURCE"
#18 5.130       |   ^~~~~~~
#18 5.183 ar rv /usr/local/cwp_su_all_44R22/lib/libcwp.a ressinc8.o
#18 5.185 a - ressinc8.o
#18 5.193 rm -f ressinc8.o
#18 5.195 gcc -c -I/usr/local/cwp_su_all_44R22/include -O  -std=c99 -Wall -pedantic -Wno-long-long  -D_FILE_OFFSET_BITS=64 -D_LARGEFILE64_SOURCE -DCWP_LITTLE_ENDIAN -DSUXDR  -D_BSD_SOURCE -D_POSIX_SOURCE rfwtva.c
#18 5.208 In file included from /usr/include/x86_64-linux-gnu/bits/libc-header-start.h:33,
#18 5.208                  from /usr/include/stdio.h:27,
#18 5.208                  from /usr/local/cwp_su_all_44R22/include/cwp.h:12,
#18 5.208                  from rfwtva.c:66:
#18 5.208 /usr/include/features.h:194:3: warning: #warning "_BSD_SOURCE and _SVID_SOURCE are deprecated, use _DEFAULT_SOURCE" [-Wcpp]
#18 5.208   194 | # warning "_BSD_SOURCE and _SVID_SOURCE are deprecated, use _DEFAULT_SOURCE"
#18 5.208       |   ^~~~~~~
#18 5.283 ar rv /usr/local/cwp_su_all_44R22/lib/libcwp.a rfwtva.o
#18 5.288 a - rfwtva.o
#18 5.299 rm -f rfwtva.o
#18 5.301 gcc -c -I/usr/local/cwp_su_all_44R22/include -O  -std=c99 -Wall -pedantic -Wno-long-long  -D_FILE_OFFSET_BITS=64 -D_LARGEFILE64_SOURCE -DCWP_LITTLE_ENDIAN -DSUXDR  -D_BSD_SOURCE -D_POSIX_SOURCE rfwtvaint.c
#18 5.310 In file included from /usr/include/x86_64-linux-gnu/bits/libc-header-start.h:33,
#18 5.310                  from /usr/include/stdio.h:27,
#18 5.310                  from /usr/local/cwp_su_all_44R22/include/cwp.h:12,
#18 5.310                  from rfwtvaint.c:72:
#18 5.310 /usr/include/features.h:194:3: warning: #warning "_BSD_SOURCE and _SVID_SOURCE are deprecated, use _DEFAULT_SOURCE" [-Wcpp]
#18 5.310   194 | # warning "_BSD_SOURCE and _SVID_SOURCE are deprecated, use _DEFAULT_SOURCE"
#18 5.310       |   ^~~~~~~
#18 5.366 ar rv /usr/local/cwp_su_all_44R22/lib/libcwp.a rfwtvaint.o
#18 5.368 a - rfwtvaint.o
#18 5.375 rm -f rfwtvaint.o
#18 5.377 gcc -c -I/usr/local/cwp_su_all_44R22/include -O  -std=c99 -Wall -pedantic -Wno-long-long  -D_FILE_OFFSET_BITS=64 -D_LARGEFILE64_SOURCE -DCWP_LITTLE_ENDIAN -DSUXDR  -D_BSD_SOURCE -D_POSIX_SOURCE sblas.c
#18 5.385 In file included from /usr/include/x86_64-linux-gnu/bits/libc-header-start.h:33,
#18 5.385                  from /usr/include/stdio.h:27,
#18 5.385                  from /usr/local/cwp_su_all_44R22/include/cwp.h:12,
#18 5.385                  from sblas.c:127:
#18 5.385 /usr/include/features.h:194:3: warning: #warning "_BSD_SOURCE and _SVID_SOURCE are deprecated, use _DEFAULT_SOURCE" [-Wcpp]
#18 5.385   194 | # warning "_BSD_SOURCE and _SVID_SOURCE are deprecated, use _DEFAULT_SOURCE"
#18 5.385       |   ^~~~~~~
#18 5.481 ar rv /usr/local/cwp_su_all_44R22/lib/libcwp.a sblas.o
#18 5.482 a - sblas.o
#18 5.490 rm -f sblas.o
#18 5.494 gcc -c -I/usr/local/cwp_su_all_44R22/include -O  -std=c99 -Wall -pedantic -Wno-long-long  -D_FILE_OFFSET_BITS=64 -D_LARGEFILE64_SOURCE -DCWP_LITTLE_ENDIAN -DSUXDR  -D_BSD_SOURCE -D_POSIX_SOURCE scaxis.c
#18 5.506 In file included from /usr/include/x86_64-linux-gnu/bits/libc-header-start.h:33,
#18 5.506                  from /usr/include/stdio.h:27,
#18 5.506                  from /usr/local/cwp_su_all_44R22/include/cwp.h:12,
#18 5.506                  from scaxis.c:40:
#18 5.506 /usr/include/features.h:194:3: warning: #warning "_BSD_SOURCE and _SVID_SOURCE are deprecated, use _DEFAULT_SOURCE" [-Wcpp]
#18 5.506   194 | # warning "_BSD_SOURCE and _SVID_SOURCE are deprecated, use _DEFAULT_SOURCE"
#18 5.506       |   ^~~~~~~
#18 5.551 ar rv /usr/local/cwp_su_all_44R22/lib/libcwp.a scaxis.o
#18 5.553 a - scaxis.o
#18 5.559 rm -f scaxis.o
#18 5.561 gcc -c -I/usr/local/cwp_su_all_44R22/include -O  -std=c99 -Wall -pedantic -Wno-long-long  -D_FILE_OFFSET_BITS=64 -D_LARGEFILE64_SOURCE -DCWP_LITTLE_ENDIAN -DSUXDR  -D_BSD_SOURCE -D_POSIX_SOURCE sge.c
#18 5.568 In file included from /usr/include/x86_64-linux-gnu/bits/libc-header-start.h:33,
#18 5.568                  from /usr/include/stdio.h:27,
#18 5.568                  from /usr/local/cwp_su_all_44R22/include/cwp.h:12,
#18 5.568                  from sge.c:93:
#18 5.568 /usr/include/features.h:194:3: warning: #warning "_BSD_SOURCE and _SVID_SOURCE are deprecated, use _DEFAULT_SOURCE" [-Wcpp]
#18 5.568   194 | # warning "_BSD_SOURCE and _SVID_SOURCE are deprecated, use _DEFAULT_SOURCE"
#18 5.568       |   ^~~~~~~
#18 5.646 ar rv /usr/local/cwp_su_all_44R22/lib/libcwp.a sge.o
#18 5.648 a - sge.o
#18 5.657 rm -f sge.o
#18 5.661 gcc -c -I/usr/local/cwp_su_all_44R22/include -O  -std=c99 -Wall -pedantic -Wno-long-long  -D_FILE_OFFSET_BITS=64 -D_LARGEFILE64_SOURCE -DCWP_LITTLE_ENDIAN -DSUXDR  -D_BSD_SOURCE -D_POSIX_SOURCE svd.c
#18 5.667 In file included from /usr/include/x86_64-linux-gnu/bits/libc-header-start.h:33,
#18 5.667                  from /usr/include/stdio.h:27,
#18 5.667                  from /usr/local/cwp_su_all_44R22/include/cwp.h:12,
#18 5.667                  from svd.c:35:
#18 5.667 /usr/include/features.h:194:3: warning: #warning "_BSD_SOURCE and _SVID_SOURCE are deprecated, use _DEFAULT_SOURCE" [-Wcpp]
#18 5.667   194 | # warning "_BSD_SOURCE and _SVID_SOURCE are deprecated, use _DEFAULT_SOURCE"
#18 5.667       |   ^~~~~~~
#18 5.754 svd.c: In function 'compute_svd':
#18 5.754 svd.c:262:73: warning: 'nm' may be used uninitialized in this function [-Wmaybe-uninitialized]
#18 5.754   262 |                                                         y = (double)a[j][nm];
#18 5.754       |                                                                         ^
#18 5.817 ar rv /usr/local/cwp_su_all_44R22/lib/libcwp.a svd.o
#18 5.819 a - svd.o
#18 5.826 rm -f svd.o
#18 5.828 gcc -c -I/usr/local/cwp_su_all_44R22/include -O  -std=c99 -Wall -pedantic -Wno-long-long  -D_FILE_OFFSET_BITS=64 -D_LARGEFILE64_SOURCE -DCWP_LITTLE_ENDIAN -DSUXDR  -D_BSD_SOURCE -D_POSIX_SOURCE shfs8r.c
#18 5.835 In file included from /usr/include/x86_64-linux-gnu/bits/libc-header-start.h:33,
#18 5.835                  from /usr/include/stdio.h:27,
#18 5.835                  from /usr/local/cwp_su_all_44R22/include/cwp.h:12,
#18 5.835                  from shfs8r.c:47:
#18 5.835 /usr/include/features.h:194:3: warning: #warning "_BSD_SOURCE and _SVID_SOURCE are deprecated, use _DEFAULT_SOURCE" [-Wcpp]
#18 5.835   194 | # warning "_BSD_SOURCE and _SVID_SOURCE are deprecated, use _DEFAULT_SOURCE"
#18 5.835       |   ^~~~~~~
#18 5.876 ar rv /usr/local/cwp_su_all_44R22/lib/libcwp.a shfs8r.o
#18 5.878 a - shfs8r.o
#18 5.889 rm -f shfs8r.o
#18 5.892 gcc -c -I/usr/local/cwp_su_all_44R22/include -O  -std=c99 -Wall -pedantic -Wno-long-long  -D_FILE_OFFSET_BITS=64 -D_LARGEFILE64_SOURCE -DCWP_LITTLE_ENDIAN -DSUXDR  -D_BSD_SOURCE -D_POSIX_SOURCE sinc.c
#18 5.900 In file included from /usr/include/x86_64-linux-gnu/bits/libc-header-start.h:33,
#18 5.900                  from /usr/include/stdio.h:27,
#18 5.900                  from /usr/local/cwp_su_all_44R22/include/cwp.h:12,
#18 5.900                  from sinc.c:31:
#18 5.900 /usr/include/features.h:194:3: warning: #warning "_BSD_SOURCE and _SVID_SOURCE are deprecated, use _DEFAULT_SOURCE" [-Wcpp]
#18 5.900   194 | # warning "_BSD_SOURCE and _SVID_SOURCE are deprecated, use _DEFAULT_SOURCE"
#18 5.900       |   ^~~~~~~
#18 5.939 ar rv /usr/local/cwp_su_all_44R22/lib/libcwp.a sinc.o
#18 5.941 a - sinc.o
#18 5.948 rm -f sinc.o
#18 5.949 gcc -c -I/usr/local/cwp_su_all_44R22/include -O  -std=c99 -Wall -pedantic -Wno-long-long  -D_FILE_OFFSET_BITS=64 -D_LARGEFILE64_SOURCE -DCWP_LITTLE_ENDIAN -DSUXDR  -D_BSD_SOURCE -D_POSIX_SOURCE sort.c
#18 5.958 In file included from /usr/include/x86_64-linux-gnu/bits/libc-header-start.h:33,
#18 5.958                  from /usr/include/stdio.h:27,
#18 5.958                  from /usr/local/cwp_su_all_44R22/include/cwp.h:12,
#18 5.958                  from sort.c:128:
#18 5.958 /usr/include/features.h:194:3: warning: #warning "_BSD_SOURCE and _SVID_SOURCE are deprecated, use _DEFAULT_SOURCE" [-Wcpp]
#18 5.958   194 | # warning "_BSD_SOURCE and _SVID_SOURCE are deprecated, use _DEFAULT_SOURCE"
#18 5.958       |   ^~~~~~~
#18 6.029 ar rv /usr/local/cwp_su_all_44R22/lib/libcwp.a sort.o
#18 6.031 a - sort.o
#18 6.047 rm -f sort.o
#18 6.049 gcc -c -I/usr/local/cwp_su_all_44R22/include -O  -std=c99 -Wall -pedantic -Wno-long-long  -D_FILE_OFFSET_BITS=64 -D_LARGEFILE64_SOURCE -DCWP_LITTLE_ENDIAN -DSUXDR  -D_BSD_SOURCE -D_POSIX_SOURCE sqr.c
#18 6.061 In file included from /usr/include/x86_64-linux-gnu/bits/libc-header-start.h:33,
#18 6.061                  from /usr/include/stdio.h:27,
#18 6.061                  from /usr/local/cwp_su_all_44R22/include/cwp.h:12,
#18 6.061                  from sqr.c:216:
#18 6.061 /usr/include/features.h:194:3: warning: #warning "_BSD_SOURCE and _SVID_SOURCE are deprecated, use _DEFAULT_SOURCE" [-Wcpp]
#18 6.061   194 | # warning "_BSD_SOURCE and _SVID_SOURCE are deprecated, use _DEFAULT_SOURCE"
#18 6.061       |   ^~~~~~~
#18 6.163 ar rv /usr/local/cwp_su_all_44R22/lib/libcwp.a sqr.o
#18 6.164 a - sqr.o
#18 6.177 rm -f sqr.o
#18 6.181 gcc -c -I/usr/local/cwp_su_all_44R22/include -O  -std=c99 -Wall -pedantic -Wno-long-long  -D_FILE_OFFSET_BITS=64 -D_LARGEFILE64_SOURCE -DCWP_LITTLE_ENDIAN -DSUXDR  -D_BSD_SOURCE -D_POSIX_SOURCE stoep.c
#18 6.188 In file included from /usr/include/x86_64-linux-gnu/bits/libc-header-start.h:33,
#18 6.188                  from /usr/include/stdio.h:27,
#18 6.188                  from /usr/local/cwp_su_all_44R22/include/cwp.h:12,
#18 6.188                  from stoep.c:40:
#18 6.188 /usr/include/features.h:194:3: warning: #warning "_BSD_SOURCE and _SVID_SOURCE are deprecated, use _DEFAULT_SOURCE" [-Wcpp]
#18 6.188   194 | # warning "_BSD_SOURCE and _SVID_SOURCE are deprecated, use _DEFAULT_SOURCE"
#18 6.188       |   ^~~~~~~
#18 6.248 ar rv /usr/local/cwp_su_all_44R22/lib/libcwp.a stoep.o
#18 6.250 a - stoep.o
#18 6.261 rm -f stoep.o
#18 6.263 gcc -c -I/usr/local/cwp_su_all_44R22/include -O  -std=c99 -Wall -pedantic -Wno-long-long  -D_FILE_OFFSET_BITS=64 -D_LARGEFILE64_SOURCE -DCWP_LITTLE_ENDIAN -DSUXDR  -D_BSD_SOURCE -D_POSIX_SOURCE strstuff.c
#18 6.270 In file included from /usr/include/x86_64-linux-gnu/bits/libc-header-start.h:33,
#18 6.270                  from /usr/include/stdio.h:27,
#18 6.270                  from /usr/local/cwp_su_all_44R22/include/cwp.h:12,
#18 6.270                  from strstuff.c:4:
#18 6.270 /usr/include/features.h:194:3: warning: #warning "_BSD_SOURCE and _SVID_SOURCE are deprecated, use _DEFAULT_SOURCE" [-Wcpp]
#18 6.270   194 | # warning "_BSD_SOURCE and _SVID_SOURCE are deprecated, use _DEFAULT_SOURCE"
#18 6.270       |   ^~~~~~~
#18 6.309 strstuff.c: In function 'cwp_strrev':
#18 6.309 strstuff.c:103:20: warning: comparison between pointer and zero character constant [-Wpointer-compare]
#18 6.309   103 |         if (revstr != '\0') {
#18 6.309       |                    ^~
#18 6.309 strstuff.c:103:13: note: did you mean to dereference the pointer?
#18 6.309   103 |         if (revstr != '\0') {
#18 6.309       |             ^
#18 6.329 ar rv /usr/local/cwp_su_all_44R22/lib/libcwp.a strstuff.o
#18 6.331 a - strstuff.o
#18 6.340 rm -f strstuff.o
#18 6.341 gcc -c -I/usr/local/cwp_su_all_44R22/include -O  -std=c99 -Wall -pedantic -Wno-long-long  -D_FILE_OFFSET_BITS=64 -D_LARGEFILE64_SOURCE -DCWP_LITTLE_ENDIAN -DSUXDR  -D_BSD_SOURCE -D_POSIX_SOURCE swapbyte.c
#18 6.348 In file included from /usr/include/x86_64-linux-gnu/bits/libc-header-start.h:33,
#18 6.348                  from /usr/include/stdio.h:27,
#18 6.348                  from /usr/local/cwp_su_all_44R22/include/cwp.h:12,
#18 6.348                  from swapbyte.c:47:
#18 6.348 /usr/include/features.h:194:3: warning: #warning "_BSD_SOURCE and _SVID_SOURCE are deprecated, use _DEFAULT_SOURCE" [-Wcpp]
#18 6.348   194 | # warning "_BSD_SOURCE and _SVID_SOURCE are deprecated, use _DEFAULT_SOURCE"
#18 6.348       |   ^~~~~~~
#18 6.385 ar rv /usr/local/cwp_su_all_44R22/lib/libcwp.a swapbyte.o
#18 6.388 a - swapbyte.o
#18 6.401 rm -f swapbyte.o
#18 6.403 gcc -c -I/usr/local/cwp_su_all_44R22/include -O  -std=c99 -Wall -pedantic -Wno-long-long  -D_FILE_OFFSET_BITS=64 -D_LARGEFILE64_SOURCE -DCWP_LITTLE_ENDIAN -DSUXDR  -D_BSD_SOURCE -D_POSIX_SOURCE symmeigen.c
#18 6.411 In file included from /usr/include/x86_64-linux-gnu/bits/libc-header-start.h:33,
#18 6.411                  from /usr/include/stdio.h:27,
#18 6.411                  from /usr/local/cwp_su_all_44R22/include/cwp.h:12,
#18 6.411                  from symmeigen.c:4:
#18 6.411 /usr/include/features.h:194:3: warning: #warning "_BSD_SOURCE and _SVID_SOURCE are deprecated, use _DEFAULT_SOURCE" [-Wcpp]
#18 6.411   194 | # warning "_BSD_SOURCE and _SVID_SOURCE are deprecated, use _DEFAULT_SOURCE"
#18 6.411       |   ^~~~~~~
#18 6.487 ar rv /usr/local/cwp_su_all_44R22/lib/libcwp.a symmeigen.o
#18 6.489 a - symmeigen.o
#18 6.500 rm -f symmeigen.o
#18 6.506 gcc -c -I/usr/local/cwp_su_all_44R22/include -O  -std=c99 -Wall -pedantic -Wno-long-long  -D_FILE_OFFSET_BITS=64 -D_LARGEFILE64_SOURCE -DCWP_LITTLE_ENDIAN -DSUXDR  -D_BSD_SOURCE -D_POSIX_SOURCE tridiagonal.c
#18 6.513 In file included from /usr/include/x86_64-linux-gnu/bits/libc-header-start.h:33,
#18 6.513                  from /usr/include/stdio.h:27,
#18 6.513                  from /usr/local/cwp_su_all_44R22/include/cwp.h:12,
#18 6.513                  from tridiagonal.c:75:
#18 6.513 /usr/include/features.h:194:3: warning: #warning "_BSD_SOURCE and _SVID_SOURCE are deprecated, use _DEFAULT_SOURCE" [-Wcpp]
#18 6.513   194 | # warning "_BSD_SOURCE and _SVID_SOURCE are deprecated, use _DEFAULT_SOURCE"
#18 6.513       |   ^~~~~~~
#18 6.570 ar rv /usr/local/cwp_su_all_44R22/lib/libcwp.a tridiagonal.o
#18 6.572 a - tridiagonal.o
#18 6.579 rm -f tridiagonal.o
#18 6.581 gcc -c -I/usr/local/cwp_su_all_44R22/include -O  -std=c99 -Wall -pedantic -Wno-long-long  -D_FILE_OFFSET_BITS=64 -D_LARGEFILE64_SOURCE -DCWP_LITTLE_ENDIAN -DSUXDR  -D_BSD_SOURCE -D_POSIX_SOURCE tempname.c
#18 6.587 In file included from /usr/include/x86_64-linux-gnu/bits/libc-header-start.h:33,
#18 6.587                  from /usr/include/stdio.h:27,
#18 6.587                  from /usr/local/cwp_su_all_44R22/include/cwp.h:12,
#18 6.587                  from tempname.c:7:
#18 6.587 /usr/include/features.h:194:3: warning: #warning "_BSD_SOURCE and _SVID_SOURCE are deprecated, use _DEFAULT_SOURCE" [-Wcpp]
#18 6.587   194 | # warning "_BSD_SOURCE and _SVID_SOURCE are deprecated, use _DEFAULT_SOURCE"
#18 6.587       |   ^~~~~~~
#18 6.610 tempname.c: In function 'temporary_filename':
#18 6.610 tempname.c:119:13: warning: variable 'temp_fd' set but not used [-Wunused-but-set-variable]
#18 6.610   119 |         int temp_fd;
#18 6.610       |             ^~~~~~~
#18 6.631 ar rv /usr/local/cwp_su_all_44R22/lib/libcwp.a tempname.o
#18 6.632 a - tempname.o
#18 6.642 rm -f tempname.o
#18 6.644 gcc -c -I/usr/local/cwp_su_all_44R22/include -O  -std=c99 -Wall -pedantic -Wno-long-long  -D_FILE_OFFSET_BITS=64 -D_LARGEFILE64_SOURCE -DCWP_LITTLE_ENDIAN -DSUXDR  -D_BSD_SOURCE -D_POSIX_SOURCE unwrapphase.c
#18 6.650 In file included from /usr/include/x86_64-linux-gnu/bits/libc-header-start.h:33,
#18 6.650                  from /usr/include/stdio.h:27,
#18 6.650                  from /usr/local/cwp_su_all_44R22/include/cwp.h:12,
#18 6.650                  from unwrapphase.c:93:
#18 6.650 /usr/include/features.h:194:3: warning: #warning "_BSD_SOURCE and _SVID_SOURCE are deprecated, use _DEFAULT_SOURCE" [-Wcpp]
#18 6.650   194 | # warning "_BSD_SOURCE and _SVID_SOURCE are deprecated, use _DEFAULT_SOURCE"
#18 6.650       |   ^~~~~~~
#18 6.709 ar rv /usr/local/cwp_su_all_44R22/lib/libcwp.a unwrapphase.o
#18 6.711 a - unwrapphase.o
#18 6.722 rm -f unwrapphase.o
#18 6.724 gcc -c -I/usr/local/cwp_su_all_44R22/include -O  -std=c99 -Wall -pedantic -Wno-long-long  -D_FILE_OFFSET_BITS=64 -D_LARGEFILE64_SOURCE -DCWP_LITTLE_ENDIAN -DSUXDR  -D_BSD_SOURCE -D_POSIX_SOURCE vandermonde.c
#18 6.731 In file included from /usr/include/x86_64-linux-gnu/bits/libc-header-start.h:33,
#18 6.731                  from /usr/include/stdio.h:27,
#18 6.731                  from /usr/local/cwp_su_all_44R22/include/cwp.h:12,
#18 6.731                  from vandermonde.c:39:
#18 6.731 /usr/include/features.h:194:3: warning: #warning "_BSD_SOURCE and _SVID_SOURCE are deprecated, use _DEFAULT_SOURCE" [-Wcpp]
#18 6.731   194 | # warning "_BSD_SOURCE and _SVID_SOURCE are deprecated, use _DEFAULT_SOURCE"
#18 6.731       |   ^~~~~~~
#18 6.791 ar rv /usr/local/cwp_su_all_44R22/lib/libcwp.a vandermonde.o
#18 6.794 a - vandermonde.o
#18 6.801 rm -f vandermonde.o
#18 6.803 gcc -c -I/usr/local/cwp_su_all_44R22/include -O  -std=c99 -Wall -pedantic -Wno-long-long  -D_FILE_OFFSET_BITS=64 -D_LARGEFILE64_SOURCE -DCWP_LITTLE_ENDIAN -DSUXDR  -D_BSD_SOURCE -D_POSIX_SOURCE waveforms.c
#18 6.810 In file included from /usr/include/x86_64-linux-gnu/bits/libc-header-start.h:33,
#18 6.810                  from /usr/include/stdio.h:27,
#18 6.810                  from /usr/local/cwp_su_all_44R22/include/cwp.h:12,
#18 6.810                  from waveforms.c:64:
#18 6.810 /usr/include/features.h:194:3: warning: #warning "_BSD_SOURCE and _SVID_SOURCE are deprecated, use _DEFAULT_SOURCE" [-Wcpp]
#18 6.810   194 | # warning "_BSD_SOURCE and _SVID_SOURCE are deprecated, use _DEFAULT_SOURCE"
#18 6.810       |   ^~~~~~~
#18 6.881 ar rv /usr/local/cwp_su_all_44R22/lib/libcwp.a waveforms.o
#18 6.883 a - waveforms.o
#18 6.895 rm -f waveforms.o
#18 6.909 gcc -c -I/usr/local/cwp_su_all_44R22/include -O  -std=c99 -Wall -pedantic -Wno-long-long  -D_FILE_OFFSET_BITS=64 -D_LARGEFILE64_SOURCE -DCWP_LITTLE_ENDIAN -DSUXDR  -D_BSD_SOURCE -D_POSIX_SOURCE windows.c
#18 6.912 In file included from /usr/include/x86_64-linux-gnu/bits/libc-header-start.h:33,
#18 6.912                  from /usr/include/stdio.h:27,
#18 6.912                  from /usr/local/cwp_su_all_44R22/include/cwp.h:12,
#18 6.912                  from windows.c:21:
#18 6.912 /usr/include/features.h:194:3: warning: #warning "_BSD_SOURCE and _SVID_SOURCE are deprecated, use _DEFAULT_SOURCE" [-Wcpp]
#18 6.912   194 | # warning "_BSD_SOURCE and _SVID_SOURCE are deprecated, use _DEFAULT_SOURCE"
#18 6.912       |   ^~~~~~~
#18 6.955 ar rv /usr/local/cwp_su_all_44R22/lib/libcwp.a windows.o
#18 6.956 a - windows.o
#18 6.965 rm -f windows.o
#18 6.967 gcc -c -I/usr/local/cwp_su_all_44R22/include -O  -std=c99 -Wall -pedantic -Wno-long-long  -D_FILE_OFFSET_BITS=64 -D_LARGEFILE64_SOURCE -DCWP_LITTLE_ENDIAN -DSUXDR  -D_BSD_SOURCE -D_POSIX_SOURCE wrap.c
#18 6.976 In file included from /usr/include/x86_64-linux-gnu/bits/libc-header-start.h:33,
#18 6.976                  from /usr/include/stdio.h:27,
#18 6.976                  from /usr/local/cwp_su_all_44R22/include/cwp.h:12,
#18 6.976                  from wrap.c:19:
#18 6.976 /usr/include/features.h:194:3: warning: #warning "_BSD_SOURCE and _SVID_SOURCE are deprecated, use _DEFAULT_SOURCE" [-Wcpp]
#18 6.976   194 | # warning "_BSD_SOURCE and _SVID_SOURCE are deprecated, use _DEFAULT_SOURCE"
#18 6.976       |   ^~~~~~~
#18 7.013 ar rv /usr/local/cwp_su_all_44R22/lib/libcwp.a wrap.o
#18 7.015 a - wrap.o
#18 7.031 rm -f wrap.o
#18 7.033 gcc -c -I/usr/local/cwp_su_all_44R22/include -O  -std=c99 -Wall -pedantic -Wno-long-long  -D_FILE_OFFSET_BITS=64 -D_LARGEFILE64_SOURCE -DCWP_LITTLE_ENDIAN -DSUXDR  -D_BSD_SOURCE -D_POSIX_SOURCE xcor.c
#18 7.043 In file included from /usr/include/x86_64-linux-gnu/bits/libc-header-start.h:33,
#18 7.043                  from /usr/include/stdio.h:27,
#18 7.043                  from /usr/local/cwp_su_all_44R22/include/cwp.h:12,
#18 7.043                  from xcor.c:53:
#18 7.043 /usr/include/features.h:194:3: warning: #warning "_BSD_SOURCE and _SVID_SOURCE are deprecated, use _DEFAULT_SOURCE" [-Wcpp]
#18 7.043   194 | # warning "_BSD_SOURCE and _SVID_SOURCE are deprecated, use _DEFAULT_SOURCE"
#18 7.043       |   ^~~~~~~
#18 7.080 ar rv /usr/local/cwp_su_all_44R22/lib/libcwp.a xcor.o
#18 7.083 a - xcor.o
#18 7.091 rm -f xcor.o
#18 7.094 gcc -c -I/usr/local/cwp_su_all_44R22/include -O  -std=c99 -Wall -pedantic -Wno-long-long  -D_FILE_OFFSET_BITS=64 -D_LARGEFILE64_SOURCE -DCWP_LITTLE_ENDIAN -DSUXDR  -D_BSD_SOURCE -D_POSIX_SOURCE xindex.c
#18 7.113 ar rv /usr/local/cwp_su_all_44R22/lib/libcwp.a xindex.o
#18 7.115 a - xindex.o
#18 7.127 rm -f xindex.o
#18 7.134 gcc -c -I/usr/local/cwp_su_all_44R22/include -O  -std=c99 -Wall -pedantic -Wno-long-long  -D_FILE_OFFSET_BITS=64 -D_LARGEFILE64_SOURCE -DCWP_LITTLE_ENDIAN -DSUXDR  -D_BSD_SOURCE -D_POSIX_SOURCE yclip.c
#18 7.160 ar rv /usr/local/cwp_su_all_44R22/lib/libcwp.a yclip.o
#18 7.162 a - yclip.o
#18 7.170 rm -f yclip.o
#18 7.175 gcc -c -I/usr/local/cwp_su_all_44R22/include -O  -std=c99 -Wall -pedantic -Wno-long-long  -D_FILE_OFFSET_BITS=64 -D_LARGEFILE64_SOURCE -DCWP_LITTLE_ENDIAN -DSUXDR  -D_BSD_SOURCE -D_POSIX_SOURCE yxtoxy.c
#18 7.195 ar rv /usr/local/cwp_su_all_44R22/lib/libcwp.a yxtoxy.o
#18 7.197 a - yxtoxy.o
#18 7.210 rm -f yxtoxy.o
#18 7.213 gcc -c -I/usr/local/cwp_su_all_44R22/include -O  -std=c99 -Wall -pedantic -Wno-long-long  -D_FILE_OFFSET_BITS=64 -D_LARGEFILE64_SOURCE -DCWP_LITTLE_ENDIAN -DSUXDR  -D_BSD_SOURCE -D_POSIX_SOURCE zasc.c
#18 7.250 ar rv /usr/local/cwp_su_all_44R22/lib/libcwp.a zasc.o
#18 7.252 a - zasc.o
#18 7.264 rm -f zasc.o
#18 7.265 gcc -c -I/usr/local/cwp_su_all_44R22/include -O  -std=c99 -Wall -pedantic -Wno-long-long  -D_FILE_OFFSET_BITS=64 -D_LARGEFILE64_SOURCE -DCWP_LITTLE_ENDIAN -DSUXDR  -D_BSD_SOURCE -D_POSIX_SOURCE zebc.c
#18 7.326 ar rv /usr/local/cwp_su_all_44R22/lib/libcwp.a zebc.o
#18 7.328 a - zebc.o
#18 7.349 rm -f zebc.o
#18 7.350 ranlib /usr/local/cwp_su_all_44R22/lib/libcwp.a
#18 7.404 make[2]: Leaving directory '/usr/local/cwp_su_all_44R22/src/cwp/lib'
#18 7.404 cd main    ; make
#18 7.448 make[2]: Entering directory '/usr/local/cwp_su_all_44R22/src/cwp/main'
#18 7.448 gcc -I/usr/local/cwp_su_all_44R22/include -O  -std=c99 -Wall -pedantic -Wno-long-long  -D_FILE_OFFSET_BITS=64 -D_LARGEFILE64_SOURCE -DCWP_LITTLE_ENDIAN -DSUXDR  -D_BSD_SOURCE -D_POSIX_SOURCE ctrlstrip.c  -L/usr/local/cwp_su_all_44R22/lib -lcwp  -o /usr/local/cwp_su_all_44R22/bin/ctrlstrip
#18 7.460 In file included from /usr/include/x86_64-linux-gnu/bits/libc-header-start.h:33,
#18 7.460                  from /usr/include/stdio.h:27,
#18 7.460                  from ctrlstrip.c:21:
#18 7.460 /usr/include/features.h:194:3: warning: #warning "_BSD_SOURCE and _SVID_SOURCE are deprecated, use _DEFAULT_SOURCE" [-Wcpp]
#18 7.460   194 | # warning "_BSD_SOURCE and _SVID_SOURCE are deprecated, use _DEFAULT_SOURCE"
#18 7.460       |   ^~~~~~~
#18 7.626 chmod 755 /usr/local/cwp_su_all_44R22/bin/ctrlstrip
#18 7.630 ctrlstrip installed in /usr/local/cwp_su_all_44R22/bin
#18 7.633 gcc -I/usr/local/cwp_su_all_44R22/include -O  -std=c99 -Wall -pedantic -Wno-long-long  -D_FILE_OFFSET_BITS=64 -D_LARGEFILE64_SOURCE -DCWP_LITTLE_ENDIAN -DSUXDR  -D_BSD_SOURCE -D_POSIX_SOURCE conjtest.c  -L/usr/local/cwp_su_all_44R22/lib -lcwp  -o /usr/local/cwp_su_all_44R22/bin/conjtest
#18 7.648 In file included from /usr/include/x86_64-linux-gnu/bits/libc-header-start.h:33,
#18 7.648                  from /usr/include/stdio.h:27,
#18 7.648                  from /usr/local/cwp_su_all_44R22/include/cwp.h:12,
#18 7.648                  from conjtest.c:4:
#18 7.648 /usr/include/features.h:194:3: warning: #warning "_BSD_SOURCE and _SVID_SOURCE are deprecated, use _DEFAULT_SOURCE" [-Wcpp]
#18 7.648   194 | # warning "_BSD_SOURCE and _SVID_SOURCE are deprecated, use _DEFAULT_SOURCE"
#18 7.648       |   ^~~~~~~
#18 7.735 chmod 755 /usr/local/cwp_su_all_44R22/bin/conjtest
#18 7.738 conjtest installed in /usr/local/cwp_su_all_44R22/bin
#18 7.741 gcc -I/usr/local/cwp_su_all_44R22/include -O  -std=c99 -Wall -pedantic -Wno-long-long  -D_FILE_OFFSET_BITS=64 -D_LARGEFILE64_SOURCE -DCWP_LITTLE_ENDIAN -DSUXDR  -D_BSD_SOURCE -D_POSIX_SOURCE downfort.c  -L/usr/local/cwp_su_all_44R22/lib -lcwp  -o /usr/local/cwp_su_all_44R22/bin/downfort
#18 7.757 In file included from /usr/include/x86_64-linux-gnu/bits/libc-header-start.h:33,
#18 7.757                  from /usr/include/stdio.h:27,
#18 7.757                  from downfort.c:19:
#18 7.757 /usr/include/features.h:194:3: warning: #warning "_BSD_SOURCE and _SVID_SOURCE are deprecated, use _DEFAULT_SOURCE" [-Wcpp]
#18 7.757   194 | # warning "_BSD_SOURCE and _SVID_SOURCE are deprecated, use _DEFAULT_SOURCE"
#18 7.757       |   ^~~~~~~
#18 7.821 chmod 755 /usr/local/cwp_su_all_44R22/bin/downfort
#18 7.822 downfort installed in /usr/local/cwp_su_all_44R22/bin
#18 7.823 gcc -I/usr/local/cwp_su_all_44R22/include -O  -std=c99 -Wall -pedantic -Wno-long-long  -D_FILE_OFFSET_BITS=64 -D_LARGEFILE64_SOURCE -DCWP_LITTLE_ENDIAN -DSUXDR  -D_BSD_SOURCE -D_POSIX_SOURCE fcat.c  -L/usr/local/cwp_su_all_44R22/lib -lcwp  -o /usr/local/cwp_su_all_44R22/bin/fcat
#18 7.840 In file included from /usr/include/fcntl.h:25,
#18 7.840                  from fcat.c:22:
#18 7.840 /usr/include/features.h:194:3: warning: #warning "_BSD_SOURCE and _SVID_SOURCE are deprecated, use _DEFAULT_SOURCE" [-Wcpp]
#18 7.840   194 | # warning "_BSD_SOURCE and _SVID_SOURCE are deprecated, use _DEFAULT_SOURCE"
#18 7.840       |   ^~~~~~~
#18 7.927 chmod 755 /usr/local/cwp_su_all_44R22/bin/fcat
#18 7.929 fcat installed in /usr/local/cwp_su_all_44R22/bin
#18 7.929 gcc -I/usr/local/cwp_su_all_44R22/include -O  -std=c99 -Wall -pedantic -Wno-long-long  -D_FILE_OFFSET_BITS=64 -D_LARGEFILE64_SOURCE -DCWP_LITTLE_ENDIAN -DSUXDR  -D_BSD_SOURCE -D_POSIX_SOURCE isatty.c  -L/usr/local/cwp_su_all_44R22/lib -lcwp  -o /usr/local/cwp_su_all_44R22/bin/isatty
#18 7.936 In file included from /usr/include/x86_64-linux-gnu/bits/libc-header-start.h:33,
#18 7.936                  from /usr/include/stdio.h:27,
#18 7.936                  from /usr/local/cwp_su_all_44R22/include/cwp.h:12,
#18 7.936                  from isatty.c:23:
#18 7.936 /usr/include/features.h:194:3: warning: #warning "_BSD_SOURCE and _SVID_SOURCE are deprecated, use _DEFAULT_SOURCE" [-Wcpp]
#18 7.936   194 | # warning "_BSD_SOURCE and _SVID_SOURCE are deprecated, use _DEFAULT_SOURCE"
#18 7.936       |   ^~~~~~~
#18 7.999 chmod 755 /usr/local/cwp_su_all_44R22/bin/isatty
#18 8.000 isatty installed in /usr/local/cwp_su_all_44R22/bin
#18 8.001 gcc -I/usr/local/cwp_su_all_44R22/include -O  -std=c99 -Wall -pedantic -Wno-long-long  -D_FILE_OFFSET_BITS=64 -D_LARGEFILE64_SOURCE -DCWP_LITTLE_ENDIAN -DSUXDR  -D_BSD_SOURCE -D_POSIX_SOURCE maxints.c  -L/usr/local/cwp_su_all_44R22/lib -lcwp  -o /usr/local/cwp_su_all_44R22/bin/maxints
#18 8.012 In file included from /usr/include/x86_64-linux-gnu/bits/libc-header-start.h:33,
#18 8.012                  from /usr/include/stdio.h:27,
#18 8.012                  from /usr/local/cwp_su_all_44R22/include/cwp.h:12,
#18 8.012                  from maxints.c:25:
#18 8.012 /usr/include/features.h:194:3: warning: #warning "_BSD_SOURCE and _SVID_SOURCE are deprecated, use _DEFAULT_SOURCE" [-Wcpp]
#18 8.012   194 | # warning "_BSD_SOURCE and _SVID_SOURCE are deprecated, use _DEFAULT_SOURCE"
#18 8.012       |   ^~~~~~~
#18 8.087 chmod 755 /usr/local/cwp_su_all_44R22/bin/maxints
#18 8.089 maxints installed in /usr/local/cwp_su_all_44R22/bin
#18 8.090 gcc -I/usr/local/cwp_su_all_44R22/include -O  -std=c99 -Wall -pedantic -Wno-long-long  -D_FILE_OFFSET_BITS=64 -D_LARGEFILE64_SOURCE -DCWP_LITTLE_ENDIAN -DSUXDR  -D_BSD_SOURCE -D_POSIX_SOURCE pause.c  -L/usr/local/cwp_su_all_44R22/lib -lcwp  -o /usr/local/cwp_su_all_44R22/bin/pause
#18 8.097 In file included from /usr/include/x86_64-linux-gnu/bits/libc-header-start.h:33,
#18 8.097                  from /usr/include/stdio.h:27,
#18 8.097                  from /usr/local/cwp_su_all_44R22/include/cwp.h:12,
#18 8.097                  from pause.c:28:
#18 8.097 /usr/include/features.h:194:3: warning: #warning "_BSD_SOURCE and _SVID_SOURCE are deprecated, use _DEFAULT_SOURCE" [-Wcpp]
#18 8.097   194 | # warning "_BSD_SOURCE and _SVID_SOURCE are deprecated, use _DEFAULT_SOURCE"
#18 8.097       |   ^~~~~~~
#18 8.164 chmod 755 /usr/local/cwp_su_all_44R22/bin/pause
#18 8.166 pause installed in /usr/local/cwp_su_all_44R22/bin
#18 8.166 gcc -I/usr/local/cwp_su_all_44R22/include -O  -std=c99 -Wall -pedantic -Wno-long-long  -D_FILE_OFFSET_BITS=64 -D_LARGEFILE64_SOURCE -DCWP_LITTLE_ENDIAN -DSUXDR  -D_BSD_SOURCE -D_POSIX_SOURCE t.c  -L/usr/local/cwp_su_all_44R22/lib -lcwp  -o /usr/local/cwp_su_all_44R22/bin/t
#18 8.191 In file included from /usr/include/x86_64-linux-gnu/bits/libc-header-start.h:33,
#18 8.191                  from /usr/include/stdio.h:27,
#18 8.191                  from /usr/local/cwp_su_all_44R22/include/cwp.h:12,
#18 8.191                  from t.c:15:
#18 8.191 /usr/include/features.h:194:3: warning: #warning "_BSD_SOURCE and _SVID_SOURCE are deprecated, use _DEFAULT_SOURCE" [-Wcpp]
#18 8.191   194 | # warning "_BSD_SOURCE and _SVID_SOURCE are deprecated, use _DEFAULT_SOURCE"
#18 8.191       |   ^~~~~~~
#18 8.270 chmod 755 /usr/local/cwp_su_all_44R22/bin/t
#18 8.272 t installed in /usr/local/cwp_su_all_44R22/bin
#18 8.273 gcc -I/usr/local/cwp_su_all_44R22/include -O  -std=c99 -Wall -pedantic -Wno-long-long  -D_FILE_OFFSET_BITS=64 -D_LARGEFILE64_SOURCE -DCWP_LITTLE_ENDIAN -DSUXDR  -D_BSD_SOURCE -D_POSIX_SOURCE upfort.c  -L/usr/local/cwp_su_all_44R22/lib -lcwp  -o /usr/local/cwp_su_all_44R22/bin/upfort
#18 8.282 In file included from /usr/include/x86_64-linux-gnu/bits/libc-header-start.h:33,
#18 8.282                  from /usr/include/stdio.h:27,
#18 8.282                  from /usr/local/cwp_su_all_44R22/include/cwp.h:12,
#18 8.282                  from upfort.c:20:
#18 8.282 /usr/include/features.h:194:3: warning: #warning "_BSD_SOURCE and _SVID_SOURCE are deprecated, use _DEFAULT_SOURCE" [-Wcpp]
#18 8.282   194 | # warning "_BSD_SOURCE and _SVID_SOURCE are deprecated, use _DEFAULT_SOURCE"
#18 8.282       |   ^~~~~~~
#18 8.340 chmod 755 /usr/local/cwp_su_all_44R22/bin/upfort
#18 8.342 upfort installed in /usr/local/cwp_su_all_44R22/bin
#18 8.347 make[2]: Leaving directory '/usr/local/cwp_su_all_44R22/src/cwp/main'
#18 8.347 cd shell   ; make
#18 8.353 make[2]: Entering directory '/usr/local/cwp_su_all_44R22/src/cwp/shell'
#18 8.357 argv installed in /usr/local/cwp_su_all_44R22/bin
#18 8.363 copyright installed in /usr/local/cwp_su_all_44R22/bin
#18 8.367 cpall installed in /usr/local/cwp_su_all_44R22/bin
#18 8.372 cwpfind installed in /usr/local/cwp_su_all_44R22/bin
#18 8.380 dirtree installed in /usr/local/cwp_su_all_44R22/bin
#18 8.384 filetype installed in /usr/local/cwp_su_all_44R22/bin
#18 8.393 CWPGrep installed in /usr/local/cwp_su_all_44R22/bin
#18 8.402 newcase installed in /usr/local/cwp_su_all_44R22/bin
#18 8.410 overwrite installed in /usr/local/cwp_su_all_44R22/bin
#18 8.415 precedence installed in /usr/local/cwp_su_all_44R22/bin
#18 8.425 rcslocks installed in /usr/local/cwp_su_all_44R22/bin
#18 8.434 replace installed in /usr/local/cwp_su_all_44R22/bin
#18 8.444 sys_arch installed in /usr/local/cwp_su_all_44R22/bin
#18 8.448 this_year installed in /usr/local/cwp_su_all_44R22/bin
#18 8.455 time_now installed in /usr/local/cwp_su_all_44R22/bin
#18 8.461 todays_date installed in /usr/local/cwp_su_all_44R22/bin
#18 8.465 weekday installed in /usr/local/cwp_su_all_44R22/bin
#18 8.472 usernames installed in /usr/local/cwp_su_all_44R22/bin
#18 8.475 varlist installed in /usr/local/cwp_su_all_44R22/bin
#18 8.479 why installed in /usr/local/cwp_su_all_44R22/bin
#18 8.483 zap installed in /usr/local/cwp_su_all_44R22/bin
#18 8.488 /usr/local/cwp_su_all_44R22/bin/rcpall installed in /usr/local/cwp_su_all_44R22/bin
#18 8.492 make[2]: Leaving directory '/usr/local/cwp_su_all_44R22/src/cwp/shell'
#18 8.492 make[1]: Leaving directory '/usr/local/cwp_su_all_44R22/src/cwp'
#18 8.492 cd ./par; make
#18 8.504 make[1]: Entering directory '/usr/local/cwp_su_all_44R22/src/par'
#18 8.504 cd include ; make
#18 8.517 make[2]: Entering directory '/usr/local/cwp_su_all_44R22/src/par/include'
#18 8.522 par.h installed in /usr/local/cwp_su_all_44R22/include
#18 8.527 taup.h installed in /usr/local/cwp_su_all_44R22/include
#18 8.531 VND.h installed in /usr/local/cwp_su_all_44R22/include
#18 8.537 wt.h installed in /usr/local/cwp_su_all_44R22/include
#18 8.545 anisotropy.h installed in /usr/local/cwp_su_all_44R22/include
#18 8.556 rke.h installed in /usr/local/cwp_su_all_44R22/include
#18 8.568 make[2]: Leaving directory '/usr/local/cwp_su_all_44R22/src/par/include'
#18 8.568 cd lib     ; make
#18 8.578 make[2]: Entering directory '/usr/local/cwp_su_all_44R22/src/par/lib'
#18 8.578 gcc -c -I/usr/local/cwp_su_all_44R22/include -O  -std=c99 -Wall -pedantic -Wno-long-long  -D_FILE_OFFSET_BITS=64 -D_LARGEFILE64_SOURCE -DCWP_LITTLE_ENDIAN -DSUXDR  -D_BSD_SOURCE -D_POSIX_SOURCE atopkge.c
#18 8.590 In file included from /usr/include/x86_64-linux-gnu/bits/libc-header-start.h:33,
#18 8.590                  from /usr/include/stdio.h:27,
#18 8.590                  from /usr/local/cwp_su_all_44R22/include/cwp.h:12,
#18 8.590                  from /usr/local/cwp_su_all_44R22/include/par.h:12,
#18 8.590                  from atopkge.c:77:
#18 8.590 /usr/include/features.h:194:3: warning: #warning "_BSD_SOURCE and _SVID_SOURCE are deprecated, use _DEFAULT_SOURCE" [-Wcpp]
#18 8.590   194 | # warning "_BSD_SOURCE and _SVID_SOURCE are deprecated, use _DEFAULT_SOURCE"
#18 8.590       |   ^~~~~~~
#18 8.665 ar rv /usr/local/cwp_su_all_44R22/lib/libpar.a atopkge.o
#18 8.667 ar: creating /usr/local/cwp_su_all_44R22/lib/libpar.a
#18 8.667 a - atopkge.o
#18 8.668 rm -f atopkge.o
#18 8.670 gcc -c -I/usr/local/cwp_su_all_44R22/include -O  -std=c99 -Wall -pedantic -Wno-long-long  -D_FILE_OFFSET_BITS=64 -D_LARGEFILE64_SOURCE -DCWP_LITTLE_ENDIAN -DSUXDR  -D_BSD_SOURCE -D_POSIX_SOURCE docpkge.c
#18 8.679 In file included from /usr/include/x86_64-linux-gnu/bits/libc-header-start.h:33,
#18 8.679                  from /usr/include/stdio.h:27,
#18 8.679                  from /usr/local/cwp_su_all_44R22/include/cwp.h:12,
#18 8.679                  from /usr/local/cwp_su_all_44R22/include/par.h:12,
#18 8.679                  from docpkge.c:56:
#18 8.679 /usr/include/features.h:194:3: warning: #warning "_BSD_SOURCE and _SVID_SOURCE are deprecated, use _DEFAULT_SOURCE" [-Wcpp]
#18 8.679   194 | # warning "_BSD_SOURCE and _SVID_SOURCE are deprecated, use _DEFAULT_SOURCE"
#18 8.679       |   ^~~~~~~
#18 8.715 ar rv /usr/local/cwp_su_all_44R22/lib/libpar.a docpkge.o
#18 8.716 a - docpkge.o
#18 8.717 rm -f docpkge.o
#18 8.721 gcc -c -I/usr/local/cwp_su_all_44R22/include -O  -std=c99 -Wall -pedantic -Wno-long-long  -D_FILE_OFFSET_BITS=64 -D_LARGEFILE64_SOURCE -DCWP_LITTLE_ENDIAN -DSUXDR  -D_BSD_SOURCE -D_POSIX_SOURCE ealloc.c
#18 8.733 In file included from /usr/include/x86_64-linux-gnu/bits/libc-header-start.h:33,
#18 8.733                  from /usr/include/stdio.h:27,
#18 8.733                  from /usr/local/cwp_su_all_44R22/include/cwp.h:12,
#18 8.733                  from ealloc.c:5:
#18 8.733 /usr/include/features.h:194:3: warning: #warning "_BSD_SOURCE and _SVID_SOURCE are deprecated, use _DEFAULT_SOURCE" [-Wcpp]
#18 8.733   194 | # warning "_BSD_SOURCE and _SVID_SOURCE are deprecated, use _DEFAULT_SOURCE"
#18 8.733       |   ^~~~~~~
#18 8.801 ar rv /usr/local/cwp_su_all_44R22/lib/libpar.a ealloc.o
#18 8.803 a - ealloc.o
#18 8.804 rm -f ealloc.o
#18 8.805 gcc -c -I/usr/local/cwp_su_all_44R22/include -O  -std=c99 -Wall -pedantic -Wno-long-long  -D_FILE_OFFSET_BITS=64 -D_LARGEFILE64_SOURCE -DCWP_LITTLE_ENDIAN -DSUXDR  -D_BSD_SOURCE -D_POSIX_SOURCE errpkge.c
#18 8.813 In file included from /usr/include/x86_64-linux-gnu/bits/libc-header-start.h:33,
#18 8.813                  from /usr/include/stdio.h:27,
#18 8.813                  from /usr/local/cwp_su_all_44R22/include/cwp.h:12,
#18 8.813                  from /usr/local/cwp_su_all_44R22/include/par.h:12,
#18 8.813                  from errpkge.c:47:
#18 8.813 /usr/include/features.h:194:3: warning: #warning "_BSD_SOURCE and _SVID_SOURCE are deprecated, use _DEFAULT_SOURCE" [-Wcpp]
#18 8.813   194 | # warning "_BSD_SOURCE and _SVID_SOURCE are deprecated, use _DEFAULT_SOURCE"
#18 8.813       |   ^~~~~~~
#18 8.858 ar rv /usr/local/cwp_su_all_44R22/lib/libpar.a errpkge.o
#18 8.860 a - errpkge.o
#18 8.861 rm -f errpkge.o
#18 8.871 gcc -c -I/usr/local/cwp_su_all_44R22/include -O  -std=c99 -Wall -pedantic -Wno-long-long  -D_FILE_OFFSET_BITS=64 -D_LARGEFILE64_SOURCE -DCWP_LITTLE_ENDIAN -DSUXDR  -D_BSD_SOURCE -D_POSIX_SOURCE filestat.c
#18 8.879 In file included from /usr/include/x86_64-linux-gnu/sys/stat.h:25,
#18 8.879                  from filestat.c:79:
#18 8.879 /usr/include/features.h:194:3: warning: #warning "_BSD_SOURCE and _SVID_SOURCE are deprecated, use _DEFAULT_SOURCE" [-Wcpp]
#18 8.879   194 | # warning "_BSD_SOURCE and _SVID_SOURCE are deprecated, use _DEFAULT_SOURCE"
#18 8.879       |   ^~~~~~~
#18 8.928 ar rv /usr/local/cwp_su_all_44R22/lib/libpar.a filestat.o
#18 8.931 a - filestat.o
#18 8.934 rm -f filestat.o
#18 8.938 gcc -c -I/usr/local/cwp_su_all_44R22/include -O  -std=c99 -Wall -pedantic -Wno-long-long  -D_FILE_OFFSET_BITS=64 -D_LARGEFILE64_SOURCE -DCWP_LITTLE_ENDIAN -DSUXDR  -D_BSD_SOURCE -D_POSIX_SOURCE fractal.c
#18 8.947 In file included from /usr/include/x86_64-linux-gnu/bits/libc-header-start.h:33,
#18 8.947                  from /usr/include/stdio.h:27,
#18 8.947                  from /usr/local/cwp_su_all_44R22/include/cwp.h:12,
#18 8.947                  from /usr/local/cwp_su_all_44R22/include/par.h:12,
#18 8.947                  from fractal.c:5:
#18 8.947 /usr/include/features.h:194:3: warning: #warning "_BSD_SOURCE and _SVID_SOURCE are deprecated, use _DEFAULT_SOURCE" [-Wcpp]
#18 8.947   194 | # warning "_BSD_SOURCE and _SVID_SOURCE are deprecated, use _DEFAULT_SOURCE"
#18 8.947       |   ^~~~~~~
#18 8.990 ar rv /usr/local/cwp_su_all_44R22/lib/libpar.a fractal.o
#18 8.991 a - fractal.o
#18 8.993 rm -f fractal.o
#18 8.995 gcc -c -I/usr/local/cwp_su_all_44R22/include -O  -std=c99 -Wall -pedantic -Wno-long-long  -D_FILE_OFFSET_BITS=64 -D_LARGEFILE64_SOURCE -DCWP_LITTLE_ENDIAN -DSUXDR  -D_BSD_SOURCE -D_POSIX_SOURCE getpars.c
#18 9.013 In file included from /usr/include/ctype.h:25,
#18 9.013                  from getpars.c:111:
#18 9.013 /usr/include/features.h:194:3: warning: #warning "_BSD_SOURCE and _SVID_SOURCE are deprecated, use _DEFAULT_SOURCE" [-Wcpp]
#18 9.013   194 | # warning "_BSD_SOURCE and _SVID_SOURCE are deprecated, use _DEFAULT_SOURCE"
#18 9.013       |   ^~~~~~~
#18 9.109 ar rv /usr/local/cwp_su_all_44R22/lib/libpar.a getpars.o
#18 9.110 a - getpars.o
#18 9.113 rm -f getpars.o
#18 9.115 gcc -c -I/usr/local/cwp_su_all_44R22/include -O  -std=c99 -Wall -pedantic -Wno-long-long  -D_FILE_OFFSET_BITS=64 -D_LARGEFILE64_SOURCE -DCWP_LITTLE_ENDIAN -DSUXDR  -D_BSD_SOURCE -D_POSIX_SOURCE lincoeff.c
#18 9.123 In file included from /usr/include/x86_64-linux-gnu/bits/libc-header-start.h:33,
#18 9.123                  from /usr/include/stdio.h:27,
#18 9.123                  from /usr/local/cwp_su_all_44R22/include/cwp.h:12,
#18 9.123                  from /usr/local/cwp_su_all_44R22/include/par.h:12,
#18 9.123                  from lincoeff.c:4:
#18 9.123 /usr/include/features.h:194:3: warning: #warning "_BSD_SOURCE and _SVID_SOURCE are deprecated, use _DEFAULT_SOURCE" [-Wcpp]
#18 9.123   194 | # warning "_BSD_SOURCE and _SVID_SOURCE are deprecated, use _DEFAULT_SOURCE"
#18 9.123       |   ^~~~~~~
#18 9.509 ar rv /usr/local/cwp_su_all_44R22/lib/libpar.a lincoeff.o
#18 9.513 a - lincoeff.o
#18 9.517 rm -f lincoeff.o
#18 9.521 gcc -c -I/usr/local/cwp_su_all_44R22/include -O  -std=c99 -Wall -pedantic -Wno-long-long  -D_FILE_OFFSET_BITS=64 -D_LARGEFILE64_SOURCE -DCWP_LITTLE_ENDIAN -DSUXDR  -D_BSD_SOURCE -D_POSIX_SOURCE minfunc.c
#18 9.533 In file included from /usr/include/x86_64-linux-gnu/bits/libc-header-start.h:33,
#18 9.538                  from /usr/include/stdio.h:27,
#18 9.538                  from /usr/local/cwp_su_all_44R22/include/cwp.h:12,
#18 9.538                  from /usr/local/cwp_su_all_44R22/include/par.h:12,
#18 9.538                  from minfunc.c:19:
#18 9.538 /usr/include/features.h:194:3: warning: #warning "_BSD_SOURCE and _SVID_SOURCE are deprecated, use _DEFAULT_SOURCE" [-Wcpp]
#18 9.538   194 | # warning "_BSD_SOURCE and _SVID_SOURCE are deprecated, use _DEFAULT_SOURCE"
#18 9.538       |   ^~~~~~~
#18 9.625 ar rv /usr/local/cwp_su_all_44R22/lib/libpar.a minfunc.o
#18 9.627 a - minfunc.o
#18 9.629 rm -f minfunc.o
#18 9.631 gcc -c -I/usr/local/cwp_su_all_44R22/include -O  -std=c99 -Wall -pedantic -Wno-long-long  -D_FILE_OFFSET_BITS=64 -D_LARGEFILE64_SOURCE -DCWP_LITTLE_ENDIAN -DSUXDR  -D_BSD_SOURCE -D_POSIX_SOURCE modeling.c
#18 9.641 In file included from /usr/include/x86_64-linux-gnu/bits/libc-header-start.h:33,
#18 9.641                  from /usr/include/stdio.h:27,
#18 9.641                  from /usr/local/cwp_su_all_44R22/include/cwp.h:12,
#18 9.641                  from /usr/local/cwp_su_all_44R22/include/par.h:12,
#18 9.641                  from modeling.c:67:
#18 9.641 /usr/include/features.h:194:3: warning: #warning "_BSD_SOURCE and _SVID_SOURCE are deprecated, use _DEFAULT_SOURCE" [-Wcpp]
#18 9.641   194 | # warning "_BSD_SOURCE and _SVID_SOURCE are deprecated, use _DEFAULT_SOURCE"
#18 9.641       |   ^~~~~~~
#18 9.741 ar rv /usr/local/cwp_su_all_44R22/lib/libpar.a modeling.o
#18 9.742 a - modeling.o
#18 9.745 rm -f modeling.o
#18 9.748 gcc -c -I/usr/local/cwp_su_all_44R22/include -O  -std=c99 -Wall -pedantic -Wno-long-long  -D_FILE_OFFSET_BITS=64 -D_LARGEFILE64_SOURCE -DCWP_LITTLE_ENDIAN -DSUXDR  -D_BSD_SOURCE -D_POSIX_SOURCE refaniso.c
#18 9.758 In file included from /usr/include/x86_64-linux-gnu/bits/libc-header-start.h:33,
#18 9.758                  from /usr/include/stdio.h:27,
#18 9.758                  from /usr/local/cwp_su_all_44R22/include/cwp.h:12,
#18 9.758                  from /usr/local/cwp_su_all_44R22/include/par.h:12,
#18 9.758                  from refaniso.c:5:
#18 9.758 /usr/include/features.h:194:3: warning: #warning "_BSD_SOURCE and _SVID_SOURCE are deprecated, use _DEFAULT_SOURCE" [-Wcpp]
#18 9.758   194 | # warning "_BSD_SOURCE and _SVID_SOURCE are deprecated, use _DEFAULT_SOURCE"
#18 9.758       |   ^~~~~~~
#18 9.879 ar rv /usr/local/cwp_su_all_44R22/lib/libpar.a refaniso.o
#18 9.881 a - refaniso.o
#18 9.887 rm -f refaniso.o
#18 9.890 gcc -c -I/usr/local/cwp_su_all_44R22/include -O  -std=c99 -Wall -pedantic -Wno-long-long  -D_FILE_OFFSET_BITS=64 -D_LARGEFILE64_SOURCE -DCWP_LITTLE_ENDIAN -DSUXDR  -D_BSD_SOURCE -D_POSIX_SOURCE rke.c
#18 9.896 In file included from /usr/include/x86_64-linux-gnu/bits/libc-header-start.h:33,
#18 9.896                  from /usr/include/stdio.h:27,
#18 9.896                  from /usr/local/cwp_su_all_44R22/include/cwp.h:12,
#18 9.896                  from /usr/local/cwp_su_all_44R22/include/par.h:12,
#18 9.896                  from rke.c:4:
#18 9.896 /usr/include/features.h:194:3: warning: #warning "_BSD_SOURCE and _SVID_SOURCE are deprecated, use _DEFAULT_SOURCE" [-Wcpp]
#18 9.896   194 | # warning "_BSD_SOURCE and _SVID_SOURCE are deprecated, use _DEFAULT_SOURCE"
#18 9.896       |   ^~~~~~~
#18 9.964 ar rv /usr/local/cwp_su_all_44R22/lib/libpar.a rke.o
#18 9.965 a - rke.o
#18 9.968 rm -f rke.o
#18 9.970 gcc -c -I/usr/local/cwp_su_all_44R22/include -O  -std=c99 -Wall -pedantic -Wno-long-long  -D_FILE_OFFSET_BITS=64 -D_LARGEFILE64_SOURCE -DCWP_LITTLE_ENDIAN -DSUXDR  -D_BSD_SOURCE -D_POSIX_SOURCE smooth.c
#18 9.976 In file included from /usr/include/x86_64-linux-gnu/bits/libc-header-start.h:33,
#18 9.976                  from /usr/include/stdio.h:27,
#18 9.976                  from /usr/local/cwp_su_all_44R22/include/cwp.h:12,
#18 9.976                  from /usr/local/cwp_su_all_44R22/include/par.h:12,
#18 9.976                  from smooth.c:4:
#18 9.976 /usr/include/features.h:194:3: warning: #warning "_BSD_SOURCE and _SVID_SOURCE are deprecated, use _DEFAULT_SOURCE" [-Wcpp]
#18 9.976   194 | # warning "_BSD_SOURCE and _SVID_SOURCE are deprecated, use _DEFAULT_SOURCE"
#18 9.976       |   ^~~~~~~
#18 10.11 ar rv /usr/local/cwp_su_all_44R22/lib/libpar.a smooth.o
#18 10.11 a - smooth.o
#18 10.11 rm -f smooth.o
#18 10.12 gcc -c -I/usr/local/cwp_su_all_44R22/include -O  -std=c99 -Wall -pedantic -Wno-long-long  -D_FILE_OFFSET_BITS=64 -D_LARGEFILE64_SOURCE -DCWP_LITTLE_ENDIAN -DSUXDR  -D_BSD_SOURCE -D_POSIX_SOURCE syscalls.c
#18 10.13 In file included from /usr/include/x86_64-linux-gnu/bits/libc-header-start.h:33,
#18 10.13                  from /usr/include/stdio.h:27,
#18 10.13                  from /usr/local/cwp_su_all_44R22/include/cwp.h:12,
#18 10.13                  from /usr/local/cwp_su_all_44R22/include/par.h:12,
#18 10.13                  from syscalls.c:88:
#18 10.13 /usr/include/features.h:194:3: warning: #warning "_BSD_SOURCE and _SVID_SOURCE are deprecated, use _DEFAULT_SOURCE" [-Wcpp]
#18 10.13   194 | # warning "_BSD_SOURCE and _SVID_SOURCE are deprecated, use _DEFAULT_SOURCE"
#18 10.13       |   ^~~~~~~
#18 10.18 ar rv /usr/local/cwp_su_all_44R22/lib/libpar.a syscalls.o
#18 10.18 a - syscalls.o
#18 10.19 rm -f syscalls.o
#18 10.19 gcc -c -I/usr/local/cwp_su_all_44R22/include -O  -std=c99 -Wall -pedantic -Wno-long-long  -D_FILE_OFFSET_BITS=64 -D_LARGEFILE64_SOURCE -DCWP_LITTLE_ENDIAN -DSUXDR  -D_BSD_SOURCE -D_POSIX_SOURCE subcalls.c
#18 10.20 In file included from /usr/include/x86_64-linux-gnu/bits/libc-header-start.h:33,
#18 10.20                  from /usr/include/stdio.h:27,
#18 10.20                  from /usr/local/cwp_su_all_44R22/include/cwp.h:12,
#18 10.20                  from /usr/local/cwp_su_all_44R22/include/par.h:12,
#18 10.20                  from subcalls.c:105:
#18 10.20 /usr/include/features.h:194:3: warning: #warning "_BSD_SOURCE and _SVID_SOURCE are deprecated, use _DEFAULT_SOURCE" [-Wcpp]
#18 10.20   194 | # warning "_BSD_SOURCE and _SVID_SOURCE are deprecated, use _DEFAULT_SOURCE"
#18 10.20       |   ^~~~~~~
#18 10.25 ar rv /usr/local/cwp_su_all_44R22/lib/libpar.a subcalls.o
#18 10.25 a - subcalls.o
#18 10.25 rm -f subcalls.o
#18 10.25 gcc -c -I/usr/local/cwp_su_all_44R22/include -O  -std=c99 -Wall -pedantic -Wno-long-long  -D_FILE_OFFSET_BITS=64 -D_LARGEFILE64_SOURCE -DCWP_LITTLE_ENDIAN -DSUXDR  -D_BSD_SOURCE -D_POSIX_SOURCE taup.c
#18 10.27 In file included from /usr/include/x86_64-linux-gnu/bits/libc-header-start.h:33,
#18 10.27                  from /usr/include/stdio.h:27,
#18 10.27                  from /usr/local/cwp_su_all_44R22/include/cwp.h:12,
#18 10.27                  from /usr/local/cwp_su_all_44R22/include/par.h:12,
#18 10.27                  from /usr/local/cwp_su_all_44R22/include/taup.h:16,
#18 10.27                  from taup.c:4:
#18 10.27 /usr/include/features.h:194:3: warning: #warning "_BSD_SOURCE and _SVID_SOURCE are deprecated, use _DEFAULT_SOURCE" [-Wcpp]
#18 10.27   194 | # warning "_BSD_SOURCE and _SVID_SOURCE are deprecated, use _DEFAULT_SOURCE"
#18 10.27       |   ^~~~~~~
#18 10.29 taup.c: In function 'fwd_FK_sstack':
#18 10.29 taup.c:428:9: warning: this 'for' clause does not guard... [-Wmisleading-indentation]
#18 10.29   428 |         for (ix=nx; ix<nxfft; ix++)
#18 10.29       |         ^~~
#18 10.29 taup.c:432:17: note: ...this statement, but the latter is misleadingly indented as if it were guarded by the 'for'
#18 10.29   432 |                 for (ix=1; ix<nx; ix+=2) {
#18 10.29       |                 ^~~
#18 10.29 taup.c: In function 'inv_FK_sstack':
#18 10.29 taup.c:666:9: warning: this 'for' clause does not guard... [-Wmisleading-indentation]
#18 10.29   666 |         for (ip=0; ip<np; ip++)
#18 10.29       |         ^~~
#18 10.29 taup.c:670:17: note: ...this statement, but the latter is misleadingly indented as if it were guarded by the 'for'
#18 10.29   670 |                 nk = pmax*w/dk + 1;
#18 10.29       |                 ^~
#18 10.55 ar rv /usr/local/cwp_su_all_44R22/lib/libpar.a taup.o
#18 10.55 a - taup.o
#18 10.56 rm -f taup.o
#18 10.56 gcc -c -I/usr/local/cwp_su_all_44R22/include -O  -std=c99 -Wall -pedantic -Wno-long-long  -D_FILE_OFFSET_BITS=64 -D_LARGEFILE64_SOURCE -DCWP_LITTLE_ENDIAN -DSUXDR  -D_BSD_SOURCE -D_POSIX_SOURCE VND.c
#18 10.57 In file included from /usr/include/x86_64-linux-gnu/bits/libc-header-start.h:33,
#18 10.57                  from /usr/include/stdio.h:27,
#18 10.57                  from /usr/local/cwp_su_all_44R22/include/cwp.h:12,
#18 10.57                  from /usr/local/cwp_su_all_44R22/include/par.h:12,
#18 10.57                  from /usr/local/cwp_su_all_44R22/include/VND.h:7,
#18 10.57                  from VND.c:626:
#18 10.57 /usr/include/features.h:194:3: warning: #warning "_BSD_SOURCE and _SVID_SOURCE are deprecated, use _DEFAULT_SOURCE" [-Wcpp]
#18 10.57   194 | # warning "_BSD_SOURCE and _SVID_SOURCE are deprecated, use _DEFAULT_SOURCE"
#18 10.57       |   ^~~~~~~
#18 10.71 VND.c: In function 'VNDop':
#18 10.71 VND.c:688:51: warning: '.VND0' directive writing 5 bytes into a region of size between 0 and 119 [-Wformat-overflow=]
#18 10.71   688 |                         (void)sprintf(file1,"%s/%s.VND0",dir1,file);
#18 10.71       |                                                   ^~~~~
#18 10.71 In file included from /usr/include/stdio.h:894,
#18 10.71                  from /usr/local/cwp_su_all_44R22/include/cwp.h:12,
#18 10.71                  from /usr/local/cwp_su_all_44R22/include/par.h:12,
#18 10.71                  from /usr/local/cwp_su_all_44R22/include/VND.h:7,
#18 10.71                  from VND.c:626:
#18 10.71 /usr/include/x86_64-linux-gnu/bits/stdio2.h:38:10: note: '__builtin___sprintf_chk' output 7 or more bytes (assuming 126) into a destination of size 120
#18 10.71    38 |   return __builtin___sprintf_chk (__s, __USE_FORTIFY_LEVEL - 1,
#18 10.71       |          ^~~~~~~~~~~~~~~~~~~~~~~~~~~~~~~~~~~~~~~~~~~~~~~~~~~~~~
#18 10.71    39 |                                   __glibc_objsize (__s), __fmt,
#18 10.71       |                                   ~~~~~~~~~~~~~~~~~~~~~~~~~~~~~
#18 10.71    40 |                                   __va_arg_pack ());
#18 10.71       |                                   ~~~~~~~~~~~~~~~~~
#18 10.71 VND.c:750:59: warning: '.VND' directive writing 4 bytes into a region of size between 0 and 119 [-Wformat-overflow=]
#18 10.71   750 |                                 (void)sprintf(file1,"%s/%s.VND%d",dir1,file,j);
#18 10.71       |                                                           ^~~~
#18 10.71 VND.c:750:53: note: directive argument in the range [0, 2147483647]
#18 10.71   750 |                                 (void)sprintf(file1,"%s/%s.VND%d",dir1,file,j);
#18 10.71       |                                                     ^~~~~~~~~~~~~
#18 10.71 In file included from /usr/include/stdio.h:894,
#18 10.71                  from /usr/local/cwp_su_all_44R22/include/cwp.h:12,
#18 10.71                  from /usr/local/cwp_su_all_44R22/include/par.h:12,
#18 10.71                  from /usr/local/cwp_su_all_44R22/include/VND.h:7,
#18 10.71                  from VND.c:626:
#18 10.71 /usr/include/x86_64-linux-gnu/bits/stdio2.h:38:10: note: '__builtin___sprintf_chk' output 7 or more bytes (assuming 135) into a destination of size 120
#18 10.71    38 |   return __builtin___sprintf_chk (__s, __USE_FORTIFY_LEVEL - 1,
#18 10.71       |          ^~~~~~~~~~~~~~~~~~~~~~~~~~~~~~~~~~~~~~~~~~~~~~~~~~~~~~
#18 10.71    39 |                                   __glibc_objsize (__s), __fmt,
#18 10.71       |                                   ~~~~~~~~~~~~~~~~~~~~~~~~~~~~~
#18 10.71    40 |                                   __va_arg_pack ());
#18 10.71       |                                   ~~~~~~~~~~~~~~~~~
#18 10.78 ar rv /usr/local/cwp_su_all_44R22/lib/libpar.a VND.o
#18 10.78 a - VND.o
#18 10.79 rm -f VND.o
#18 10.79 gcc -c -I/usr/local/cwp_su_all_44R22/include -O  -std=c99 -Wall -pedantic -Wno-long-long  -D_FILE_OFFSET_BITS=64 -D_LARGEFILE64_SOURCE -DCWP_LITTLE_ENDIAN -DSUXDR  -D_BSD_SOURCE -D_POSIX_SOURCE upweik.c
#18 10.80 In file included from /usr/include/x86_64-linux-gnu/bits/libc-header-start.h:33,
#18 10.80                  from /usr/include/stdio.h:27,
#18 10.80                  from /usr/local/cwp_su_all_44R22/include/cwp.h:12,
#18 10.80                  from /usr/local/cwp_su_all_44R22/include/par.h:12,
#18 10.80                  from upweik.c:4:
#18 10.80 /usr/include/features.h:194:3: warning: #warning "_BSD_SOURCE and _SVID_SOURCE are deprecated, use _DEFAULT_SOURCE" [-Wcpp]
#18 10.80   194 | # warning "_BSD_SOURCE and _SVID_SOURCE are deprecated, use _DEFAULT_SOURCE"
#18 10.80       |   ^~~~~~~
#18 10.90 ar rv /usr/local/cwp_su_all_44R22/lib/libpar.a upweik.o
#18 10.90 a - upweik.o
#18 10.91 rm -f upweik.o
#18 10.91 gcc -c -I/usr/local/cwp_su_all_44R22/include -O  -std=c99 -Wall -pedantic -Wno-long-long  -D_FILE_OFFSET_BITS=64 -D_LARGEFILE64_SOURCE -DCWP_LITTLE_ENDIAN -DSUXDR  -D_BSD_SOURCE -D_POSIX_SOURCE wtlib.c
#18 10.92 In file included from /usr/include/x86_64-linux-gnu/bits/libc-header-start.h:33,
#18 10.92                  from /usr/include/stdio.h:27,
#18 10.92                  from /usr/local/cwp_su_all_44R22/include/cwp.h:12,
#18 10.92                  from /usr/local/cwp_su_all_44R22/include/par.h:12,
#18 10.92                  from wtlib.c:151:
#18 10.92 /usr/include/features.h:194:3: warning: #warning "_BSD_SOURCE and _SVID_SOURCE are deprecated, use _DEFAULT_SOURCE" [-Wcpp]
#18 10.92   194 | # warning "_BSD_SOURCE and _SVID_SOURCE are deprecated, use _DEFAULT_SOURCE"
#18 10.92       |   ^~~~~~~
#18 11.09 ar rv /usr/local/cwp_su_all_44R22/lib/libpar.a wtlib.o
#18 11.09 a - wtlib.o
#18 11.10 rm -f wtlib.o
#18 11.10 ranlib /usr/local/cwp_su_all_44R22/lib/libpar.a
#18 11.12 make[2]: Leaving directory '/usr/local/cwp_su_all_44R22/src/par/lib'
#18 11.12 cd main    ; make
#18 11.13 make[2]: Entering directory '/usr/local/cwp_su_all_44R22/src/par/main'
#18 11.13 cd apertures ; make
#18 11.13 make[3]: Entering directory '/usr/local/cwp_su_all_44R22/src/par/main/apertures'
#18 11.13 gcc -I/usr/local/cwp_su_all_44R22/include -O  -std=c99 -Wall -pedantic -Wno-long-long  -D_FILE_OFFSET_BITS=64 -D_LARGEFILE64_SOURCE -DCWP_LITTLE_ENDIAN -DSUXDR  -D_BSD_SOURCE -D_POSIX_SOURCE kaperture.c  -L/usr/local/cwp_su_all_44R22/lib -lpar -lcwp -lm  -o /usr/local/cwp_su_all_44R22/bin/kaperture
#18 11.14 In file included from /usr/include/x86_64-linux-gnu/bits/libc-header-start.h:33,
#18 11.14                  from /usr/include/stdio.h:27,
#18 11.14                  from /usr/local/cwp_su_all_44R22/include/cwp.h:12,
#18 11.14                  from /usr/local/cwp_su_all_44R22/include/par.h:12,
#18 11.14                  from kaperture.c:6:
#18 11.14 /usr/include/features.h:194:3: warning: #warning "_BSD_SOURCE and _SVID_SOURCE are deprecated, use _DEFAULT_SOURCE" [-Wcpp]
#18 11.14   194 | # warning "_BSD_SOURCE and _SVID_SOURCE are deprecated, use _DEFAULT_SOURCE"
#18 11.14       |   ^~~~~~~
#18 11.21 chmod 755 /usr/local/cwp_su_all_44R22/bin/kaperture
#18 11.21 kaperture installed in /usr/local/cwp_su_all_44R22/bin
#18 11.22 make[3]: Leaving directory '/usr/local/cwp_su_all_44R22/src/par/main/apertures'
#18 11.22 cd cellular_automata ; make
#18 11.22 make[3]: Entering directory '/usr/local/cwp_su_all_44R22/src/par/main/cellular_automata'
#18 11.22 gcc -I/usr/local/cwp_su_all_44R22/include -O  -std=c99 -Wall -pedantic -Wno-long-long  -D_FILE_OFFSET_BITS=64 -D_LARGEFILE64_SOURCE -DCWP_LITTLE_ENDIAN -DSUXDR  -D_BSD_SOURCE -D_POSIX_SOURCE cellauto.c  -L/usr/local/cwp_su_all_44R22/lib -lpar -lcwp -lm  -o /usr/local/cwp_su_all_44R22/bin/cellauto
#18 11.23 In file included from /usr/include/x86_64-linux-gnu/bits/libc-header-start.h:33,
#18 11.23                  from /usr/include/stdio.h:27,
#18 11.23                  from /usr/local/cwp_su_all_44R22/include/cwp.h:12,
#18 11.23                  from /usr/local/cwp_su_all_44R22/include/par.h:12,
#18 11.23                  from cellauto.c:6:
#18 11.23 /usr/include/features.h:194:3: warning: #warning "_BSD_SOURCE and _SVID_SOURCE are deprecated, use _DEFAULT_SOURCE" [-Wcpp]
#18 11.23   194 | # warning "_BSD_SOURCE and _SVID_SOURCE are deprecated, use _DEFAULT_SOURCE"
#18 11.23       |   ^~~~~~~
#18 11.33 chmod 755 /usr/local/cwp_su_all_44R22/bin/cellauto
#18 11.33 cellauto installed in /usr/local/cwp_su_all_44R22/bin
#18 11.34 make[3]: Leaving directory '/usr/local/cwp_su_all_44R22/src/par/main/cellular_automata'
#18 11.34 cd data_conversion ; make
#18 11.34 make[3]: Entering directory '/usr/local/cwp_su_all_44R22/src/par/main/data_conversion'
#18 11.34 gcc -I/usr/local/cwp_su_all_44R22/include -O  -std=c99 -Wall -pedantic -Wno-long-long  -D_FILE_OFFSET_BITS=64 -D_LARGEFILE64_SOURCE -DCWP_LITTLE_ENDIAN -DSUXDR  -D_BSD_SOURCE -D_POSIX_SOURCE a2b.c  -L/usr/local/cwp_su_all_44R22/lib -lpar -lcwp -lm  -o /usr/local/cwp_su_all_44R22/bin/a2b
#18 11.36 In file included from /usr/include/x86_64-linux-gnu/bits/libc-header-start.h:33,
#18 11.36                  from /usr/include/stdio.h:27,
#18 11.36                  from /usr/local/cwp_su_all_44R22/include/cwp.h:12,
#18 11.36                  from /usr/local/cwp_su_all_44R22/include/par.h:12,
#18 11.36                  from a2b.c:6:
#18 11.36 /usr/include/features.h:194:3: warning: #warning "_BSD_SOURCE and _SVID_SOURCE are deprecated, use _DEFAULT_SOURCE" [-Wcpp]
#18 11.36   194 | # warning "_BSD_SOURCE and _SVID_SOURCE are deprecated, use _DEFAULT_SOURCE"
#18 11.36       |   ^~~~~~~
#18 11.42 chmod 755 /usr/local/cwp_su_all_44R22/bin/a2b
#18 11.42 a2b installed in /usr/local/cwp_su_all_44R22/bin
#18 11.42 gcc -I/usr/local/cwp_su_all_44R22/include -O  -std=c99 -Wall -pedantic -Wno-long-long  -D_FILE_OFFSET_BITS=64 -D_LARGEFILE64_SOURCE -DCWP_LITTLE_ENDIAN -DSUXDR  -D_BSD_SOURCE -D_POSIX_SOURCE a2i.c  -L/usr/local/cwp_su_all_44R22/lib -lpar -lcwp -lm  -o /usr/local/cwp_su_all_44R22/bin/a2i
#18 11.43 In file included from /usr/include/x86_64-linux-gnu/bits/libc-header-start.h:33,
#18 11.43                  from /usr/include/stdio.h:27,
#18 11.43                  from /usr/local/cwp_su_all_44R22/include/cwp.h:12,
#18 11.43                  from /usr/local/cwp_su_all_44R22/include/par.h:12,
#18 11.43                  from a2i.c:6:
#18 11.43 /usr/include/features.h:194:3: warning: #warning "_BSD_SOURCE and _SVID_SOURCE are deprecated, use _DEFAULT_SOURCE" [-Wcpp]
#18 11.43   194 | # warning "_BSD_SOURCE and _SVID_SOURCE are deprecated, use _DEFAULT_SOURCE"
#18 11.43       |   ^~~~~~~
#18 11.48 chmod 755 /usr/local/cwp_su_all_44R22/bin/a2i
#18 11.48 a2i installed in /usr/local/cwp_su_all_44R22/bin
#18 11.49 gcc -I/usr/local/cwp_su_all_44R22/include -O  -std=c99 -Wall -pedantic -Wno-long-long  -D_FILE_OFFSET_BITS=64 -D_LARGEFILE64_SOURCE -DCWP_LITTLE_ENDIAN -DSUXDR  -D_BSD_SOURCE -D_POSIX_SOURCE b2a.c  -L/usr/local/cwp_su_all_44R22/lib -lpar -lcwp -lm  -o /usr/local/cwp_su_all_44R22/bin/b2a
#18 11.49 In file included from /usr/include/x86_64-linux-gnu/bits/libc-header-start.h:33,
#18 11.49                  from /usr/include/stdio.h:27,
#18 11.49                  from /usr/local/cwp_su_all_44R22/include/cwp.h:12,
#18 11.49                  from /usr/local/cwp_su_all_44R22/include/par.h:12,
#18 11.49                  from b2a.c:5:
#18 11.49 /usr/include/features.h:194:3: warning: #warning "_BSD_SOURCE and _SVID_SOURCE are deprecated, use _DEFAULT_SOURCE" [-Wcpp]
#18 11.49   194 | # warning "_BSD_SOURCE and _SVID_SOURCE are deprecated, use _DEFAULT_SOURCE"
#18 11.49       |   ^~~~~~~
#18 11.56 chmod 755 /usr/local/cwp_su_all_44R22/bin/b2a
#18 11.56 b2a installed in /usr/local/cwp_su_all_44R22/bin
#18 11.56 gcc -I/usr/local/cwp_su_all_44R22/include -O  -std=c99 -Wall -pedantic -Wno-long-long  -D_FILE_OFFSET_BITS=64 -D_LARGEFILE64_SOURCE -DCWP_LITTLE_ENDIAN -DSUXDR  -D_BSD_SOURCE -D_POSIX_SOURCE farith.c  -L/usr/local/cwp_su_all_44R22/lib -lpar -lcwp -lm  -o /usr/local/cwp_su_all_44R22/bin/farith
#18 11.57 In file included from /usr/include/x86_64-linux-gnu/bits/libc-header-start.h:33,
#18 11.57                  from /usr/include/stdio.h:27,
#18 11.57                  from /usr/local/cwp_su_all_44R22/include/cwp.h:12,
#18 11.57                  from /usr/local/cwp_su_all_44R22/include/par.h:12,
#18 11.57                  from farith.c:6:
#18 11.57 /usr/include/features.h:194:3: warning: #warning "_BSD_SOURCE and _SVID_SOURCE are deprecated, use _DEFAULT_SOURCE" [-Wcpp]
#18 11.57   194 | # warning "_BSD_SOURCE and _SVID_SOURCE are deprecated, use _DEFAULT_SOURCE"
#18 11.57       |   ^~~~~~~
#18 11.68 chmod 755 /usr/local/cwp_su_all_44R22/bin/farith
#18 11.69 farith installed in /usr/local/cwp_su_all_44R22/bin
#18 11.70 gcc -I/usr/local/cwp_su_all_44R22/include -O  -std=c99 -Wall -pedantic -Wno-long-long  -D_FILE_OFFSET_BITS=64 -D_LARGEFILE64_SOURCE -DCWP_LITTLE_ENDIAN -DSUXDR  -D_BSD_SOURCE -D_POSIX_SOURCE float2ibm.c  -L/usr/local/cwp_su_all_44R22/lib -lpar -lcwp -lm  -o /usr/local/cwp_su_all_44R22/bin/float2ibm
#18 11.71 In file included from /usr/include/x86_64-linux-gnu/bits/libc-header-start.h:33,
#18 11.71                  from /usr/include/stdio.h:27,
#18 11.71                  from /usr/local/cwp_su_all_44R22/include/cwp.h:12,
#18 11.71                  from /usr/local/cwp_su_all_44R22/include/par.h:12,
#18 11.71                  from float2ibm.c:6:
#18 11.71 /usr/include/features.h:194:3: warning: #warning "_BSD_SOURCE and _SVID_SOURCE are deprecated, use _DEFAULT_SOURCE" [-Wcpp]
#18 11.71   194 | # warning "_BSD_SOURCE and _SVID_SOURCE are deprecated, use _DEFAULT_SOURCE"
#18 11.71       |   ^~~~~~~
#18 11.77 chmod 755 /usr/local/cwp_su_all_44R22/bin/float2ibm
#18 11.77 float2ibm installed in /usr/local/cwp_su_all_44R22/bin
#18 11.77 gcc -I/usr/local/cwp_su_all_44R22/include -O  -std=c99 -Wall -pedantic -Wno-long-long  -D_FILE_OFFSET_BITS=64 -D_LARGEFILE64_SOURCE -DCWP_LITTLE_ENDIAN -DSUXDR  -D_BSD_SOURCE -D_POSIX_SOURCE ftnstrip.c  -L/usr/local/cwp_su_all_44R22/lib -lpar -lcwp -lm  -o /usr/local/cwp_su_all_44R22/bin/ftnstrip
#18 11.78 In file included from /usr/include/x86_64-linux-gnu/bits/libc-header-start.h:33,
#18 11.78                  from /usr/include/stdio.h:27,
#18 11.78                  from /usr/local/cwp_su_all_44R22/include/cwp.h:12,
#18 11.78                  from /usr/local/cwp_su_all_44R22/include/par.h:12,
#18 11.78                  from ftnstrip.c:6:
#18 11.78 /usr/include/features.h:194:3: warning: #warning "_BSD_SOURCE and _SVID_SOURCE are deprecated, use _DEFAULT_SOURCE" [-Wcpp]
#18 11.78   194 | # warning "_BSD_SOURCE and _SVID_SOURCE are deprecated, use _DEFAULT_SOURCE"
#18 11.78       |   ^~~~~~~
#18 11.83 chmod 755 /usr/local/cwp_su_all_44R22/bin/ftnstrip
#18 11.83 ftnstrip installed in /usr/local/cwp_su_all_44R22/bin
#18 11.83 gcc -I/usr/local/cwp_su_all_44R22/include -O  -std=c99 -Wall -pedantic -Wno-long-long  -D_FILE_OFFSET_BITS=64 -D_LARGEFILE64_SOURCE -DCWP_LITTLE_ENDIAN -DSUXDR  -D_BSD_SOURCE -D_POSIX_SOURCE ftnunstrip.c  -L/usr/local/cwp_su_all_44R22/lib -lpar -lcwp -lm  -o /usr/local/cwp_su_all_44R22/bin/ftnunstrip
#18 11.84 In file included from /usr/include/x86_64-linux-gnu/bits/libc-header-start.h:33,
#18 11.84                  from /usr/include/stdio.h:27,
#18 11.84                  from /usr/local/cwp_su_all_44R22/include/cwp.h:12,
#18 11.84                  from /usr/local/cwp_su_all_44R22/include/par.h:12,
#18 11.84                  from ftnunstrip.c:5:
#18 11.84 /usr/include/features.h:194:3: warning: #warning "_BSD_SOURCE and _SVID_SOURCE are deprecated, use _DEFAULT_SOURCE" [-Wcpp]
#18 11.84   194 | # warning "_BSD_SOURCE and _SVID_SOURCE are deprecated, use _DEFAULT_SOURCE"
#18 11.84       |   ^~~~~~~
#18 11.90 chmod 755 /usr/local/cwp_su_all_44R22/bin/ftnunstrip
#18 11.90 ftnunstrip installed in /usr/local/cwp_su_all_44R22/bin
#18 11.90 gcc -I/usr/local/cwp_su_all_44R22/include -O  -std=c99 -Wall -pedantic -Wno-long-long  -D_FILE_OFFSET_BITS=64 -D_LARGEFILE64_SOURCE -DCWP_LITTLE_ENDIAN -DSUXDR  -D_BSD_SOURCE -D_POSIX_SOURCE h2b.c  -L/usr/local/cwp_su_all_44R22/lib -lpar -lcwp -lm  -o /usr/local/cwp_su_all_44R22/bin/h2b
#18 11.91 In file included from /usr/include/x86_64-linux-gnu/bits/libc-header-start.h:33,
#18 11.91                  from /usr/include/stdio.h:27,
#18 11.91                  from /usr/local/cwp_su_all_44R22/include/cwp.h:12,
#18 11.91                  from /usr/local/cwp_su_all_44R22/include/par.h:12,
#18 11.91                  from h2b.c:6:
#18 11.91 /usr/include/features.h:194:3: warning: #warning "_BSD_SOURCE and _SVID_SOURCE are deprecated, use _DEFAULT_SOURCE" [-Wcpp]
#18 11.91   194 | # warning "_BSD_SOURCE and _SVID_SOURCE are deprecated, use _DEFAULT_SOURCE"
#18 11.91       |   ^~~~~~~
#18 11.96 chmod 755 /usr/local/cwp_su_all_44R22/bin/h2b
#18 11.96 h2b installed in /usr/local/cwp_su_all_44R22/bin
#18 11.96 gcc -I/usr/local/cwp_su_all_44R22/include -O  -std=c99 -Wall -pedantic -Wno-long-long  -D_FILE_OFFSET_BITS=64 -D_LARGEFILE64_SOURCE -DCWP_LITTLE_ENDIAN -DSUXDR  -D_BSD_SOURCE -D_POSIX_SOURCE i2a.c  -L/usr/local/cwp_su_all_44R22/lib -lpar -lcwp -lm  -o /usr/local/cwp_su_all_44R22/bin/i2a
#18 11.98 In file included from /usr/include/x86_64-linux-gnu/bits/libc-header-start.h:33,
#18 11.98                  from /usr/include/stdio.h:27,
#18 11.98                  from /usr/local/cwp_su_all_44R22/include/cwp.h:12,
#18 11.98                  from /usr/local/cwp_su_all_44R22/include/par.h:12,
#18 11.98                  from i2a.c:5:
#18 11.98 /usr/include/features.h:194:3: warning: #warning "_BSD_SOURCE and _SVID_SOURCE are deprecated, use _DEFAULT_SOURCE" [-Wcpp]
#18 11.98   194 | # warning "_BSD_SOURCE and _SVID_SOURCE are deprecated, use _DEFAULT_SOURCE"
#18 11.98       |   ^~~~~~~
#18 12.04 chmod 755 /usr/local/cwp_su_all_44R22/bin/i2a
#18 12.04 i2a installed in /usr/local/cwp_su_all_44R22/bin
#18 12.04 gcc -I/usr/local/cwp_su_all_44R22/include -O  -std=c99 -Wall -pedantic -Wno-long-long  -D_FILE_OFFSET_BITS=64 -D_LARGEFILE64_SOURCE -DCWP_LITTLE_ENDIAN -DSUXDR  -D_BSD_SOURCE -D_POSIX_SOURCE ibm2float.c  -L/usr/local/cwp_su_all_44R22/lib -lpar -lcwp -lm  -o /usr/local/cwp_su_all_44R22/bin/ibm2float
#18 12.04 In file included from /usr/include/x86_64-linux-gnu/bits/libc-header-start.h:33,
#18 12.04                  from /usr/include/stdio.h:27,
#18 12.04                  from /usr/local/cwp_su_all_44R22/include/cwp.h:12,
#18 12.04                  from /usr/local/cwp_su_all_44R22/include/par.h:12,
#18 12.04                  from ibm2float.c:6:
#18 12.04 /usr/include/features.h:194:3: warning: #warning "_BSD_SOURCE and _SVID_SOURCE are deprecated, use _DEFAULT_SOURCE" [-Wcpp]
#18 12.04   194 | # warning "_BSD_SOURCE and _SVID_SOURCE are deprecated, use _DEFAULT_SOURCE"
#18 12.04       |   ^~~~~~~
#18 12.10 chmod 755 /usr/local/cwp_su_all_44R22/bin/ibm2float
#18 12.10 ibm2float installed in /usr/local/cwp_su_all_44R22/bin
#18 12.10 gcc -I/usr/local/cwp_su_all_44R22/include -O  -std=c99 -Wall -pedantic -Wno-long-long  -D_FILE_OFFSET_BITS=64 -D_LARGEFILE64_SOURCE -DCWP_LITTLE_ENDIAN -DSUXDR  -D_BSD_SOURCE -D_POSIX_SOURCE recast.c  -L/usr/local/cwp_su_all_44R22/lib -lpar -lcwp -lm  -o /usr/local/cwp_su_all_44R22/bin/recast
#18 12.11 In file included from /usr/include/x86_64-linux-gnu/bits/libc-header-start.h:33,
#18 12.11                  from /usr/include/stdio.h:27,
#18 12.11                  from /usr/local/cwp_su_all_44R22/include/cwp.h:12,
#18 12.11                  from /usr/local/cwp_su_all_44R22/include/par.h:12,
#18 12.11                  from recast.c:6:
#18 12.11 /usr/include/features.h:194:3: warning: #warning "_BSD_SOURCE and _SVID_SOURCE are deprecated, use _DEFAULT_SOURCE" [-Wcpp]
#18 12.11   194 | # warning "_BSD_SOURCE and _SVID_SOURCE are deprecated, use _DEFAULT_SOURCE"
#18 12.11       |   ^~~~~~~
#18 12.23 chmod 755 /usr/local/cwp_su_all_44R22/bin/recast
#18 12.23 recast installed in /usr/local/cwp_su_all_44R22/bin
#18 12.23 gcc -I/usr/local/cwp_su_all_44R22/include -O  -std=c99 -Wall -pedantic -Wno-long-long  -D_FILE_OFFSET_BITS=64 -D_LARGEFILE64_SOURCE -DCWP_LITTLE_ENDIAN -DSUXDR  -D_BSD_SOURCE -D_POSIX_SOURCE swapbytes.c  -L/usr/local/cwp_su_all_44R22/lib -lpar -lcwp -lm  -o /usr/local/cwp_su_all_44R22/bin/swapbytes
#18 12.24 In file included from /usr/include/x86_64-linux-gnu/bits/libc-header-start.h:33,
#18 12.24                  from /usr/include/stdio.h:27,
#18 12.24                  from /usr/local/cwp_su_all_44R22/include/cwp.h:12,
#18 12.24                  from /usr/local/cwp_su_all_44R22/include/par.h:12,
#18 12.24                  from swapbytes.c:6:
#18 12.24 /usr/include/features.h:194:3: warning: #warning "_BSD_SOURCE and _SVID_SOURCE are deprecated, use _DEFAULT_SOURCE" [-Wcpp]
#18 12.24   194 | # warning "_BSD_SOURCE and _SVID_SOURCE are deprecated, use _DEFAULT_SOURCE"
#18 12.24       |   ^~~~~~~
#18 12.31 chmod 755 /usr/local/cwp_su_all_44R22/bin/swapbytes
#18 12.31 swapbytes installed in /usr/local/cwp_su_all_44R22/bin
#18 12.31 gcc -I/usr/local/cwp_su_all_44R22/include -O  -std=c99 -Wall -pedantic -Wno-long-long  -D_FILE_OFFSET_BITS=64 -D_LARGEFILE64_SOURCE -DCWP_LITTLE_ENDIAN -DSUXDR  -D_BSD_SOURCE -D_POSIX_SOURCE utmconv.c  -L/usr/local/cwp_su_all_44R22/lib -lpar -lcwp -lm  -o /usr/local/cwp_su_all_44R22/bin/utmconv
#18 12.32 In file included from /usr/include/x86_64-linux-gnu/bits/libc-header-start.h:33,
#18 12.32                  from /usr/include/stdio.h:27,
#18 12.32                  from /usr/local/cwp_su_all_44R22/include/cwp.h:12,
#18 12.32                  from /usr/local/cwp_su_all_44R22/include/par.h:12,
#18 12.32                  from utmconv.c:6:
#18 12.32 /usr/include/features.h:194:3: warning: #warning "_BSD_SOURCE and _SVID_SOURCE are deprecated, use _DEFAULT_SOURCE" [-Wcpp]
#18 12.32   194 | # warning "_BSD_SOURCE and _SVID_SOURCE are deprecated, use _DEFAULT_SOURCE"
#18 12.32       |   ^~~~~~~
#18 12.41 chmod 755 /usr/local/cwp_su_all_44R22/bin/utmconv
#18 12.41 utmconv installed in /usr/local/cwp_su_all_44R22/bin
#18 12.42 make[3]: Leaving directory '/usr/local/cwp_su_all_44R22/src/par/main/data_conversion'
#18 12.42 cd ordinary_differential_equations ; make
#18 12.42 make[3]: Entering directory '/usr/local/cwp_su_all_44R22/src/par/main/ordinary_differential_equations'
#18 12.42 gcc -I/usr/local/cwp_su_all_44R22/include -O  -std=c99 -Wall -pedantic -Wno-long-long  -D_FILE_OFFSET_BITS=64 -D_LARGEFILE64_SOURCE -DCWP_LITTLE_ENDIAN -DSUXDR  -D_BSD_SOURCE -D_POSIX_SOURCE logisticfit.c  -L/usr/local/cwp_su_all_44R22/lib -lpar -lcwp -lm  -o /usr/local/cwp_su_all_44R22/bin/logisticfit
#18 12.43 In file included from /usr/include/x86_64-linux-gnu/bits/libc-header-start.h:33,
#18 12.43                  from /usr/include/stdio.h:27,
#18 12.43                  from /usr/local/cwp_su_all_44R22/include/cwp.h:12,
#18 12.43                  from /usr/local/cwp_su_all_44R22/include/par.h:12,
#18 12.43                  from logisticfit.c:7:
#18 12.43 /usr/include/features.h:194:3: warning: #warning "_BSD_SOURCE and _SVID_SOURCE are deprecated, use _DEFAULT_SOURCE" [-Wcpp]
#18 12.43   194 | # warning "_BSD_SOURCE and _SVID_SOURCE are deprecated, use _DEFAULT_SOURCE"
#18 12.43       |   ^~~~~~~
#18 12.51 chmod 755 /usr/local/cwp_su_all_44R22/bin/logisticfit
#18 12.51 logisticfit installed in /usr/local/cwp_su_all_44R22/bin
#18 12.51 gcc -I/usr/local/cwp_su_all_44R22/include -O  -std=c99 -Wall -pedantic -Wno-long-long  -D_FILE_OFFSET_BITS=64 -D_LARGEFILE64_SOURCE -DCWP_LITTLE_ENDIAN -DSUXDR  -D_BSD_SOURCE -D_POSIX_SOURCE lorenz.c  -L/usr/local/cwp_su_all_44R22/lib -lpar -lcwp -lm  -o /usr/local/cwp_su_all_44R22/bin/lorenz
#18 12.51 In file included from /usr/include/x86_64-linux-gnu/bits/libc-header-start.h:33,
#18 12.51                  from /usr/include/stdio.h:27,
#18 12.51                  from /usr/local/cwp_su_all_44R22/include/cwp.h:12,
#18 12.51                  from /usr/local/cwp_su_all_44R22/include/par.h:12,
#18 12.51                  from lorenz.c:4:
#18 12.51 /usr/include/features.h:194:3: warning: #warning "_BSD_SOURCE and _SVID_SOURCE are deprecated, use _DEFAULT_SOURCE" [-Wcpp]
#18 12.51   194 | # warning "_BSD_SOURCE and _SVID_SOURCE are deprecated, use _DEFAULT_SOURCE"
#18 12.51       |   ^~~~~~~
#18 12.59 chmod 755 /usr/local/cwp_su_all_44R22/bin/lorenz
#18 12.59 lorenz installed in /usr/local/cwp_su_all_44R22/bin
#18 12.59 gcc -I/usr/local/cwp_su_all_44R22/include -O  -std=c99 -Wall -pedantic -Wno-long-long  -D_FILE_OFFSET_BITS=64 -D_LARGEFILE64_SOURCE -DCWP_LITTLE_ENDIAN -DSUXDR  -D_BSD_SOURCE -D_POSIX_SOURCE rossler.c  -L/usr/local/cwp_su_all_44R22/lib -lpar -lcwp -lm  -o /usr/local/cwp_su_all_44R22/bin/rossler
#18 12.60 In file included from /usr/include/x86_64-linux-gnu/bits/libc-header-start.h:33,
#18 12.60                  from /usr/include/stdio.h:27,
#18 12.60                  from /usr/local/cwp_su_all_44R22/include/cwp.h:12,
#18 12.60                  from /usr/local/cwp_su_all_44R22/include/par.h:12,
#18 12.60                  from rossler.c:4:
#18 12.60 /usr/include/features.h:194:3: warning: #warning "_BSD_SOURCE and _SVID_SOURCE are deprecated, use _DEFAULT_SOURCE" [-Wcpp]
#18 12.60   194 | # warning "_BSD_SOURCE and _SVID_SOURCE are deprecated, use _DEFAULT_SOURCE"
#18 12.60       |   ^~~~~~~
#18 12.66 chmod 755 /usr/local/cwp_su_all_44R22/bin/rossler
#18 12.66 rossler installed in /usr/local/cwp_su_all_44R22/bin
#18 12.66 gcc -I/usr/local/cwp_su_all_44R22/include -O  -std=c99 -Wall -pedantic -Wno-long-long  -D_FILE_OFFSET_BITS=64 -D_LARGEFILE64_SOURCE -DCWP_LITTLE_ENDIAN -DSUXDR  -D_BSD_SOURCE -D_POSIX_SOURCE sir_epidemic.c  -L/usr/local/cwp_su_all_44R22/lib -lpar -lcwp -lm  -o /usr/local/cwp_su_all_44R22/bin/sir_epidemic
#18 12.67 In file included from /usr/include/x86_64-linux-gnu/bits/libc-header-start.h:33,
#18 12.67                  from /usr/include/stdio.h:27,
#18 12.67                  from /usr/local/cwp_su_all_44R22/include/cwp.h:12,
#18 12.67                  from /usr/local/cwp_su_all_44R22/include/par.h:12,
#18 12.67                  from sir_epidemic.c:6:
#18 12.67 /usr/include/features.h:194:3: warning: #warning "_BSD_SOURCE and _SVID_SOURCE are deprecated, use _DEFAULT_SOURCE" [-Wcpp]
#18 12.67   194 | # warning "_BSD_SOURCE and _SVID_SOURCE are deprecated, use _DEFAULT_SOURCE"
#18 12.67       |   ^~~~~~~
#18 12.75 chmod 755 /usr/local/cwp_su_all_44R22/bin/sir_epidemic
#18 12.75 sir_epidemic installed in /usr/local/cwp_su_all_44R22/bin
#18 12.75 gcc -I/usr/local/cwp_su_all_44R22/include -O  -std=c99 -Wall -pedantic -Wno-long-long  -D_FILE_OFFSET_BITS=64 -D_LARGEFILE64_SOURCE -DCWP_LITTLE_ENDIAN -DSUXDR  -D_BSD_SOURCE -D_POSIX_SOURCE sird_epidemic.c  -L/usr/local/cwp_su_all_44R22/lib -lpar -lcwp -lm  -o /usr/local/cwp_su_all_44R22/bin/sird_epidemic
#18 12.76 In file included from /usr/include/x86_64-linux-gnu/bits/libc-header-start.h:33,
#18 12.76                  from /usr/include/stdio.h:27,
#18 12.76                  from /usr/local/cwp_su_all_44R22/include/cwp.h:12,
#18 12.76                  from /usr/local/cwp_su_all_44R22/include/par.h:12,
#18 12.76                  from sird_epidemic.c:6:
#18 12.76 /usr/include/features.h:194:3: warning: #warning "_BSD_SOURCE and _SVID_SOURCE are deprecated, use _DEFAULT_SOURCE" [-Wcpp]
#18 12.76   194 | # warning "_BSD_SOURCE and _SVID_SOURCE are deprecated, use _DEFAULT_SOURCE"
#18 12.76       |   ^~~~~~~
#18 12.83 chmod 755 /usr/local/cwp_su_all_44R22/bin/sird_epidemic
#18 12.83 sird_epidemic installed in /usr/local/cwp_su_all_44R22/bin
#18 12.83 gcc -I/usr/local/cwp_su_all_44R22/include -O  -std=c99 -Wall -pedantic -Wno-long-long  -D_FILE_OFFSET_BITS=64 -D_LARGEFILE64_SOURCE -DCWP_LITTLE_ENDIAN -DSUXDR  -D_BSD_SOURCE -D_POSIX_SOURCE seir_epidemic.c  -L/usr/local/cwp_su_all_44R22/lib -lpar -lcwp -lm  -o /usr/local/cwp_su_all_44R22/bin/seir_epidemic
#18 12.84 In file included from /usr/include/x86_64-linux-gnu/bits/libc-header-start.h:33,
#18 12.84                  from /usr/include/stdio.h:27,
#18 12.84                  from /usr/local/cwp_su_all_44R22/include/cwp.h:12,
#18 12.84                  from /usr/local/cwp_su_all_44R22/include/par.h:12,
#18 12.84                  from seir_epidemic.c:6:
#18 12.84 /usr/include/features.h:194:3: warning: #warning "_BSD_SOURCE and _SVID_SOURCE are deprecated, use _DEFAULT_SOURCE" [-Wcpp]
#18 12.84   194 | # warning "_BSD_SOURCE and _SVID_SOURCE are deprecated, use _DEFAULT_SOURCE"
#18 12.84       |   ^~~~~~~
#18 12.93 chmod 755 /usr/local/cwp_su_all_44R22/bin/seir_epidemic
#18 12.93 seir_epidemic installed in /usr/local/cwp_su_all_44R22/bin
#18 12.93 gcc -I/usr/local/cwp_su_all_44R22/include -O  -std=c99 -Wall -pedantic -Wno-long-long  -D_FILE_OFFSET_BITS=64 -D_LARGEFILE64_SOURCE -DCWP_LITTLE_ENDIAN -DSUXDR  -D_BSD_SOURCE -D_POSIX_SOURCE verhulst.c  -L/usr/local/cwp_su_all_44R22/lib -lpar -lcwp -lm  -o /usr/local/cwp_su_all_44R22/bin/verhulst
#18 12.93 In file included from /usr/include/x86_64-linux-gnu/bits/libc-header-start.h:33,
#18 12.93                  from /usr/include/stdio.h:27,
#18 12.93                  from /usr/local/cwp_su_all_44R22/include/cwp.h:12,
#18 12.93                  from /usr/local/cwp_su_all_44R22/include/par.h:12,
#18 12.93                  from verhulst.c:4:
#18 12.93 /usr/include/features.h:194:3: warning: #warning "_BSD_SOURCE and _SVID_SOURCE are deprecated, use _DEFAULT_SOURCE" [-Wcpp]
#18 12.93   194 | # warning "_BSD_SOURCE and _SVID_SOURCE are deprecated, use _DEFAULT_SOURCE"
#18 12.93       |   ^~~~~~~
#18 12.97 verhulst.c:237:36: warning: argument 2 of type 'double[3]' with mismatched bound [-Warray-parameter=]
#18 12.97   237 | verhulst_equation(double t, double y[3] , double yprime[3])
#18 12.97       |                             ~~~~~~~^~~~
#18 12.97 verhulst.c:69:36: note: previously declared as 'double[1]'
#18 12.97    69 | verhulst_equation(double t, double y[1] , double yprime[1]);
#18 12.97       |                             ~~~~~~~^~~~
#18 12.97 verhulst.c:237:50: warning: argument 3 of type 'double[3]' with mismatched bound [-Warray-parameter=]
#18 12.97   237 | verhulst_equation(double t, double y[3] , double yprime[3])
#18 12.97       |                                           ~~~~~~~^~~~~~~~~
#18 12.97 verhulst.c:69:50: note: previously declared as 'double[1]'
#18 12.97    69 | verhulst_equation(double t, double y[1] , double yprime[1]);
#18 12.97       |                                           ~~~~~~~^~~~~~~~~
#18 13.01 chmod 755 /usr/local/cwp_su_all_44R22/bin/verhulst
#18 13.02 verhulst installed in /usr/local/cwp_su_all_44R22/bin
#18 13.02 gcc -I/usr/local/cwp_su_all_44R22/include -O  -std=c99 -Wall -pedantic -Wno-long-long  -D_FILE_OFFSET_BITS=64 -D_LARGEFILE64_SOURCE -DCWP_LITTLE_ENDIAN -DSUXDR  -D_BSD_SOURCE -D_POSIX_SOURCE voltlotka.c  -L/usr/local/cwp_su_all_44R22/lib -lpar -lcwp -lm  -o /usr/local/cwp_su_all_44R22/bin/voltlotka
#18 13.02 In file included from /usr/include/x86_64-linux-gnu/bits/libc-header-start.h:33,
#18 13.02                  from /usr/include/stdio.h:27,
#18 13.02                  from /usr/local/cwp_su_all_44R22/include/cwp.h:12,
#18 13.02                  from /usr/local/cwp_su_all_44R22/include/par.h:12,
#18 13.02                  from voltlotka.c:6:
#18 13.02 /usr/include/features.h:194:3: warning: #warning "_BSD_SOURCE and _SVID_SOURCE are deprecated, use _DEFAULT_SOURCE" [-Wcpp]
#18 13.02   194 | # warning "_BSD_SOURCE and _SVID_SOURCE are deprecated, use _DEFAULT_SOURCE"
#18 13.02       |   ^~~~~~~
#18 13.05 voltlotka.c:216:66: warning: argument 3 of type 'double[3]' with mismatched bound [-Warray-parameter=]
#18 13.05   216 | modified_volterra_lotka_equations(double t, double y[2] , double yprime[3])
#18 13.05       |                                                           ~~~~~~~^~~~~~~~~
#18 13.05 voltlotka.c:79:66: note: previously declared as 'double[2]'
#18 13.05    79 | modified_volterra_lotka_equations(double t, double y[2] , double yprime[2]);
#18 13.05       |                                                           ~~~~~~~^~~~~~~~~
#18 13.10 chmod 755 /usr/local/cwp_su_all_44R22/bin/voltlotka
#18 13.10 voltlotka installed in /usr/local/cwp_su_all_44R22/bin
#18 13.11 make[3]: Leaving directory '/usr/local/cwp_su_all_44R22/src/par/main/ordinary_differential_equations'
#18 13.11 cd parameter_file_utilities ; make
#18 13.11 make[3]: Entering directory '/usr/local/cwp_su_all_44R22/src/par/main/parameter_file_utilities'
#18 13.11 gcc -I/usr/local/cwp_su_all_44R22/include -O  -std=c99 -Wall -pedantic -Wno-long-long  -D_FILE_OFFSET_BITS=64 -D_LARGEFILE64_SOURCE -DCWP_LITTLE_ENDIAN -DSUXDR  -D_BSD_SOURCE -D_POSIX_SOURCE mkparfile.c  -L/usr/local/cwp_su_all_44R22/lib -lpar -lcwp -lm  -o /usr/local/cwp_su_all_44R22/bin/mkparfile
#18 13.12 In file included from /usr/include/x86_64-linux-gnu/bits/libc-header-start.h:33,
#18 13.12                  from /usr/include/stdio.h:27,
#18 13.12                  from /usr/local/cwp_su_all_44R22/include/cwp.h:12,
#18 13.12                  from /usr/local/cwp_su_all_44R22/include/par.h:12,
#18 13.12                  from mkparfile.c:6:
#18 13.12 /usr/include/features.h:194:3: warning: #warning "_BSD_SOURCE and _SVID_SOURCE are deprecated, use _DEFAULT_SOURCE" [-Wcpp]
#18 13.12   194 | # warning "_BSD_SOURCE and _SVID_SOURCE are deprecated, use _DEFAULT_SOURCE"
#18 13.12       |   ^~~~~~~
#18 13.18 chmod 755 /usr/local/cwp_su_all_44R22/bin/mkparfile
#18 13.18 mkparfile installed in /usr/local/cwp_su_all_44R22/bin
#18 13.18 gcc -I/usr/local/cwp_su_all_44R22/include -O  -std=c99 -Wall -pedantic -Wno-long-long  -D_FILE_OFFSET_BITS=64 -D_LARGEFILE64_SOURCE -DCWP_LITTLE_ENDIAN -DSUXDR  -D_BSD_SOURCE -D_POSIX_SOURCE tvnmoqc.c  -L/usr/local/cwp_su_all_44R22/lib -lpar -lcwp -lm  -o /usr/local/cwp_su_all_44R22/bin/tvnmoqc
#18 13.19 In file included from /usr/include/x86_64-linux-gnu/bits/libc-header-start.h:33,
#18 13.19                  from /usr/include/stdio.h:27,
#18 13.19                  from /usr/local/cwp_su_all_44R22/include/cwp.h:12,
#18 13.19                  from /usr/local/cwp_su_all_44R22/include/par.h:12,
#18 13.19                  from tvnmoqc.c:6:
#18 13.19 /usr/include/features.h:194:3: warning: #warning "_BSD_SOURCE and _SVID_SOURCE are deprecated, use _DEFAULT_SOURCE" [-Wcpp]
#18 13.19   194 | # warning "_BSD_SOURCE and _SVID_SOURCE are deprecated, use _DEFAULT_SOURCE"
#18 13.19       |   ^~~~~~~
#18 13.26 chmod 755 /usr/local/cwp_su_all_44R22/bin/tvnmoqc
#18 13.26 tvnmoqc installed in /usr/local/cwp_su_all_44R22/bin
#18 13.26 make[3]: Leaving directory '/usr/local/cwp_su_all_44R22/src/par/main/parameter_file_utilities'
#18 13.26 cd ray_theory ; make
#18 13.27 make[3]: Entering directory '/usr/local/cwp_su_all_44R22/src/par/main/ray_theory'
#18 13.27 gcc -I/usr/local/cwp_su_all_44R22/include -O  -std=c99 -Wall -pedantic -Wno-long-long  -D_FILE_OFFSET_BITS=64 -D_LARGEFILE64_SOURCE -DCWP_LITTLE_ENDIAN -DSUXDR  -D_BSD_SOURCE -D_POSIX_SOURCE dzdv.c  -L/usr/local/cwp_su_all_44R22/lib -lpar -lcwp -lm  -o /usr/local/cwp_su_all_44R22/bin/dzdv
#18 13.27 In file included from /usr/include/x86_64-linux-gnu/bits/libc-header-start.h:33,
#18 13.27                  from /usr/include/stdio.h:27,
#18 13.27                  from /usr/local/cwp_su_all_44R22/include/cwp.h:12,
#18 13.27                  from /usr/local/cwp_su_all_44R22/include/par.h:12,
#18 13.27                  from dzdv.c:6:
#18 13.27 /usr/include/features.h:194:3: warning: #warning "_BSD_SOURCE and _SVID_SOURCE are deprecated, use _DEFAULT_SOURCE" [-Wcpp]
#18 13.27   194 | # warning "_BSD_SOURCE and _SVID_SOURCE are deprecated, use _DEFAULT_SOURCE"
#18 13.27       |   ^~~~~~~
#18 13.35 chmod 755 /usr/local/cwp_su_all_44R22/bin/dzdv
#18 13.35 dzdv installed in /usr/local/cwp_su_all_44R22/bin
#18 13.36 gcc -I/usr/local/cwp_su_all_44R22/include -O  -std=c99 -Wall -pedantic -Wno-long-long  -D_FILE_OFFSET_BITS=64 -D_LARGEFILE64_SOURCE -DCWP_LITTLE_ENDIAN -DSUXDR  -D_BSD_SOURCE -D_POSIX_SOURCE rayt2d.c  -L/usr/local/cwp_su_all_44R22/lib -lpar -lcwp -lm  -o /usr/local/cwp_su_all_44R22/bin/rayt2d
#18 13.37 In file included from /usr/include/x86_64-linux-gnu/bits/libc-header-start.h:33,
#18 13.37                  from /usr/include/stdio.h:27,
#18 13.37                  from /usr/local/cwp_su_all_44R22/include/cwp.h:12,
#18 13.37                  from /usr/local/cwp_su_all_44R22/include/par.h:12,
#18 13.37                  from rayt2d.c:6:
#18 13.37 /usr/include/features.h:194:3: warning: #warning "_BSD_SOURCE and _SVID_SOURCE are deprecated, use _DEFAULT_SOURCE" [-Wcpp]
#18 13.37   194 | # warning "_BSD_SOURCE and _SVID_SOURCE are deprecated, use _DEFAULT_SOURCE"
#18 13.37       |   ^~~~~~~
#18 13.40 rayt2d.c: In function 'makeRay':
#18 13.40 rayt2d.c:905:9: warning: this 'if' clause does not guard... [-Wmisleading-indentation]
#18 13.40   905 |         if(npv) vintp(geo2dv,pv,x,z,&dtv);
#18 13.40       |         ^~
#18 13.40 rayt2d.c:907:17: note: ...this statement, but the latter is misleadingly indented as if it were guarded by the 'if'
#18 13.40   907 |                 tzt = v*pz;
#18 13.40       |                 ^~~
#18 13.63 chmod 755 /usr/local/cwp_su_all_44R22/bin/rayt2d
#18 13.64 rayt2d installed in /usr/local/cwp_su_all_44R22/bin
#18 13.64 gcc -I/usr/local/cwp_su_all_44R22/include -O  -std=c99 -Wall -pedantic -Wno-long-long  -D_FILE_OFFSET_BITS=64 -D_LARGEFILE64_SOURCE -DCWP_LITTLE_ENDIAN -DSUXDR  -D_BSD_SOURCE -D_POSIX_SOURCE rayt2dan.c  -L/usr/local/cwp_su_all_44R22/lib -lpar -lcwp -lm  -o /usr/local/cwp_su_all_44R22/bin/rayt2dan
#18 13.65 In file included from /usr/include/x86_64-linux-gnu/bits/libc-header-start.h:33,
#18 13.65                  from /usr/include/stdio.h:27,
#18 13.65                  from /usr/local/cwp_su_all_44R22/include/cwp.h:12,
#18 13.65                  from /usr/local/cwp_su_all_44R22/include/par.h:12,
#18 13.65                  from rayt2dan.c:6:
#18 13.65 /usr/include/features.h:194:3: warning: #warning "_BSD_SOURCE and _SVID_SOURCE are deprecated, use _DEFAULT_SOURCE" [-Wcpp]
#18 13.65   194 | # warning "_BSD_SOURCE and _SVID_SOURCE are deprecated, use _DEFAULT_SOURCE"
#18 13.65       |   ^~~~~~~
#18 13.68 rayt2dan.c: In function 'main':
#18 13.68 rayt2dan.c:356:9: warning: this 'for' clause does not guard... [-Wmisleading-indentation]
#18 13.68   356 |         for (ixo=0;ixo<nxo;ixo++)
#18 13.68       |         ^~~
#18 13.68 rayt2dan.c:364:17: note: ...this statement, but the latter is misleadingly indented as if it were guarded by the 'for'
#18 13.68   364 |                 for(ia=0;ia<na;ia++) {
#18 13.68       |                 ^~~
#18 13.68 rayt2dan.c:468:17: warning: this 'if' clause does not guard... [-Wmisleading-indentation]
#18 13.68   468 |                 if (nxe >= nxo) nxe = nxo-1;
#18 13.68       |                 ^~
#18 13.68 rayt2dan.c:470:33: note: ...this statement, but the latter is misleadingly indented as if it were guarded by the 'if'
#18 13.68   470 |                                 for(ixo=nxf; ixo<=nxe; ++ixo) {
#18 13.68       |                                 ^~~
#18 14.09 chmod 755 /usr/local/cwp_su_all_44R22/bin/rayt2dan
#18 14.09 rayt2dan installed in /usr/local/cwp_su_all_44R22/bin
#18 14.09 gcc -I/usr/local/cwp_su_all_44R22/include -O  -std=c99 -Wall -pedantic -Wno-long-long  -D_FILE_OFFSET_BITS=64 -D_LARGEFILE64_SOURCE -DCWP_LITTLE_ENDIAN -DSUXDR  -D_BSD_SOURCE -D_POSIX_SOURCE wkbj.c  -L/usr/local/cwp_su_all_44R22/lib -lpar -lcwp -lm  -o /usr/local/cwp_su_all_44R22/bin/wkbj
#18 14.10 In file included from /usr/include/x86_64-linux-gnu/bits/libc-header-start.h:33,
#18 14.10                  from /usr/include/stdio.h:27,
#18 14.10                  from /usr/local/cwp_su_all_44R22/include/cwp.h:12,
#18 14.10                  from /usr/local/cwp_su_all_44R22/include/par.h:12,
#18 14.10                  from wkbj.c:6:
#18 14.10 /usr/include/features.h:194:3: warning: #warning "_BSD_SOURCE and _SVID_SOURCE are deprecated, use _DEFAULT_SOURCE" [-Wcpp]
#18 14.10   194 | # warning "_BSD_SOURCE and _SVID_SOURCE are deprecated, use _DEFAULT_SOURCE"
#18 14.10       |   ^~~~~~~
#18 14.13 wkbj.c: In function 'main':
#18 14.13 wkbj.c:96:9: warning: ignoring return value of 'fread' declared with attribute 'warn_unused_result' [-Wunused-result]
#18 14.13    96 |         fread(v[0],sizeof(float),nx*nz,vfp);
#18 14.13       |         ^~~~~~~~~~~~~~~~~~~~~~~~~~~~~~~~~~~
#18 14.17 chmod 755 /usr/local/cwp_su_all_44R22/bin/wkbj
#18 14.17 wkbj installed in /usr/local/cwp_su_all_44R22/bin
#18 14.17 make[3]: Leaving directory '/usr/local/cwp_su_all_44R22/src/par/main/ray_theory'
#18 14.17 cd refraction ; make
#18 14.18 make[3]: Entering directory '/usr/local/cwp_su_all_44R22/src/par/main/refraction'
#18 14.18 gcc -I/usr/local/cwp_su_all_44R22/include -O  -std=c99 -Wall -pedantic -Wno-long-long  -D_FILE_OFFSET_BITS=64 -D_LARGEFILE64_SOURCE -DCWP_LITTLE_ENDIAN -DSUXDR  -D_BSD_SOURCE -D_POSIX_SOURCE grm.c  -L/usr/local/cwp_su_all_44R22/lib -lpar -lcwp -lm  -o /usr/local/cwp_su_all_44R22/bin/grm
#18 14.18 In file included from /usr/include/x86_64-linux-gnu/bits/libc-header-start.h:33,
#18 14.18                  from /usr/include/stdio.h:27,
#18 14.18                  from /usr/local/cwp_su_all_44R22/include/cwp.h:12,
#18 14.18                  from /usr/local/cwp_su_all_44R22/include/par.h:12,
#18 14.18                  from grm.c:6:
#18 14.18 /usr/include/features.h:194:3: warning: #warning "_BSD_SOURCE and _SVID_SOURCE are deprecated, use _DEFAULT_SOURCE" [-Wcpp]
#18 14.18   194 | # warning "_BSD_SOURCE and _SVID_SOURCE are deprecated, use _DEFAULT_SOURCE"
#18 14.18       |   ^~~~~~~
#18 14.21 grm.c: In function 'main':
#18 14.21 grm.c:106:9: warning: ignoring return value of 'scanf' declared with attribute 'warn_unused_result' [-Wunused-result]
#18 14.21   106 |         scanf("%f %f %f %f",&r1,&r2,&r3,&r4);
#18 14.21       |         ^~~~~~~~~~~~~~~~~~~~~~~~~~~~~~~~~~~~
#18 14.28 chmod 755 /usr/local/cwp_su_all_44R22/bin/grm
#18 14.28 grm installed in /usr/local/cwp_su_all_44R22/bin
#18 14.29 make[3]: Leaving directory '/usr/local/cwp_su_all_44R22/src/par/main/refraction'
#18 14.29 cd resampling ; make
#18 14.29 make[3]: Entering directory '/usr/local/cwp_su_all_44R22/src/par/main/resampling'
#18 14.29 gcc -I/usr/local/cwp_su_all_44R22/include -O  -std=c99 -Wall -pedantic -Wno-long-long  -D_FILE_OFFSET_BITS=64 -D_LARGEFILE64_SOURCE -DCWP_LITTLE_ENDIAN -DSUXDR  -D_BSD_SOURCE -D_POSIX_SOURCE regrid3.c  -L/usr/local/cwp_su_all_44R22/lib -lpar -lcwp -lm  -o /usr/local/cwp_su_all_44R22/bin/regrid3
#18 14.30 In file included from /usr/include/x86_64-linux-gnu/bits/libc-header-start.h:33,
#18 14.30                  from /usr/include/stdio.h:27,
#18 14.30                  from /usr/local/cwp_su_all_44R22/include/cwp.h:12,
#18 14.30                  from /usr/local/cwp_su_all_44R22/include/par.h:12,
#18 14.30                  from regrid3.c:6:
#18 14.30 /usr/include/features.h:194:3: warning: #warning "_BSD_SOURCE and _SVID_SOURCE are deprecated, use _DEFAULT_SOURCE" [-Wcpp]
#18 14.30   194 | # warning "_BSD_SOURCE and _SVID_SOURCE are deprecated, use _DEFAULT_SOURCE"
#18 14.30       |   ^~~~~~~
#18 14.36 chmod 755 /usr/local/cwp_su_all_44R22/bin/regrid3
#18 14.36 regrid3 installed in /usr/local/cwp_su_all_44R22/bin
#18 14.36 gcc -I/usr/local/cwp_su_all_44R22/include -O  -std=c99 -Wall -pedantic -Wno-long-long  -D_FILE_OFFSET_BITS=64 -D_LARGEFILE64_SOURCE -DCWP_LITTLE_ENDIAN -DSUXDR  -D_BSD_SOURCE -D_POSIX_SOURCE resamp.c  -L/usr/local/cwp_su_all_44R22/lib -lpar -lcwp -lm  -o /usr/local/cwp_su_all_44R22/bin/resamp
#18 14.37 In file included from /usr/include/x86_64-linux-gnu/bits/libc-header-start.h:33,
#18 14.37                  from /usr/include/stdio.h:27,
#18 14.37                  from /usr/local/cwp_su_all_44R22/include/cwp.h:12,
#18 14.37                  from /usr/local/cwp_su_all_44R22/include/par.h:12,
#18 14.37                  from resamp.c:6:
#18 14.37 /usr/include/features.h:194:3: warning: #warning "_BSD_SOURCE and _SVID_SOURCE are deprecated, use _DEFAULT_SOURCE" [-Wcpp]
#18 14.37   194 | # warning "_BSD_SOURCE and _SVID_SOURCE are deprecated, use _DEFAULT_SOURCE"
#18 14.37       |   ^~~~~~~
#18 14.43 chmod 755 /usr/local/cwp_su_all_44R22/bin/resamp
#18 14.44 resamp installed in /usr/local/cwp_su_all_44R22/bin
#18 14.44 gcc -I/usr/local/cwp_su_all_44R22/include -O  -std=c99 -Wall -pedantic -Wno-long-long  -D_FILE_OFFSET_BITS=64 -D_LARGEFILE64_SOURCE -DCWP_LITTLE_ENDIAN -DSUXDR  -D_BSD_SOURCE -D_POSIX_SOURCE subset.c  -L/usr/local/cwp_su_all_44R22/lib -lpar -lcwp -lm  -o /usr/local/cwp_su_all_44R22/bin/subset
#18 14.44 In file included from /usr/include/x86_64-linux-gnu/bits/libc-header-start.h:33,
#18 14.44                  from /usr/include/stdio.h:27,
#18 14.44                  from /usr/local/cwp_su_all_44R22/include/cwp.h:12,
#18 14.44                  from /usr/local/cwp_su_all_44R22/include/par.h:12,
#18 14.44                  from subset.c:6:
#18 14.44 /usr/include/features.h:194:3: warning: #warning "_BSD_SOURCE and _SVID_SOURCE are deprecated, use _DEFAULT_SOURCE" [-Wcpp]
#18 14.44   194 | # warning "_BSD_SOURCE and _SVID_SOURCE are deprecated, use _DEFAULT_SOURCE"
#18 14.44       |   ^~~~~~~
#18 14.51 chmod 755 /usr/local/cwp_su_all_44R22/bin/subset
#18 14.51 subset installed in /usr/local/cwp_su_all_44R22/bin
#18 14.51 gcc -I/usr/local/cwp_su_all_44R22/include -O  -std=c99 -Wall -pedantic -Wno-long-long  -D_FILE_OFFSET_BITS=64 -D_LARGEFILE64_SOURCE -DCWP_LITTLE_ENDIAN -DSUXDR  -D_BSD_SOURCE -D_POSIX_SOURCE transp.c  -L/usr/local/cwp_su_all_44R22/lib -lpar -lcwp -lm  -o /usr/local/cwp_su_all_44R22/bin/transp
#18 14.52 In file included from /usr/include/x86_64-linux-gnu/bits/libc-header-start.h:33,
#18 14.52                  from /usr/include/stdio.h:27,
#18 14.52                  from /usr/local/cwp_su_all_44R22/include/cwp.h:12,
#18 14.52                  from /usr/local/cwp_su_all_44R22/include/par.h:12,
#18 14.52                  from transp.c:6:
#18 14.52 /usr/include/features.h:194:3: warning: #warning "_BSD_SOURCE and _SVID_SOURCE are deprecated, use _DEFAULT_SOURCE" [-Wcpp]
#18 14.52   194 | # warning "_BSD_SOURCE and _SVID_SOURCE are deprecated, use _DEFAULT_SOURCE"
#18 14.52       |   ^~~~~~~
#18 14.59 chmod 755 /usr/local/cwp_su_all_44R22/bin/transp
#18 14.59 transp installed in /usr/local/cwp_su_all_44R22/bin
#18 14.60 gcc -I/usr/local/cwp_su_all_44R22/include -O  -std=c99 -Wall -pedantic -Wno-long-long  -D_FILE_OFFSET_BITS=64 -D_LARGEFILE64_SOURCE -DCWP_LITTLE_ENDIAN -DSUXDR  -D_BSD_SOURCE -D_POSIX_SOURCE transp3d.c  -L/usr/local/cwp_su_all_44R22/lib -lpar -lcwp -lm  -o /usr/local/cwp_su_all_44R22/bin/transp3d
#18 14.60 In file included from /usr/include/x86_64-linux-gnu/bits/libc-header-start.h:33,
#18 14.60                  from /usr/include/stdio.h:27,
#18 14.60                  from /usr/local/cwp_su_all_44R22/include/cwp.h:12,
#18 14.60                  from /usr/local/cwp_su_all_44R22/include/par.h:12,
#18 14.60                  from transp3d.c:6:
#18 14.60 /usr/include/features.h:194:3: warning: #warning "_BSD_SOURCE and _SVID_SOURCE are deprecated, use _DEFAULT_SOURCE" [-Wcpp]
#18 14.60   194 | # warning "_BSD_SOURCE and _SVID_SOURCE are deprecated, use _DEFAULT_SOURCE"
#18 14.60       |   ^~~~~~~
#18 14.67 chmod 755 /usr/local/cwp_su_all_44R22/bin/transp3d
#18 14.68 transp3d installed in /usr/local/cwp_su_all_44R22/bin
#18 14.68 gcc -I/usr/local/cwp_su_all_44R22/include -O  -std=c99 -Wall -pedantic -Wno-long-long  -D_FILE_OFFSET_BITS=64 -D_LARGEFILE64_SOURCE -DCWP_LITTLE_ENDIAN -DSUXDR  -D_BSD_SOURCE -D_POSIX_SOURCE unisam.c  -L/usr/local/cwp_su_all_44R22/lib -lpar -lcwp -lm  -o /usr/local/cwp_su_all_44R22/bin/unisam
#18 14.68 In file included from /usr/include/x86_64-linux-gnu/bits/libc-header-start.h:33,
#18 14.68                  from /usr/include/stdio.h:27,
#18 14.68                  from /usr/local/cwp_su_all_44R22/include/cwp.h:12,
#18 14.68                  from /usr/local/cwp_su_all_44R22/include/par.h:12,
#18 14.68                  from unisam.c:6:
#18 14.68 /usr/include/features.h:194:3: warning: #warning "_BSD_SOURCE and _SVID_SOURCE are deprecated, use _DEFAULT_SOURCE" [-Wcpp]
#18 14.68   194 | # warning "_BSD_SOURCE and _SVID_SOURCE are deprecated, use _DEFAULT_SOURCE"
#18 14.68       |   ^~~~~~~
#18 14.87 chmod 755 /usr/local/cwp_su_all_44R22/bin/unisam
#18 14.87 unisam installed in /usr/local/cwp_su_all_44R22/bin
#18 14.87 gcc -I/usr/local/cwp_su_all_44R22/include -O  -std=c99 -Wall -pedantic -Wno-long-long  -D_FILE_OFFSET_BITS=64 -D_LARGEFILE64_SOURCE -DCWP_LITTLE_ENDIAN -DSUXDR  -D_BSD_SOURCE -D_POSIX_SOURCE unisam2.c  -L/usr/local/cwp_su_all_44R22/lib -lpar -lcwp -lm  -o /usr/local/cwp_su_all_44R22/bin/unisam2
#18 14.88 In file included from /usr/include/x86_64-linux-gnu/bits/libc-header-start.h:33,
#18 14.88                  from /usr/include/stdio.h:27,
#18 14.88                  from /usr/local/cwp_su_all_44R22/include/cwp.h:12,
#18 14.88                  from /usr/local/cwp_su_all_44R22/include/par.h:12,
#18 14.88                  from unisam2.c:6:
#18 14.88 /usr/include/features.h:194:3: warning: #warning "_BSD_SOURCE and _SVID_SOURCE are deprecated, use _DEFAULT_SOURCE" [-Wcpp]
#18 14.88   194 | # warning "_BSD_SOURCE and _SVID_SOURCE are deprecated, use _DEFAULT_SOURCE"
#18 14.88       |   ^~~~~~~
#18 14.96 chmod 755 /usr/local/cwp_su_all_44R22/bin/unisam2
#18 14.96 unisam2 installed in /usr/local/cwp_su_all_44R22/bin
#18 14.96 gcc -I/usr/local/cwp_su_all_44R22/include -O  -std=c99 -Wall -pedantic -Wno-long-long  -D_FILE_OFFSET_BITS=64 -D_LARGEFILE64_SOURCE -DCWP_LITTLE_ENDIAN -DSUXDR  -D_BSD_SOURCE -D_POSIX_SOURCE xy2z.c  -L/usr/local/cwp_su_all_44R22/lib -lpar -lcwp -lm  -o /usr/local/cwp_su_all_44R22/bin/xy2z
#18 14.97 In file included from /usr/include/x86_64-linux-gnu/bits/libc-header-start.h:33,
#18 14.97                  from /usr/include/stdio.h:27,
#18 14.97                  from /usr/local/cwp_su_all_44R22/include/cwp.h:12,
#18 14.97                  from /usr/local/cwp_su_all_44R22/include/par.h:12,
#18 14.97                  from xy2z.c:6:
#18 14.97 /usr/include/features.h:194:3: warning: #warning "_BSD_SOURCE and _SVID_SOURCE are deprecated, use _DEFAULT_SOURCE" [-Wcpp]
#18 14.97   194 | # warning "_BSD_SOURCE and _SVID_SOURCE are deprecated, use _DEFAULT_SOURCE"
#18 14.97       |   ^~~~~~~
#18 15.03 chmod 755 /usr/local/cwp_su_all_44R22/bin/xy2z
#18 15.03 xy2z installed in /usr/local/cwp_su_all_44R22/bin
#18 15.03 gcc -I/usr/local/cwp_su_all_44R22/include -O  -std=c99 -Wall -pedantic -Wno-long-long  -D_FILE_OFFSET_BITS=64 -D_LARGEFILE64_SOURCE -DCWP_LITTLE_ENDIAN -DSUXDR  -D_BSD_SOURCE -D_POSIX_SOURCE z2xyz.c  -L/usr/local/cwp_su_all_44R22/lib -lpar -lcwp -lm  -o /usr/local/cwp_su_all_44R22/bin/z2xyz
#18 15.04 In file included from /usr/include/x86_64-linux-gnu/bits/libc-header-start.h:33,
#18 15.04                  from /usr/include/stdio.h:27,
#18 15.04                  from /usr/local/cwp_su_all_44R22/include/cwp.h:12,
#18 15.04                  from /usr/local/cwp_su_all_44R22/include/par.h:12,
#18 15.04                  from z2xyz.c:6:
#18 15.04 /usr/include/features.h:194:3: warning: #warning "_BSD_SOURCE and _SVID_SOURCE are deprecated, use _DEFAULT_SOURCE" [-Wcpp]
#18 15.04   194 | # warning "_BSD_SOURCE and _SVID_SOURCE are deprecated, use _DEFAULT_SOURCE"
#18 15.04       |   ^~~~~~~
#18 15.10 chmod 755 /usr/local/cwp_su_all_44R22/bin/z2xyz
#18 15.11 z2xyz installed in /usr/local/cwp_su_all_44R22/bin
#18 15.11 make[3]: Leaving directory '/usr/local/cwp_su_all_44R22/src/par/main/resampling'
#18 15.11 cd smoothing ; make
#18 15.11 make[3]: Entering directory '/usr/local/cwp_su_all_44R22/src/par/main/smoothing'
#18 15.11 gcc -I/usr/local/cwp_su_all_44R22/include -O  -std=c99 -Wall -pedantic -Wno-long-long  -D_FILE_OFFSET_BITS=64 -D_LARGEFILE64_SOURCE -DCWP_LITTLE_ENDIAN -DSUXDR  -D_BSD_SOURCE -D_POSIX_SOURCE smooth2.c  -L/usr/local/cwp_su_all_44R22/lib -lpar -lcwp -lm  -o /usr/local/cwp_su_all_44R22/bin/smooth2
#18 15.12 In file included from /usr/include/x86_64-linux-gnu/bits/libc-header-start.h:33,
#18 15.12                  from /usr/include/stdio.h:27,
#18 15.12                  from /usr/local/cwp_su_all_44R22/include/cwp.h:12,
#18 15.12                  from /usr/local/cwp_su_all_44R22/include/par.h:12,
#18 15.12                  from smooth2.c:6:
#18 15.12 /usr/include/features.h:194:3: warning: #warning "_BSD_SOURCE and _SVID_SOURCE are deprecated, use _DEFAULT_SOURCE" [-Wcpp]
#18 15.12   194 | # warning "_BSD_SOURCE and _SVID_SOURCE are deprecated, use _DEFAULT_SOURCE"
#18 15.12       |   ^~~~~~~
#18 15.16 smooth2.c: In function 'main':
#18 15.16 smooth2.c:108:9: warning: ignoring return value of 'fread' declared with attribute 'warn_unused_result' [-Wunused-result]
#18 15.16   108 |         fread(v[0],sizeof(float),n2*n1,infp);
#18 15.16       |         ^~~~~~~~~~~~~~~~~~~~~~~~~~~~~~~~~~~~
#18 15.25 chmod 755 /usr/local/cwp_su_all_44R22/bin/smooth2
#18 15.25 smooth2 installed in /usr/local/cwp_su_all_44R22/bin
#18 15.25 gcc -I/usr/local/cwp_su_all_44R22/include -O  -std=c99 -Wall -pedantic -Wno-long-long  -D_FILE_OFFSET_BITS=64 -D_LARGEFILE64_SOURCE -DCWP_LITTLE_ENDIAN -DSUXDR  -D_BSD_SOURCE -D_POSIX_SOURCE smooth3d.c  -L/usr/local/cwp_su_all_44R22/lib -lpar -lcwp -lm  -o /usr/local/cwp_su_all_44R22/bin/smooth3d
#18 15.26 In file included from /usr/include/x86_64-linux-gnu/bits/libc-header-start.h:33,
#18 15.26                  from /usr/include/stdio.h:27,
#18 15.26                  from /usr/local/cwp_su_all_44R22/include/cwp.h:12,
#18 15.26                  from /usr/local/cwp_su_all_44R22/include/par.h:12,
#18 15.26                  from smooth3d.c:6:
#18 15.26 /usr/include/features.h:194:3: warning: #warning "_BSD_SOURCE and _SVID_SOURCE are deprecated, use _DEFAULT_SOURCE" [-Wcpp]
#18 15.26   194 | # warning "_BSD_SOURCE and _SVID_SOURCE are deprecated, use _DEFAULT_SOURCE"
#18 15.26       |   ^~~~~~~
#18 15.42 chmod 755 /usr/local/cwp_su_all_44R22/bin/smooth3d
#18 15.42 smooth3d installed in /usr/local/cwp_su_all_44R22/bin
#18 15.42 gcc -I/usr/local/cwp_su_all_44R22/include -O  -std=c99 -Wall -pedantic -Wno-long-long  -D_FILE_OFFSET_BITS=64 -D_LARGEFILE64_SOURCE -DCWP_LITTLE_ENDIAN -DSUXDR  -D_BSD_SOURCE -D_POSIX_SOURCE smoothint2.c  -L/usr/local/cwp_su_all_44R22/lib -lpar -lcwp -lm  -o /usr/local/cwp_su_all_44R22/bin/smoothint2
#18 15.43 In file included from /usr/include/x86_64-linux-gnu/bits/libc-header-start.h:33,
#18 15.43                  from /usr/include/stdio.h:27,
#18 15.43                  from /usr/local/cwp_su_all_44R22/include/cwp.h:12,
#18 15.43                  from /usr/local/cwp_su_all_44R22/include/par.h:12,
#18 15.43                  from smoothint2.c:6:
#18 15.43 /usr/include/features.h:194:3: warning: #warning "_BSD_SOURCE and _SVID_SOURCE are deprecated, use _DEFAULT_SOURCE" [-Wcpp]
#18 15.43   194 | # warning "_BSD_SOURCE and _SVID_SOURCE are deprecated, use _DEFAULT_SOURCE"
#18 15.43       |   ^~~~~~~
#18 15.46 smoothint2.c: In function 'main':
#18 15.46 smoothint2.c:93:25: warning: ignoring return value of 'scanf' declared with attribute 'warn_unused_result' [-Wunused-result]
#18 15.46    93 |                         scanf("%f%f\n", &xint[j], &zint[j]);
#18 15.46       |                         ^~~~~~~~~~~~~~~~~~~~~~~~~~~~~~~~~~~
#18 15.50 chmod 755 /usr/local/cwp_su_all_44R22/bin/smoothint2
#18 15.50 smoothint2 installed in /usr/local/cwp_su_all_44R22/bin
#18 15.50 make[3]: Leaving directory '/usr/local/cwp_su_all_44R22/src/par/main/smoothing'
#18 15.50 cd statistics ; make
#18 15.51 make[3]: Entering directory '/usr/local/cwp_su_all_44R22/src/par/main/statistics'
#18 15.51 gcc -I/usr/local/cwp_su_all_44R22/include -O  -std=c99 -Wall -pedantic -Wno-long-long  -D_FILE_OFFSET_BITS=64 -D_LARGEFILE64_SOURCE -DCWP_LITTLE_ENDIAN -DSUXDR  -D_BSD_SOURCE -D_POSIX_SOURCE cpftrend.c  -L/usr/local/cwp_su_all_44R22/lib -lpar -lcwp -lm  -o /usr/local/cwp_su_all_44R22/bin/cpftrend
#18 15.51 In file included from /usr/include/x86_64-linux-gnu/bits/libc-header-start.h:33,
#18 15.51                  from /usr/include/stdio.h:27,
#18 15.51                  from /usr/local/cwp_su_all_44R22/include/cwp.h:12,
#18 15.51                  from /usr/local/cwp_su_all_44R22/include/par.h:12,
#18 15.51                  from cpftrend.c:6:
#18 15.51 /usr/include/features.h:194:3: warning: #warning "_BSD_SOURCE and _SVID_SOURCE are deprecated, use _DEFAULT_SOURCE" [-Wcpp]
#18 15.51   194 | # warning "_BSD_SOURCE and _SVID_SOURCE are deprecated, use _DEFAULT_SOURCE"
#18 15.51       |   ^~~~~~~
#18 15.59 chmod 755 /usr/local/cwp_su_all_44R22/bin/cpftrend
#18 15.60 cpftrend installed in /usr/local/cwp_su_all_44R22/bin
#18 15.60 gcc -I/usr/local/cwp_su_all_44R22/include -O  -std=c99 -Wall -pedantic -Wno-long-long  -D_FILE_OFFSET_BITS=64 -D_LARGEFILE64_SOURCE -DCWP_LITTLE_ENDIAN -DSUXDR  -D_BSD_SOURCE -D_POSIX_SOURCE pdfhistogram.c  -L/usr/local/cwp_su_all_44R22/lib -lpar -lcwp -lm  -o /usr/local/cwp_su_all_44R22/bin/pdfhistogram
#18 15.60 In file included from /usr/include/x86_64-linux-gnu/bits/libc-header-start.h:33,
#18 15.60                  from /usr/include/stdio.h:27,
#18 15.60                  from /usr/local/cwp_su_all_44R22/include/cwp.h:12,
#18 15.60                  from /usr/local/cwp_su_all_44R22/include/par.h:12,
#18 15.60                  from pdfhistogram.c:6:
#18 15.60 /usr/include/features.h:194:3: warning: #warning "_BSD_SOURCE and _SVID_SOURCE are deprecated, use _DEFAULT_SOURCE" [-Wcpp]
#18 15.60   194 | # warning "_BSD_SOURCE and _SVID_SOURCE are deprecated, use _DEFAULT_SOURCE"
#18 15.60       |   ^~~~~~~
#18 15.71 chmod 755 /usr/local/cwp_su_all_44R22/bin/pdfhistogram
#18 15.71 pdfhistogram installed in /usr/local/cwp_su_all_44R22/bin
#18 15.71 make[3]: Leaving directory '/usr/local/cwp_su_all_44R22/src/par/main/statistics'
#18 15.71 cd velocity_model_building ; make
#18 15.72 make[3]: Entering directory '/usr/local/cwp_su_all_44R22/src/par/main/velocity_model_building'
#18 15.72 gcc -I/usr/local/cwp_su_all_44R22/include -O  -std=c99 -Wall -pedantic -Wno-long-long  -D_FILE_OFFSET_BITS=64 -D_LARGEFILE64_SOURCE -DCWP_LITTLE_ENDIAN -DSUXDR  -D_BSD_SOURCE -D_POSIX_SOURCE addrvl3d.c  -L/usr/local/cwp_su_all_44R22/lib -lpar -lcwp -lm  -o /usr/local/cwp_su_all_44R22/bin/addrvl3d
#18 15.73 In file included from /usr/include/x86_64-linux-gnu/bits/libc-header-start.h:33,
#18 15.73                  from /usr/include/stdio.h:27,
#18 15.73                  from /usr/local/cwp_su_all_44R22/include/cwp.h:12,
#18 15.73                  from /usr/local/cwp_su_all_44R22/include/par.h:12,
#18 15.73                  from addrvl3d.c:6:
#18 15.73 /usr/include/features.h:194:3: warning: #warning "_BSD_SOURCE and _SVID_SOURCE are deprecated, use _DEFAULT_SOURCE" [-Wcpp]
#18 15.73   194 | # warning "_BSD_SOURCE and _SVID_SOURCE are deprecated, use _DEFAULT_SOURCE"
#18 15.73       |   ^~~~~~~
#18 15.76 addrvl3d.c: In function 'main':
#18 15.76 addrvl3d.c:194:9: warning: ignoring return value of 'fread' declared with attribute 'warn_unused_result' [-Wunused-result]
#18 15.76   194 |         fread((char *)vel[0][0],sizeof(float),n1*n2*n3,invp);
#18 15.76       |         ^~~~~~~~~~~~~~~~~~~~~~~~~~~~~~~~~~~~~~~~~~~~~~~~~~~~
#18 15.91 chmod 755 /usr/local/cwp_su_all_44R22/bin/addrvl3d
#18 15.92 addrvl3d installed in /usr/local/cwp_su_all_44R22/bin
#18 15.92 gcc -I/usr/local/cwp_su_all_44R22/include -O  -std=c99 -Wall -pedantic -Wno-long-long  -D_FILE_OFFSET_BITS=64 -D_LARGEFILE64_SOURCE -DCWP_LITTLE_ENDIAN -DSUXDR  -D_BSD_SOURCE -D_POSIX_SOURCE makevel.c  -L/usr/local/cwp_su_all_44R22/lib -lpar -lcwp -lm  -o /usr/local/cwp_su_all_44R22/bin/makevel
#18 15.93 In file included from /usr/include/x86_64-linux-gnu/bits/libc-header-start.h:33,
#18 15.93                  from /usr/include/stdio.h:27,
#18 15.93                  from /usr/local/cwp_su_all_44R22/include/cwp.h:12,
#18 15.93                  from /usr/local/cwp_su_all_44R22/include/par.h:12,
#18 15.93                  from makevel.c:6:
#18 15.93 /usr/include/features.h:194:3: warning: #warning "_BSD_SOURCE and _SVID_SOURCE are deprecated, use _DEFAULT_SOURCE" [-Wcpp]
#18 15.93   194 | # warning "_BSD_SOURCE and _SVID_SOURCE are deprecated, use _DEFAULT_SOURCE"
#18 15.93       |   ^~~~~~~
#18 16.01 chmod 755 /usr/local/cwp_su_all_44R22/bin/makevel
#18 16.01 makevel installed in /usr/local/cwp_su_all_44R22/bin
#18 16.01 gcc -I/usr/local/cwp_su_all_44R22/include -O  -std=c99 -Wall -pedantic -Wno-long-long  -D_FILE_OFFSET_BITS=64 -D_LARGEFILE64_SOURCE -DCWP_LITTLE_ENDIAN -DSUXDR  -D_BSD_SOURCE -D_POSIX_SOURCE randvel3d.c  -L/usr/local/cwp_su_all_44R22/lib -lpar -lcwp -lm  -o /usr/local/cwp_su_all_44R22/bin/randvel3d
#18 16.02 In file included from /usr/include/x86_64-linux-gnu/bits/libc-header-start.h:33,
#18 16.02                  from /usr/include/stdio.h:27,
#18 16.02                  from /usr/local/cwp_su_all_44R22/include/cwp.h:12,
#18 16.02                  from /usr/local/cwp_su_all_44R22/include/par.h:12,
#18 16.02                  from randvel3d.c:6:
#18 16.02 /usr/include/features.h:194:3: warning: #warning "_BSD_SOURCE and _SVID_SOURCE are deprecated, use _DEFAULT_SOURCE" [-Wcpp]
#18 16.02   194 | # warning "_BSD_SOURCE and _SVID_SOURCE are deprecated, use _DEFAULT_SOURCE"
#18 16.02       |   ^~~~~~~
#18 16.06 randvel3d.c: In function 'main':
#18 16.06 randvel3d.c:189:9: warning: ignoring return value of 'fread' declared with attribute 'warn_unused_result' [-Wunused-result]
#18 16.06   189 |         fread((char *)vel[0][0],sizeof(float),n1*n2*n3,invp);
#18 16.06       |         ^~~~~~~~~~~~~~~~~~~~~~~~~~~~~~~~~~~~~~~~~~~~~~~~~~~~
#18 16.19 chmod 755 /usr/local/cwp_su_all_44R22/bin/randvel3d
#18 16.20 randvel3d installed in /usr/local/cwp_su_all_44R22/bin
#18 16.20 gcc -I/usr/local/cwp_su_all_44R22/include -O  -std=c99 -Wall -pedantic -Wno-long-long  -D_FILE_OFFSET_BITS=64 -D_LARGEFILE64_SOURCE -DCWP_LITTLE_ENDIAN -DSUXDR  -D_BSD_SOURCE -D_POSIX_SOURCE stiff2vel.c  -L/usr/local/cwp_su_all_44R22/lib -lpar -lcwp -lm  -o /usr/local/cwp_su_all_44R22/bin/stiff2vel
#18 16.20 In file included from /usr/include/x86_64-linux-gnu/bits/libc-header-start.h:33,
#18 16.20                  from /usr/include/stdio.h:27,
#18 16.20                  from /usr/local/cwp_su_all_44R22/include/cwp.h:12,
#18 16.20                  from /usr/local/cwp_su_all_44R22/include/par.h:12,
#18 16.20                  from stiff2vel.c:6:
#18 16.20 /usr/include/features.h:194:3: warning: #warning "_BSD_SOURCE and _SVID_SOURCE are deprecated, use _DEFAULT_SOURCE" [-Wcpp]
#18 16.20   194 | # warning "_BSD_SOURCE and _SVID_SOURCE are deprecated, use _DEFAULT_SOURCE"
#18 16.20       |   ^~~~~~~
#18 16.28 chmod 755 /usr/local/cwp_su_all_44R22/bin/stiff2vel
#18 16.28 stiff2vel installed in /usr/local/cwp_su_all_44R22/bin
#18 16.28 gcc -I/usr/local/cwp_su_all_44R22/include -O  -std=c99 -Wall -pedantic -Wno-long-long  -D_FILE_OFFSET_BITS=64 -D_LARGEFILE64_SOURCE -DCWP_LITTLE_ENDIAN -DSUXDR  -D_BSD_SOURCE -D_POSIX_SOURCE unif2.c  -L/usr/local/cwp_su_all_44R22/lib -lpar -lcwp -lm  -o /usr/local/cwp_su_all_44R22/bin/unif2
#18 16.29 In file included from /usr/include/x86_64-linux-gnu/bits/libc-header-start.h:33,
#18 16.29                  from /usr/include/stdio.h:27,
#18 16.29                  from /usr/local/cwp_su_all_44R22/include/cwp.h:12,
#18 16.29                  from /usr/local/cwp_su_all_44R22/include/par.h:12,
#18 16.29                  from unif2.c:6:
#18 16.29 /usr/include/features.h:194:3: warning: #warning "_BSD_SOURCE and _SVID_SOURCE are deprecated, use _DEFAULT_SOURCE" [-Wcpp]
#18 16.29   194 | # warning "_BSD_SOURCE and _SVID_SOURCE are deprecated, use _DEFAULT_SOURCE"
#18 16.29       |   ^~~~~~~
#18 16.31 unif2.c: In function 'main':
#18 16.31 unif2.c:198:25: warning: ignoring return value of 'scanf' declared with attribute 'warn_unused_result' [-Wunused-result]
#18 16.31   198 |                         scanf("%f%f\n", &xint[j], &zint[j]);
#18 16.31       |                         ^~~~~~~~~~~~~~~~~~~~~~~~~~~~~~~~~~~
#18 16.38 chmod 755 /usr/local/cwp_su_all_44R22/bin/unif2
#18 16.38 unif2 installed in /usr/local/cwp_su_all_44R22/bin
#18 16.38 gcc -I/usr/local/cwp_su_all_44R22/include -O  -std=c99 -Wall -pedantic -Wno-long-long  -D_FILE_OFFSET_BITS=64 -D_LARGEFILE64_SOURCE -DCWP_LITTLE_ENDIAN -DSUXDR  -D_BSD_SOURCE -D_POSIX_SOURCE unif2aniso.c  -L/usr/local/cwp_su_all_44R22/lib -lpar -lcwp -lm  -o /usr/local/cwp_su_all_44R22/bin/unif2aniso
#18 16.39 In file included from /usr/include/x86_64-linux-gnu/bits/libc-header-start.h:33,
#18 16.39                  from /usr/include/stdio.h:27,
#18 16.39                  from /usr/local/cwp_su_all_44R22/include/cwp.h:12,
#18 16.39                  from /usr/local/cwp_su_all_44R22/include/par.h:12,
#18 16.39                  from unif2aniso.c:6:
#18 16.39 /usr/include/features.h:194:3: warning: #warning "_BSD_SOURCE and _SVID_SOURCE are deprecated, use _DEFAULT_SOURCE" [-Wcpp]
#18 16.39   194 | # warning "_BSD_SOURCE and _SVID_SOURCE are deprecated, use _DEFAULT_SOURCE"
#18 16.39       |   ^~~~~~~
#18 16.42 unif2aniso.c: In function 'main':
#18 16.42 unif2aniso.c:414:25: warning: ignoring return value of 'scanf' declared with attribute 'warn_unused_result' [-Wunused-result]
#18 16.42   414 |                         scanf("%f%f\n", &xint[j], &zint[j]);
#18 16.42       |                         ^~~~~~~~~~~~~~~~~~~~~~~~~~~~~~~~~~~
#18 16.56 chmod 755 /usr/local/cwp_su_all_44R22/bin/unif2aniso
#18 16.56 unif2aniso installed in /usr/local/cwp_su_all_44R22/bin
#18 16.56 gcc -I/usr/local/cwp_su_all_44R22/include -O  -std=c99 -Wall -pedantic -Wno-long-long  -D_FILE_OFFSET_BITS=64 -D_LARGEFILE64_SOURCE -DCWP_LITTLE_ENDIAN -DSUXDR  -D_BSD_SOURCE -D_POSIX_SOURCE unif2ti2.c  -L/usr/local/cwp_su_all_44R22/lib -lpar -lcwp -lm  -o /usr/local/cwp_su_all_44R22/bin/unif2ti2
#18 16.56 In file included from /usr/include/x86_64-linux-gnu/bits/libc-header-start.h:33,
#18 16.56                  from /usr/include/stdio.h:27,
#18 16.56                  from /usr/local/cwp_su_all_44R22/include/cwp.h:12,
#18 16.56                  from /usr/local/cwp_su_all_44R22/include/par.h:12,
#18 16.56                  from unif2ti2.c:4:
#18 16.56 /usr/include/features.h:194:3: warning: #warning "_BSD_SOURCE and _SVID_SOURCE are deprecated, use _DEFAULT_SOURCE" [-Wcpp]
#18 16.56   194 | # warning "_BSD_SOURCE and _SVID_SOURCE are deprecated, use _DEFAULT_SOURCE"
#18 16.56       |   ^~~~~~~
#18 16.60 unif2ti2.c: In function 'main':
#18 16.60 unif2ti2.c:409:25: warning: ignoring return value of 'scanf' declared with attribute 'warn_unused_result' [-Wunused-result]
#18 16.60   409 |                         scanf("%f%f\n", &xint[j], &zint[j]);
#18 16.60       |                         ^~~~~~~~~~~~~~~~~~~~~~~~~~~~~~~~~~~
#18 16.71 chmod 755 /usr/local/cwp_su_all_44R22/bin/unif2ti2
#18 16.71 unif2ti2 installed in /usr/local/cwp_su_all_44R22/bin
#18 16.71 gcc -I/usr/local/cwp_su_all_44R22/include -O  -std=c99 -Wall -pedantic -Wno-long-long  -D_FILE_OFFSET_BITS=64 -D_LARGEFILE64_SOURCE -DCWP_LITTLE_ENDIAN -DSUXDR  -D_BSD_SOURCE -D_POSIX_SOURCE vel2stiff.c  -L/usr/local/cwp_su_all_44R22/lib -lpar -lcwp -lm  -o /usr/local/cwp_su_all_44R22/bin/vel2stiff
#18 16.72 In file included from /usr/include/x86_64-linux-gnu/bits/libc-header-start.h:33,
#18 16.72                  from /usr/include/stdio.h:27,
#18 16.72                  from /usr/local/cwp_su_all_44R22/include/cwp.h:12,
#18 16.72                  from /usr/local/cwp_su_all_44R22/include/par.h:12,
#18 16.72                  from vel2stiff.c:6:
#18 16.72 /usr/include/features.h:194:3: warning: #warning "_BSD_SOURCE and _SVID_SOURCE are deprecated, use _DEFAULT_SOURCE" [-Wcpp]
#18 16.72   194 | # warning "_BSD_SOURCE and _SVID_SOURCE are deprecated, use _DEFAULT_SOURCE"
#18 16.72       |   ^~~~~~~
#18 16.84 chmod 755 /usr/local/cwp_su_all_44R22/bin/vel2stiff
#18 16.84 vel2stiff installed in /usr/local/cwp_su_all_44R22/bin
#18 16.84 gcc -I/usr/local/cwp_su_all_44R22/include -O  -std=c99 -Wall -pedantic -Wno-long-long  -D_FILE_OFFSET_BITS=64 -D_LARGEFILE64_SOURCE -DCWP_LITTLE_ENDIAN -DSUXDR  -D_BSD_SOURCE -D_POSIX_SOURCE velconv.c  -L/usr/local/cwp_su_all_44R22/lib -lpar -lcwp -lm  -o /usr/local/cwp_su_all_44R22/bin/velconv
#18 16.85 In file included from /usr/include/x86_64-linux-gnu/bits/libc-header-start.h:33,
#18 16.85                  from /usr/include/stdio.h:27,
#18 16.85                  from /usr/local/cwp_su_all_44R22/include/cwp.h:12,
#18 16.85                  from /usr/local/cwp_su_all_44R22/include/par.h:12,
#18 16.85                  from velconv.c:6:
#18 16.85 /usr/include/features.h:194:3: warning: #warning "_BSD_SOURCE and _SVID_SOURCE are deprecated, use _DEFAULT_SOURCE" [-Wcpp]
#18 16.85   194 | # warning "_BSD_SOURCE and _SVID_SOURCE are deprecated, use _DEFAULT_SOURCE"
#18 16.85       |   ^~~~~~~
#18 16.97 chmod 755 /usr/local/cwp_su_all_44R22/bin/velconv
#18 16.97 velconv installed in /usr/local/cwp_su_all_44R22/bin
#18 16.97 gcc -I/usr/local/cwp_su_all_44R22/include -O  -std=c99 -Wall -pedantic -Wno-long-long  -D_FILE_OFFSET_BITS=64 -D_LARGEFILE64_SOURCE -DCWP_LITTLE_ENDIAN -DSUXDR  -D_BSD_SOURCE -D_POSIX_SOURCE vtlvz.c  -L/usr/local/cwp_su_all_44R22/lib -lpar -lcwp -lm  -o /usr/local/cwp_su_all_44R22/bin/vtlvz
#18 16.97 In file included from /usr/include/x86_64-linux-gnu/bits/libc-header-start.h:33,
#18 16.97                  from /usr/include/stdio.h:27,
#18 16.97                  from /usr/local/cwp_su_all_44R22/include/cwp.h:12,
#18 16.97                  from /usr/local/cwp_su_all_44R22/include/par.h:12,
#18 16.97                  from vtlvz.c:6:
#18 16.97 /usr/include/features.h:194:3: warning: #warning "_BSD_SOURCE and _SVID_SOURCE are deprecated, use _DEFAULT_SOURCE" [-Wcpp]
#18 16.97   194 | # warning "_BSD_SOURCE and _SVID_SOURCE are deprecated, use _DEFAULT_SOURCE"
#18 16.97       |   ^~~~~~~
#18 17.04 chmod 755 /usr/local/cwp_su_all_44R22/bin/vtlvz
#18 17.04 vtlvz installed in /usr/local/cwp_su_all_44R22/bin
#18 17.04 make[3]: Leaving directory '/usr/local/cwp_su_all_44R22/src/par/main/velocity_model_building'
#18 17.04 make[2]: Leaving directory '/usr/local/cwp_su_all_44R22/src/par/main'
#18 17.04 cd shell   ; make
#18 17.05 make[2]: Entering directory '/usr/local/cwp_su_all_44R22/src/par/shell'
#18 17.05 gendocs installed in /usr/local/cwp_su_all_44R22/bin
#18 17.06 striptotxt installed in /usr/local/cwp_su_all_44R22/bin
#18 17.06 updatedoc installed in /usr/local/cwp_su_all_44R22/bin
#18 17.07 updatedocall installed in /usr/local/cwp_su_all_44R22/bin
#18 17.07 updatehead installed in /usr/local/cwp_su_all_44R22/bin
#18 17.07 make[2]: Leaving directory '/usr/local/cwp_su_all_44R22/src/par/shell'
#18 17.08 make[1]: Leaving directory '/usr/local/cwp_su_all_44R22/src/par'
#18 17.08 cd ./psplot; make
#18 17.08 make[1]: Entering directory '/usr/local/cwp_su_all_44R22/src/psplot'
#18 17.08 cd include ; make
#18 17.09 make[2]: Entering directory '/usr/local/cwp_su_all_44R22/src/psplot/include'
#18 17.10 psplot.h installed in /usr/local/cwp_su_all_44R22/include
#18 17.10 cwpcmaps.h installed in /usr/local/cwp_su_all_44R22/include
#18 17.11 make[2]: Leaving directory '/usr/local/cwp_su_all_44R22/src/psplot/include'
#18 17.11 cd lib     ; make
#18 17.11 make[2]: Entering directory '/usr/local/cwp_su_all_44R22/src/psplot/lib'
#18 17.11 gcc -c -I/usr/local/cwp_su_all_44R22/include -O  -std=c99 -Wall -pedantic -Wno-long-long  -D_FILE_OFFSET_BITS=64 -D_LARGEFILE64_SOURCE -DCWP_LITTLE_ENDIAN -DSUXDR  -D_BSD_SOURCE -D_POSIX_SOURCE basic.c
#18 17.12 In file included from /usr/include/x86_64-linux-gnu/bits/libc-header-start.h:33,
#18 17.12                  from /usr/include/stdio.h:27,
#18 17.12                  from basic.c:227:
#18 17.12 /usr/include/features.h:194:3: warning: #warning "_BSD_SOURCE and _SVID_SOURCE are deprecated, use _DEFAULT_SOURCE" [-Wcpp]
#18 17.12   194 | # warning "_BSD_SOURCE and _SVID_SOURCE are deprecated, use _DEFAULT_SOURCE"
#18 17.12       |   ^~~~~~~
#18 17.23 ar rv /usr/local/cwp_su_all_44R22/lib/libpsplot.a basic.o
#18 17.23 ar: creating /usr/local/cwp_su_all_44R22/lib/libpsplot.a
#18 17.23 a - basic.o
#18 17.23 rm -f basic.o
#18 17.23 gcc -c -I/usr/local/cwp_su_all_44R22/include -O  -std=c99 -Wall -pedantic -Wno-long-long  -D_FILE_OFFSET_BITS=64 -D_LARGEFILE64_SOURCE -DCWP_LITTLE_ENDIAN -DSUXDR  -D_BSD_SOURCE -D_POSIX_SOURCE psAxesBox.c
#18 17.24 In file included from /usr/include/x86_64-linux-gnu/bits/libc-header-start.h:33,
#18 17.24                  from /usr/include/stdio.h:27,
#18 17.24                  from /usr/local/cwp_su_all_44R22/include/cwp.h:12,
#18 17.24                  from psAxesBox.c:123:
#18 17.24 /usr/include/features.h:194:3: warning: #warning "_BSD_SOURCE and _SVID_SOURCE are deprecated, use _DEFAULT_SOURCE" [-Wcpp]
#18 17.24   194 | # warning "_BSD_SOURCE and _SVID_SOURCE are deprecated, use _DEFAULT_SOURCE"
#18 17.24       |   ^~~~~~~
#18 17.35 ar rv /usr/local/cwp_su_all_44R22/lib/libpsplot.a psAxesBox.o
#18 17.35 a - psAxesBox.o
#18 17.35 rm -f psAxesBox.o
#18 17.35 gcc -c -I/usr/local/cwp_su_all_44R22/include -O  -std=c99 -Wall -pedantic -Wno-long-long  -D_FILE_OFFSET_BITS=64 -D_LARGEFILE64_SOURCE -DCWP_LITTLE_ENDIAN -DSUXDR  -D_BSD_SOURCE -D_POSIX_SOURCE psAxesBox3.c
#18 17.36 In file included from /usr/include/x86_64-linux-gnu/bits/libc-header-start.h:33,
#18 17.36                  from /usr/include/stdio.h:27,
#18 17.36                  from /usr/local/cwp_su_all_44R22/include/cwp.h:12,
#18 17.36                  from psAxesBox3.c:109:
#18 17.36 /usr/include/features.h:194:3: warning: #warning "_BSD_SOURCE and _SVID_SOURCE are deprecated, use _DEFAULT_SOURCE" [-Wcpp]
#18 17.36   194 | # warning "_BSD_SOURCE and _SVID_SOURCE are deprecated, use _DEFAULT_SOURCE"
#18 17.36       |   ^~~~~~~
#18 17.43 ar rv /usr/local/cwp_su_all_44R22/lib/libpsplot.a psAxesBox3.o
#18 17.43 a - psAxesBox3.o
#18 17.43 rm -f psAxesBox3.o
#18 17.43 gcc -c -I/usr/local/cwp_su_all_44R22/include -O  -std=c99 -Wall -pedantic -Wno-long-long  -D_FILE_OFFSET_BITS=64 -D_LARGEFILE64_SOURCE -DCWP_LITTLE_ENDIAN -DSUXDR  -D_BSD_SOURCE -D_POSIX_SOURCE psContour.c
#18 17.44 In file included from /usr/include/x86_64-linux-gnu/bits/libc-header-start.h:33,
#18 17.44                  from /usr/include/stdio.h:27,
#18 17.44                  from /usr/local/cwp_su_all_44R22/include/cwp.h:12,
#18 17.44                  from /usr/local/cwp_su_all_44R22/include/par.h:12,
#18 17.44                  from /usr/local/cwp_su_all_44R22/include/psplot.h:7,
#18 17.44                  from psContour.c:78:
#18 17.44 /usr/include/features.h:194:3: warning: #warning "_BSD_SOURCE and _SVID_SOURCE are deprecated, use _DEFAULT_SOURCE" [-Wcpp]
#18 17.44   194 | # warning "_BSD_SOURCE and _SVID_SOURCE are deprecated, use _DEFAULT_SOURCE"
#18 17.44       |   ^~~~~~~
#18 17.56 ar rv /usr/local/cwp_su_all_44R22/lib/libpsplot.a psContour.o
#18 17.56 a - psContour.o
#18 17.56 rm -f psContour.o
#18 17.57 gcc -c -I/usr/local/cwp_su_all_44R22/include -O  -std=c99 -Wall -pedantic -Wno-long-long  -D_FILE_OFFSET_BITS=64 -D_LARGEFILE64_SOURCE -DCWP_LITTLE_ENDIAN -DSUXDR  -D_BSD_SOURCE -D_POSIX_SOURCE psCAxesBox.c
#18 17.58 In file included from /usr/include/x86_64-linux-gnu/bits/libc-header-start.h:33,
#18 17.58                  from /usr/include/stdio.h:27,
#18 17.58                  from /usr/local/cwp_su_all_44R22/include/cwp.h:12,
#18 17.58                  from psCAxesBox.c:76:
#18 17.58 /usr/include/features.h:194:3: warning: #warning "_BSD_SOURCE and _SVID_SOURCE are deprecated, use _DEFAULT_SOURCE" [-Wcpp]
#18 17.58   194 | # warning "_BSD_SOURCE and _SVID_SOURCE are deprecated, use _DEFAULT_SOURCE"
#18 17.58       |   ^~~~~~~
#18 17.66 ar rv /usr/local/cwp_su_all_44R22/lib/libpsplot.a psCAxesBox.o
#18 17.66 a - psCAxesBox.o
#18 17.66 rm -f psCAxesBox.o
#18 17.67 gcc -c -I/usr/local/cwp_su_all_44R22/include -O  -std=c99 -Wall -pedantic -Wno-long-long  -D_FILE_OFFSET_BITS=64 -D_LARGEFILE64_SOURCE -DCWP_LITTLE_ENDIAN -DSUXDR  -D_BSD_SOURCE -D_POSIX_SOURCE psDrawCurve.c
#18 17.68 In file included from /usr/include/x86_64-linux-gnu/bits/libc-header-start.h:33,
#18 17.68                  from /usr/include/stdio.h:27,
#18 17.68                  from /usr/local/cwp_su_all_44R22/include/cwp.h:12,
#18 17.68                  from psDrawCurve.c:57:
#18 17.68 /usr/include/features.h:194:3: warning: #warning "_BSD_SOURCE and _SVID_SOURCE are deprecated, use _DEFAULT_SOURCE" [-Wcpp]
#18 17.68   194 | # warning "_BSD_SOURCE and _SVID_SOURCE are deprecated, use _DEFAULT_SOURCE"
#18 17.68       |   ^~~~~~~
#18 17.73 ar rv /usr/local/cwp_su_all_44R22/lib/libpsplot.a psDrawCurve.o
#18 17.73 a - psDrawCurve.o
#18 17.73 rm -f psDrawCurve.o
#18 17.73 gcc -c -I/usr/local/cwp_su_all_44R22/include -O  -std=c99 -Wall -pedantic -Wno-long-long  -D_FILE_OFFSET_BITS=64 -D_LARGEFILE64_SOURCE -DCWP_LITTLE_ENDIAN -DSUXDR  -D_BSD_SOURCE -D_POSIX_SOURCE psLegendBox.c
#18 17.74 In file included from /usr/include/x86_64-linux-gnu/bits/libc-header-start.h:33,
#18 17.74                  from /usr/include/stdio.h:27,
#18 17.74                  from /usr/local/cwp_su_all_44R22/include/cwp.h:12,
#18 17.74                  from psLegendBox.c:108:
#18 17.74 /usr/include/features.h:194:3: warning: #warning "_BSD_SOURCE and _SVID_SOURCE are deprecated, use _DEFAULT_SOURCE" [-Wcpp]
#18 17.74   194 | # warning "_BSD_SOURCE and _SVID_SOURCE are deprecated, use _DEFAULT_SOURCE"
#18 17.74       |   ^~~~~~~
#18 17.81 ar rv /usr/local/cwp_su_all_44R22/lib/libpsplot.a psLegendBox.o
#18 17.81 a - psLegendBox.o
#18 17.81 rm -f psLegendBox.o
#18 17.81 gcc -c -I/usr/local/cwp_su_all_44R22/include -O  -std=c99 -Wall -pedantic -Wno-long-long  -D_FILE_OFFSET_BITS=64 -D_LARGEFILE64_SOURCE -DCWP_LITTLE_ENDIAN -DSUXDR  -D_BSD_SOURCE -D_POSIX_SOURCE psWiggle.c
#18 17.82 In file included from /usr/include/x86_64-linux-gnu/bits/libc-header-start.h:33,
#18 17.82                  from /usr/include/stdio.h:27,
#18 17.82                  from /usr/local/cwp_su_all_44R22/include/cwp.h:12,
#18 17.82                  from psWiggle.c:56:
#18 17.82 /usr/include/features.h:194:3: warning: #warning "_BSD_SOURCE and _SVID_SOURCE are deprecated, use _DEFAULT_SOURCE" [-Wcpp]
#18 17.82   194 | # warning "_BSD_SOURCE and _SVID_SOURCE are deprecated, use _DEFAULT_SOURCE"
#18 17.82       |   ^~~~~~~
#18 17.88 ar rv /usr/local/cwp_su_all_44R22/lib/libpsplot.a psWiggle.o
#18 17.88 a - psWiggle.o
#18 17.89 rm -f psWiggle.o
#18 17.89 ranlib /usr/local/cwp_su_all_44R22/lib/libpsplot.a
#18 17.89 make[2]: Leaving directory '/usr/local/cwp_su_all_44R22/src/psplot/lib'
#18 17.89 cd main    ; make
#18 17.90 make[2]: Entering directory '/usr/local/cwp_su_all_44R22/src/psplot/main'
#18 17.90 gcc -I/usr/local/cwp_su_all_44R22/include -O  -std=c99 -Wall -pedantic -Wno-long-long  -D_FILE_OFFSET_BITS=64 -D_LARGEFILE64_SOURCE -DCWP_LITTLE_ENDIAN -DSUXDR  -D_BSD_SOURCE -D_POSIX_SOURCE psbbox.c  -L/usr/local/cwp_su_all_44R22/lib -lpsplot -lpar -lcwp -lm  -o /usr/local/cwp_su_all_44R22/bin/psbbox
#18 17.90 In file included from /usr/include/x86_64-linux-gnu/bits/libc-header-start.h:33,
#18 17.90                  from /usr/include/stdio.h:27,
#18 17.90                  from /usr/local/cwp_su_all_44R22/include/cwp.h:12,
#18 17.90                  from /usr/local/cwp_su_all_44R22/include/par.h:12,
#18 17.90                  from psbbox.c:6:
#18 17.90 /usr/include/features.h:194:3: warning: #warning "_BSD_SOURCE and _SVID_SOURCE are deprecated, use _DEFAULT_SOURCE" [-Wcpp]
#18 17.90   194 | # warning "_BSD_SOURCE and _SVID_SOURCE are deprecated, use _DEFAULT_SOURCE"
#18 17.90       |   ^~~~~~~
#18 17.98 chmod 755 /usr/local/cwp_su_all_44R22/bin/psbbox
#18 17.98 psbbox installed in /usr/local/cwp_su_all_44R22/bin
#18 17.98 gcc -I/usr/local/cwp_su_all_44R22/include -O  -std=c99 -Wall -pedantic -Wno-long-long  -D_FILE_OFFSET_BITS=64 -D_LARGEFILE64_SOURCE -DCWP_LITTLE_ENDIAN -DSUXDR  -D_BSD_SOURCE -D_POSIX_SOURCE pscontour.c  -L/usr/local/cwp_su_all_44R22/lib -lpsplot -lpar -lcwp -lm  -o /usr/local/cwp_su_all_44R22/bin/pscontour
#18 17.99 In file included from /usr/include/x86_64-linux-gnu/bits/libc-header-start.h:33,
#18 17.99                  from /usr/include/stdio.h:27,
#18 17.99                  from /usr/local/cwp_su_all_44R22/include/cwp.h:12,
#18 17.99                  from /usr/local/cwp_su_all_44R22/include/par.h:12,
#18 17.99                  from pscontour.c:6:
#18 17.99 /usr/include/features.h:194:3: warning: #warning "_BSD_SOURCE and _SVID_SOURCE are deprecated, use _DEFAULT_SOURCE" [-Wcpp]
#18 17.99   194 | # warning "_BSD_SOURCE and _SVID_SOURCE are deprecated, use _DEFAULT_SOURCE"
#18 17.99       |   ^~~~~~~
#18 18.10 chmod 755 /usr/local/cwp_su_all_44R22/bin/pscontour
#18 18.10 pscontour installed in /usr/local/cwp_su_all_44R22/bin
#18 18.10 gcc -I/usr/local/cwp_su_all_44R22/include -O  -std=c99 -Wall -pedantic -Wno-long-long  -D_FILE_OFFSET_BITS=64 -D_LARGEFILE64_SOURCE -DCWP_LITTLE_ENDIAN -DSUXDR  -D_BSD_SOURCE -D_POSIX_SOURCE pscube.c  -L/usr/local/cwp_su_all_44R22/lib -lpsplot -lpar -lcwp -lm  -o /usr/local/cwp_su_all_44R22/bin/pscube
#18 18.11 In file included from /usr/include/x86_64-linux-gnu/bits/libc-header-start.h:33,
#18 18.11                  from /usr/include/stdio.h:27,
#18 18.11                  from /usr/local/cwp_su_all_44R22/include/cwp.h:12,
#18 18.11                  from /usr/local/cwp_su_all_44R22/include/par.h:12,
#18 18.11                  from pscube.c:7:
#18 18.11 /usr/include/features.h:194:3: warning: #warning "_BSD_SOURCE and _SVID_SOURCE are deprecated, use _DEFAULT_SOURCE" [-Wcpp]
#18 18.11   194 | # warning "_BSD_SOURCE and _SVID_SOURCE are deprecated, use _DEFAULT_SOURCE"
#18 18.11       |   ^~~~~~~
#18 18.33 chmod 755 /usr/local/cwp_su_all_44R22/bin/pscube
#18 18.33 pscube installed in /usr/local/cwp_su_all_44R22/bin
#18 18.33 gcc -I/usr/local/cwp_su_all_44R22/include -O  -std=c99 -Wall -pedantic -Wno-long-long  -D_FILE_OFFSET_BITS=64 -D_LARGEFILE64_SOURCE -DCWP_LITTLE_ENDIAN -DSUXDR  -D_BSD_SOURCE -D_POSIX_SOURCE pscubecontour.c  -L/usr/local/cwp_su_all_44R22/lib -lpsplot -lpar -lcwp -lm  -o /usr/local/cwp_su_all_44R22/bin/pscubecontour
#18 18.34 In file included from /usr/include/x86_64-linux-gnu/bits/libc-header-start.h:33,
#18 18.34                  from /usr/include/stdio.h:27,
#18 18.34                  from /usr/local/cwp_su_all_44R22/include/cwp.h:12,
#18 18.34                  from /usr/local/cwp_su_all_44R22/include/par.h:12,
#18 18.34                  from pscubecontour.c:7:
#18 18.34 /usr/include/features.h:194:3: warning: #warning "_BSD_SOURCE and _SVID_SOURCE are deprecated, use _DEFAULT_SOURCE" [-Wcpp]
#18 18.34   194 | # warning "_BSD_SOURCE and _SVID_SOURCE are deprecated, use _DEFAULT_SOURCE"
#18 18.34       |   ^~~~~~~
#18 18.49 chmod 755 /usr/local/cwp_su_all_44R22/bin/pscubecontour
#18 18.49 pscubecontour installed in /usr/local/cwp_su_all_44R22/bin
#18 18.49 gcc -I/usr/local/cwp_su_all_44R22/include -O  -std=c99 -Wall -pedantic -Wno-long-long  -D_FILE_OFFSET_BITS=64 -D_LARGEFILE64_SOURCE -DCWP_LITTLE_ENDIAN -DSUXDR  -D_BSD_SOURCE -D_POSIX_SOURCE psepsi.c  -L/usr/local/cwp_su_all_44R22/lib -lpsplot -lpar -lcwp -lm  -o /usr/local/cwp_su_all_44R22/bin/psepsi
#18 18.50 In file included from /usr/include/x86_64-linux-gnu/bits/libc-header-start.h:33,
#18 18.50                  from /usr/include/stdio.h:27,
#18 18.50                  from /usr/local/cwp_su_all_44R22/include/cwp.h:12,
#18 18.50                  from /usr/local/cwp_su_all_44R22/include/par.h:12,
#18 18.50                  from /usr/local/cwp_su_all_44R22/include/psplot.h:7,
#18 18.50                  from psepsi.c:6:
#18 18.50 /usr/include/features.h:194:3: warning: #warning "_BSD_SOURCE and _SVID_SOURCE are deprecated, use _DEFAULT_SOURCE" [-Wcpp]
#18 18.50   194 | # warning "_BSD_SOURCE and _SVID_SOURCE are deprecated, use _DEFAULT_SOURCE"
#18 18.50       |   ^~~~~~~
#18 18.55 /usr/bin/ld: /tmp/ccv5VN0y.o: in function `main':
#18 18.55 psepsi.c:(.text+0x198): warning: the use of `tmpnam' is dangerous, better use `mkstemp'
#18 18.57 chmod 755 /usr/local/cwp_su_all_44R22/bin/psepsi
#18 18.57 psepsi installed in /usr/local/cwp_su_all_44R22/bin
#18 18.57 gcc -I/usr/local/cwp_su_all_44R22/include -O  -std=c99 -Wall -pedantic -Wno-long-long  -D_FILE_OFFSET_BITS=64 -D_LARGEFILE64_SOURCE -DCWP_LITTLE_ENDIAN -DSUXDR  -D_BSD_SOURCE -D_POSIX_SOURCE psgraph.c  -L/usr/local/cwp_su_all_44R22/lib -lpsplot -lpar -lcwp -lm  -o /usr/local/cwp_su_all_44R22/bin/psgraph
#18 18.57 In file included from /usr/include/x86_64-linux-gnu/bits/libc-header-start.h:33,
#18 18.57                  from /usr/include/stdio.h:27,
#18 18.57                  from /usr/local/cwp_su_all_44R22/include/cwp.h:12,
#18 18.57                  from /usr/local/cwp_su_all_44R22/include/par.h:12,
#18 18.57                  from psgraph.c:6:
#18 18.57 /usr/include/features.h:194:3: warning: #warning "_BSD_SOURCE and _SVID_SOURCE are deprecated, use _DEFAULT_SOURCE" [-Wcpp]
#18 18.57   194 | # warning "_BSD_SOURCE and _SVID_SOURCE are deprecated, use _DEFAULT_SOURCE"
#18 18.57       |   ^~~~~~~
#18 18.69 chmod 755 /usr/local/cwp_su_all_44R22/bin/psgraph
#18 18.69 psgraph installed in /usr/local/cwp_su_all_44R22/bin
#18 18.69 gcc -I/usr/local/cwp_su_all_44R22/include -O  -std=c99 -Wall -pedantic -Wno-long-long  -D_FILE_OFFSET_BITS=64 -D_LARGEFILE64_SOURCE -DCWP_LITTLE_ENDIAN -DSUXDR  -D_BSD_SOURCE -D_POSIX_SOURCE psimage.c  -L/usr/local/cwp_su_all_44R22/lib -lpsplot -lpar -lcwp -lm  -o /usr/local/cwp_su_all_44R22/bin/psimage
#18 18.69 In file included from /usr/include/x86_64-linux-gnu/bits/libc-header-start.h:33,
#18 18.69                  from /usr/include/stdio.h:27,
#18 18.69                  from /usr/local/cwp_su_all_44R22/include/cwp.h:12,
#18 18.69                  from /usr/local/cwp_su_all_44R22/include/par.h:12,
#18 18.69                  from psimage.c:6:
#18 18.69 /usr/include/features.h:194:3: warning: #warning "_BSD_SOURCE and _SVID_SOURCE are deprecated, use _DEFAULT_SOURCE" [-Wcpp]
#18 18.69   194 | # warning "_BSD_SOURCE and _SVID_SOURCE are deprecated, use _DEFAULT_SOURCE"
#18 18.69       |   ^~~~~~~
#18 18.74 psimage.c: In function 'main':
#18 18.74 psimage.c:352:25: warning: ignoring return value of 'fscanf' declared with attribute 'warn_unused_result' [-Wunused-result]
#18 18.74   352 |                         fscanf(curvefp,"%f",&x1curve[j][i]);
#18 18.74       |                         ^~~~~~~~~~~~~~~~~~~~~~~~~~~~~~~~~~~
#18 18.74 psimage.c:353:25: warning: ignoring return value of 'fscanf' declared with attribute 'warn_unused_result' [-Wunused-result]
#18 18.74   353 |                         fscanf(curvefp,"%f",&x2curve[j][i]);
#18 18.74       |                         ^~~~~~~~~~~~~~~~~~~~~~~~~~~~~~~~~~~
#18 18.94 chmod 755 /usr/local/cwp_su_all_44R22/bin/psimage
#18 18.95 psimage installed in /usr/local/cwp_su_all_44R22/bin
#18 18.95 gcc -I/usr/local/cwp_su_all_44R22/include -O  -std=c99 -Wall -pedantic -Wno-long-long  -D_FILE_OFFSET_BITS=64 -D_LARGEFILE64_SOURCE -DCWP_LITTLE_ENDIAN -DSUXDR  -D_BSD_SOURCE -D_POSIX_SOURCE psmerge.c  -L/usr/local/cwp_su_all_44R22/lib -lpsplot -lpar -lcwp -lm  -o /usr/local/cwp_su_all_44R22/bin/psmerge
#18 18.96 In file included from /usr/include/x86_64-linux-gnu/bits/libc-header-start.h:33,
#18 18.96                  from /usr/include/stdio.h:27,
#18 18.96                  from /usr/local/cwp_su_all_44R22/include/cwp.h:12,
#18 18.96                  from /usr/local/cwp_su_all_44R22/include/par.h:12,
#18 18.96                  from psmerge.c:6:
#18 18.96 /usr/include/features.h:194:3: warning: #warning "_BSD_SOURCE and _SVID_SOURCE are deprecated, use _DEFAULT_SOURCE" [-Wcpp]
#18 18.96   194 | # warning "_BSD_SOURCE and _SVID_SOURCE are deprecated, use _DEFAULT_SOURCE"
#18 18.96       |   ^~~~~~~
#18 19.04 chmod 755 /usr/local/cwp_su_all_44R22/bin/psmerge
#18 19.04 psmerge installed in /usr/local/cwp_su_all_44R22/bin
#18 19.04 gcc -I/usr/local/cwp_su_all_44R22/include -O  -std=c99 -Wall -pedantic -Wno-long-long  -D_FILE_OFFSET_BITS=64 -D_LARGEFILE64_SOURCE -DCWP_LITTLE_ENDIAN -DSUXDR  -D_BSD_SOURCE -D_POSIX_SOURCE psmovie.c  -L/usr/local/cwp_su_all_44R22/lib -lpsplot -lpar -lcwp -lm  -o /usr/local/cwp_su_all_44R22/bin/psmovie
#18 19.05 In file included from /usr/include/x86_64-linux-gnu/bits/libc-header-start.h:33,
#18 19.05                  from /usr/include/stdio.h:27,
#18 19.05                  from /usr/local/cwp_su_all_44R22/include/cwp.h:12,
#18 19.05                  from /usr/local/cwp_su_all_44R22/include/par.h:12,
#18 19.05                  from psmovie.c:6:
#18 19.05 /usr/include/features.h:194:3: warning: #warning "_BSD_SOURCE and _SVID_SOURCE are deprecated, use _DEFAULT_SOURCE" [-Wcpp]
#18 19.05   194 | # warning "_BSD_SOURCE and _SVID_SOURCE are deprecated, use _DEFAULT_SOURCE"
#18 19.05       |   ^~~~~~~
#18 19.16 chmod 755 /usr/local/cwp_su_all_44R22/bin/psmovie
#18 19.17 psmovie installed in /usr/local/cwp_su_all_44R22/bin
#18 19.17 gcc -I/usr/local/cwp_su_all_44R22/include -O  -std=c99 -Wall -pedantic -Wno-long-long  -D_FILE_OFFSET_BITS=64 -D_LARGEFILE64_SOURCE -DCWP_LITTLE_ENDIAN -DSUXDR  -D_BSD_SOURCE -D_POSIX_SOURCE pslabel.c  -L/usr/local/cwp_su_all_44R22/lib -lpsplot -lpar -lcwp -lm  -o /usr/local/cwp_su_all_44R22/bin/pslabel
#18 19.17 In file included from /usr/include/x86_64-linux-gnu/bits/libc-header-start.h:33,
#18 19.17                  from /usr/include/stdio.h:27,
#18 19.17                  from /usr/local/cwp_su_all_44R22/include/cwp.h:12,
#18 19.17                  from /usr/local/cwp_su_all_44R22/include/par.h:12,
#18 19.17                  from pslabel.c:6:
#18 19.17 /usr/include/features.h:194:3: warning: #warning "_BSD_SOURCE and _SVID_SOURCE are deprecated, use _DEFAULT_SOURCE" [-Wcpp]
#18 19.17   194 | # warning "_BSD_SOURCE and _SVID_SOURCE are deprecated, use _DEFAULT_SOURCE"
#18 19.17       |   ^~~~~~~
#18 19.24 chmod 755 /usr/local/cwp_su_all_44R22/bin/pslabel
#18 19.24 pslabel installed in /usr/local/cwp_su_all_44R22/bin
#18 19.24 gcc -I/usr/local/cwp_su_all_44R22/include -O  -std=c99 -Wall -pedantic -Wno-long-long  -D_FILE_OFFSET_BITS=64 -D_LARGEFILE64_SOURCE -DCWP_LITTLE_ENDIAN -DSUXDR  -D_BSD_SOURCE -D_POSIX_SOURCE psmanager.c  -L/usr/local/cwp_su_all_44R22/lib -lpsplot -lpar -lcwp -lm  -o /usr/local/cwp_su_all_44R22/bin/psmanager
#18 19.25 In file included from /usr/include/x86_64-linux-gnu/bits/libc-header-start.h:33,
#18 19.25                  from /usr/include/stdio.h:27,
#18 19.25                  from /usr/local/cwp_su_all_44R22/include/cwp.h:12,
#18 19.25                  from /usr/local/cwp_su_all_44R22/include/par.h:12,
#18 19.25                  from psmanager.c:6:
#18 19.25 /usr/include/features.h:194:3: warning: #warning "_BSD_SOURCE and _SVID_SOURCE are deprecated, use _DEFAULT_SOURCE" [-Wcpp]
#18 19.25   194 | # warning "_BSD_SOURCE and _SVID_SOURCE are deprecated, use _DEFAULT_SOURCE"
#18 19.25       |   ^~~~~~~
#18 19.34 chmod 755 /usr/local/cwp_su_all_44R22/bin/psmanager
#18 19.34 psmanager installed in /usr/local/cwp_su_all_44R22/bin
#18 19.34 gcc -I/usr/local/cwp_su_all_44R22/include -O  -std=c99 -Wall -pedantic -Wno-long-long  -D_FILE_OFFSET_BITS=64 -D_LARGEFILE64_SOURCE -DCWP_LITTLE_ENDIAN -DSUXDR  -D_BSD_SOURCE -D_POSIX_SOURCE pswigb.c  -L/usr/local/cwp_su_all_44R22/lib -lpsplot -lpar -lcwp -lm  -o /usr/local/cwp_su_all_44R22/bin/pswigb
#18 19.35 In file included from /usr/include/x86_64-linux-gnu/bits/libc-header-start.h:33,
#18 19.35                  from /usr/include/stdio.h:27,
#18 19.35                  from /usr/local/cwp_su_all_44R22/include/cwp.h:12,
#18 19.35                  from /usr/local/cwp_su_all_44R22/include/par.h:12,
#18 19.35                  from pswigb.c:6:
#18 19.35 /usr/include/features.h:194:3: warning: #warning "_BSD_SOURCE and _SVID_SOURCE are deprecated, use _DEFAULT_SOURCE" [-Wcpp]
#18 19.36   194 | # warning "_BSD_SOURCE and _SVID_SOURCE are deprecated, use _DEFAULT_SOURCE"
#18 19.36       |   ^~~~~~~
#18 19.39 pswigb.c: In function 'main':
#18 19.39 pswigb.c:222:25: warning: ignoring return value of 'fscanf' declared with attribute 'warn_unused_result' [-Wunused-result]
#18 19.39   222 |                         fscanf(curvefp,"%f",&x1curve[j][i]);
#18 19.39       |                         ^~~~~~~~~~~~~~~~~~~~~~~~~~~~~~~~~~~
#18 19.39 pswigb.c:223:25: warning: ignoring return value of 'fscanf' declared with attribute 'warn_unused_result' [-Wunused-result]
#18 19.39   223 |                         fscanf(curvefp,"%f",&x2curve[j][i]);
#18 19.39       |                         ^~~~~~~~~~~~~~~~~~~~~~~~~~~~~~~~~~~
#18 19.48 chmod 755 /usr/local/cwp_su_all_44R22/bin/pswigb
#18 19.48 pswigb installed in /usr/local/cwp_su_all_44R22/bin
#18 19.48 gcc -I/usr/local/cwp_su_all_44R22/include -O  -std=c99 -Wall -pedantic -Wno-long-long  -D_FILE_OFFSET_BITS=64 -D_LARGEFILE64_SOURCE -DCWP_LITTLE_ENDIAN -DSUXDR  -D_BSD_SOURCE -D_POSIX_SOURCE pswigp.c  -L/usr/local/cwp_su_all_44R22/lib -lpsplot -lpar -lcwp -lm  -o /usr/local/cwp_su_all_44R22/bin/pswigp
#18 19.49 In file included from /usr/include/x86_64-linux-gnu/bits/libc-header-start.h:33,
#18 19.49                  from /usr/include/stdio.h:27,
#18 19.49                  from /usr/local/cwp_su_all_44R22/include/cwp.h:12,
#18 19.49                  from /usr/local/cwp_su_all_44R22/include/par.h:12,
#18 19.49                  from pswigp.c:6:
#18 19.49 /usr/include/features.h:194:3: warning: #warning "_BSD_SOURCE and _SVID_SOURCE are deprecated, use _DEFAULT_SOURCE" [-Wcpp]
#18 19.49   194 | # warning "_BSD_SOURCE and _SVID_SOURCE are deprecated, use _DEFAULT_SOURCE"
#18 19.49       |   ^~~~~~~
#18 19.52 pswigp.c: In function 'main':
#18 19.52 pswigp.c:224:25: warning: ignoring return value of 'fscanf' declared with attribute 'warn_unused_result' [-Wunused-result]
#18 19.52   224 |                         fscanf(curvefp,"%f",&x1curve[j][i]);
#18 19.52       |                         ^~~~~~~~~~~~~~~~~~~~~~~~~~~~~~~~~~~
#18 19.52 pswigp.c:225:25: warning: ignoring return value of 'fscanf' declared with attribute 'warn_unused_result' [-Wunused-result]
#18 19.52   225 |                         fscanf(curvefp,"%f",&x2curve[j][i]);
#18 19.52       |                         ^~~~~~~~~~~~~~~~~~~~~~~~~~~~~~~~~~~
#18 19.60 chmod 755 /usr/local/cwp_su_all_44R22/bin/pswigp
#18 19.61 pswigp installed in /usr/local/cwp_su_all_44R22/bin
#18 19.61 make[2]: Leaving directory '/usr/local/cwp_su_all_44R22/src/psplot/main'
#18 19.61 cd shell   ; make
#18 19.62 make[2]: Entering directory '/usr/local/cwp_su_all_44R22/src/psplot/shell'
#18 19.63 merge2 installed in /usr/local/cwp_su_all_44R22/bin
#18 19.63 merge4 installed in /usr/local/cwp_su_all_44R22/bin
#18 19.63 pstopdfcymk installed in /usr/local/cwp_su_all_44R22/bin
#18 19.64 merge2v installed in /usr/local/cwp_su_all_44R22/bin
#18 19.64 make[2]: Leaving directory '/usr/local/cwp_su_all_44R22/src/psplot/shell'
#18 19.64 make[1]: Leaving directory '/usr/local/cwp_su_all_44R22/src/psplot'
#18 19.64 cd ./su ; make
#18 19.64 make[1]: Entering directory '/usr/local/cwp_su_all_44R22/src/su'
#18 19.64 cd include ; make
#18 19.65 make[2]: Entering directory '/usr/local/cwp_su_all_44R22/src/su/include'
#18 19.65 cpp -I/usr/local/cwp_su_all_44R22/include -O  -std=c99 -Wall -pedantic -Wno-long-long  -D_FILE_OFFSET_BITS=64 -D_LARGEFILE64_SOURCE -DCWP_LITTLE_ENDIAN -DSUXDR  -D_BSD_SOURCE -D_POSIX_SOURCE segy.h | ./mkprehdr.sh >prehdr.h
#18 19.66 In file included from /usr/include/x86_64-linux-gnu/bits/libc-header-start.h:33,
#18 19.66                  from /usr/include/limits.h:26,
#18 19.66                  from /usr/lib/gcc/x86_64-linux-gnu/11/include/limits.h:203,
#18 19.66                  from /usr/lib/gcc/x86_64-linux-gnu/11/include/syslimits.h:7,
#18 19.66                  from /usr/lib/gcc/x86_64-linux-gnu/11/include/limits.h:34,
#18 19.66                  from segy.h:24:
#18 19.66 /usr/include/features.h:194:3: warning: #warning "_BSD_SOURCE and _SVID_SOURCE are deprecated, use _DEFAULT_SOURCE" [-Wcpp]
#18 19.66   194 | # warning "_BSD_SOURCE and _SVID_SOURCE are deprecated, use _DEFAULT_SOURCE"
#18 19.66       |   ^~~~~~~
#18 19.67 gcc -I/usr/local/cwp_su_all_44R22/include -O  -std=c99 -Wall -pedantic -Wno-long-long  -D_FILE_OFFSET_BITS=64 -D_LARGEFILE64_SOURCE -DCWP_LITTLE_ENDIAN -DSUXDR  -D_BSD_SOURCE -D_POSIX_SOURCE mkheader.c -o mkheader
#18 19.68 In file included from /usr/include/x86_64-linux-gnu/bits/libc-header-start.h:33,
#18 19.68                  from /usr/include/stdio.h:27,
#18 19.68                  from /usr/local/cwp_su_all_44R22/include/cwp.h:12,
#18 19.68                  from /usr/local/cwp_su_all_44R22/include/par.h:12,
#18 19.68                  from su.h:14,
#18 19.68                  from mkheader.c:18:
#18 19.68 /usr/include/features.h:194:3: warning: #warning "_BSD_SOURCE and _SVID_SOURCE are deprecated, use _DEFAULT_SOURCE" [-Wcpp]
#18 19.68   194 | # warning "_BSD_SOURCE and _SVID_SOURCE are deprecated, use _DEFAULT_SOURCE"
#18 19.68       |   ^~~~~~~
#18 19.72 ./mkheader >header.h
#18 19.73 cpp -I/usr/local/cwp_su_all_44R22/include -O  -std=c99 -Wall -pedantic -Wno-long-long  -D_FILE_OFFSET_BITS=64 -D_LARGEFILE64_SOURCE -DCWP_LITTLE_ENDIAN -DSUXDR  -D_BSD_SOURCE -D_POSIX_SOURCE segy.h | ./mkoffs.sh >offsets.h
#18 19.73 In file included from /usr/include/x86_64-linux-gnu/bits/libc-header-start.h:33,
#18 19.73                  from /usr/include/limits.h:26,
#18 19.73                  from /usr/lib/gcc/x86_64-linux-gnu/11/include/limits.h:203,
#18 19.73                  from /usr/lib/gcc/x86_64-linux-gnu/11/include/syslimits.h:7,
#18 19.73                  from /usr/lib/gcc/x86_64-linux-gnu/11/include/limits.h:34,
#18 19.73                  from segy.h:24:
#18 19.73 /usr/include/features.h:194:3: warning: #warning "_BSD_SOURCE and _SVID_SOURCE are deprecated, use _DEFAULT_SOURCE" [-Wcpp]
#18 19.73   194 | # warning "_BSD_SOURCE and _SVID_SOURCE are deprecated, use _DEFAULT_SOURCE"
#18 19.73       |   ^~~~~~~
#18 19.74 gcc -I/usr/local/cwp_su_all_44R22/include -O  -std=c99 -Wall -pedantic -Wno-long-long  -D_FILE_OFFSET_BITS=64 -D_LARGEFILE64_SOURCE -DCWP_LITTLE_ENDIAN -DSUXDR  -D_BSD_SOURCE -D_POSIX_SOURCE mkhdr.c -o mkhdr
#18 19.75 In file included from /usr/include/x86_64-linux-gnu/bits/libc-header-start.h:33,
#18 19.75                  from /usr/include/stdio.h:27,
#18 19.75                  from /usr/local/cwp_su_all_44R22/include/cwp.h:12,
#18 19.75                  from /usr/local/cwp_su_all_44R22/include/par.h:12,
#18 19.75                  from su.h:14,
#18 19.75                  from mkhdr.c:18:
#18 19.75 /usr/include/features.h:194:3: warning: #warning "_BSD_SOURCE and _SVID_SOURCE are deprecated, use _DEFAULT_SOURCE" [-Wcpp]
#18 19.75   194 | # warning "_BSD_SOURCE and _SVID_SOURCE are deprecated, use _DEFAULT_SOURCE"
#18 19.75       |   ^~~~~~~
#18 19.82 ./mkhdr >hdr.h
#18 19.82 gcc -I/usr/local/cwp_su_all_44R22/include -O  -std=c99 -Wall -pedantic -Wno-long-long  -D_FILE_OFFSET_BITS=64 -D_LARGEFILE64_SOURCE -DCWP_LITTLE_ENDIAN -DSUXDR  -D_BSD_SOURCE -D_POSIX_SOURCE mkxdrhdrsub.c -o mkxdrhdrsub
#18 19.82 In file included from /usr/include/x86_64-linux-gnu/bits/libc-header-start.h:33,
#18 19.82                  from /usr/include/stdio.h:27,
#18 19.82                  from /usr/local/cwp_su_all_44R22/include/cwp.h:12,
#18 19.82                  from /usr/local/cwp_su_all_44R22/include/par.h:12,
#18 19.82                  from su.h:14,
#18 19.82                  from mkxdrhdrsub.c:4:
#18 19.82 /usr/include/features.h:194:3: warning: #warning "_BSD_SOURCE and _SVID_SOURCE are deprecated, use _DEFAULT_SOURCE" [-Wcpp]
#18 19.82   194 | # warning "_BSD_SOURCE and _SVID_SOURCE are deprecated, use _DEFAULT_SOURCE"
#18 19.82       |   ^~~~~~~
#18 19.90 gcc -I/usr/local/cwp_su_all_44R22/include -O  -std=c99 -Wall -pedantic -Wno-long-long  -D_FILE_OFFSET_BITS=64 -D_LARGEFILE64_SOURCE -DCWP_LITTLE_ENDIAN -DSUXDR  -D_BSD_SOURCE -D_POSIX_SOURCE mkxdrbhdrsub.c -o mkxdrbhdrsub
#18 19.90 In file included from /usr/include/x86_64-linux-gnu/bits/libc-header-start.h:33,
#18 19.90                  from /usr/include/stdio.h:27,
#18 19.90                  from /usr/local/cwp_su_all_44R22/include/cwp.h:12,
#18 19.90                  from /usr/local/cwp_su_all_44R22/include/par.h:12,
#18 19.90                  from su.h:14,
#18 19.90                  from mkxdrbhdrsub.c:4:
#18 19.90 /usr/include/features.h:194:3: warning: #warning "_BSD_SOURCE and _SVID_SOURCE are deprecated, use _DEFAULT_SOURCE" [-Wcpp]
#18 19.90   194 | # warning "_BSD_SOURCE and _SVID_SOURCE are deprecated, use _DEFAULT_SOURCE"
#18 19.90       |   ^~~~~~~
#18 19.96 segy.h installed in /usr/local/cwp_su_all_44R22/include
#18 19.97 segd.h installed in /usr/local/cwp_su_all_44R22/include
#18 19.97 hdr.h installed in /usr/local/cwp_su_all_44R22/include
#18 19.98 header.h installed in /usr/local/cwp_su_all_44R22/include
#18 19.98 su.h installed in /usr/local/cwp_su_all_44R22/include
#18 19.99 tapesegy.h installed in /usr/local/cwp_su_all_44R22/include
#18 19.99 tapebhdr.h installed in /usr/local/cwp_su_all_44R22/include
#18 20.00 tapehdr.h installed in /usr/local/cwp_su_all_44R22/include
#18 20.01 bheader.h installed in /usr/local/cwp_su_all_44R22/include
#18 20.01 bhdr.h installed in /usr/local/cwp_su_all_44R22/include
#18 20.02 sugeom.h installed in /usr/local/cwp_su_all_44R22/include
#18 20.03 su_xdr.h installed in /usr/local/cwp_su_all_44R22/include
#18 20.03 ./mkxdrhdrsub > ../lib/xdrhdrsub.c
#18 20.03 ./mkxdrbhdrsub > ../lib/xdrbhdrsub.c
#18 20.04 touch INSTALL
#18 20.04 make[2]: Leaving directory '/usr/local/cwp_su_all_44R22/src/su/include'
#18 20.04 cd lib     ; make
#18 20.04 make[2]: Entering directory '/usr/local/cwp_su_all_44R22/src/su/lib'
#18 20.04 gcc -c -I/usr/local/cwp_su_all_44R22/include -O  -std=c99 -Wall -pedantic -Wno-long-long  -D_FILE_OFFSET_BITS=64 -D_LARGEFILE64_SOURCE -DCWP_LITTLE_ENDIAN -DSUXDR  -D_BSD_SOURCE -D_POSIX_SOURCE elco_scalar.c
#18 20.06 In file included from /usr/include/x86_64-linux-gnu/bits/libc-header-start.h:33,
#18 20.06                  from /usr/include/math.h:27,
#18 20.06                  from elco_scalar.c:2:
#18 20.06 /usr/include/features.h:194:3: warning: #warning "_BSD_SOURCE and _SVID_SOURCE are deprecated, use _DEFAULT_SOURCE" [-Wcpp]
#18 20.06   194 | # warning "_BSD_SOURCE and _SVID_SOURCE are deprecated, use _DEFAULT_SOURCE"
#18 20.06       |   ^~~~~~~
#18 20.11 ar rv /usr/local/cwp_su_all_44R22/lib/libsu.a elco_scalar.o
#18 20.11 ar: creating /usr/local/cwp_su_all_44R22/lib/libsu.a
#18 20.11 a - elco_scalar.o
#18 20.11 rm -f elco_scalar.o
#18 20.11 gcc -c -I/usr/local/cwp_su_all_44R22/include -O  -std=c99 -Wall -pedantic -Wno-long-long  -D_FILE_OFFSET_BITS=64 -D_LARGEFILE64_SOURCE -DCWP_LITTLE_ENDIAN -DSUXDR  -D_BSD_SOURCE -D_POSIX_SOURCE fgettr.c
#18 20.12 In file included from /usr/include/x86_64-linux-gnu/bits/libc-header-start.h:33,
#18 20.12                  from /usr/include/stdio.h:27,
#18 20.12                  from /usr/local/cwp_su_all_44R22/include/cwp.h:12,
#18 20.12                  from /usr/local/cwp_su_all_44R22/include/par.h:12,
#18 20.12                  from /usr/local/cwp_su_all_44R22/include/su.h:14,
#18 20.12                  from fgettr.c:74:
#18 20.12 /usr/include/features.h:194:3: warning: #warning "_BSD_SOURCE and _SVID_SOURCE are deprecated, use _DEFAULT_SOURCE" [-Wcpp]
#18 20.12   194 | # warning "_BSD_SOURCE and _SVID_SOURCE are deprecated, use _DEFAULT_SOURCE"
#18 20.12       |   ^~~~~~~
#18 20.16 In file included from /usr/local/cwp_su_all_44R22/include/su_xdr.h:10,
#18 20.16                  from fgettr.c:90:
#18 20.16 /usr/include/rpc/types.h:93:10: fatal error: netconfig.h: No such file or directory
#18 20.16    93 | #include <netconfig.h>
#18 20.16       |          ^~~~~~~~~~~~~
#18 20.16 compilation terminated.
#18 20.17 make[2]: *** [/usr/local/cwp_su_all_44R22/src/Rules/suffix.rules:4: /usr/local/cwp_su_all_44R22/lib/libsu.a(fgettr.o)] Error 1
#18 20.17 make[2]: Leaving directory '/usr/local/cwp_su_all_44R22/src/su/lib'
#18 20.17 make[1]: *** [Makefile:7: INSTALL] Error 2
#18 20.17 make[1]: Leaving directory '/usr/local/cwp_su_all_44R22/src/su'
#18 20.17 make: *** [Makefile:92: sustuff] Error 2
#18 20.17 Installation process completed or terminated.
#18 DONE 20.3s

#19 [14/27] RUN cd /usr/local/cwp_su_all_44R22/src         && make install || true         && make xtinstall || true         && make xminstall || true         && make mglinstall || true         && make finstall || true         && make sfinstall || true
#19 0.591 Installing the CWP codes under the ROOT = /usr/local/cwp_su_all_44R22
#19 0.591 Continue install? [y/n] Aborting make 
#19 0.592 make: *** [Makefile:76: checkroot] Error 1
#19 0.595 cd ./Xtcwp; make
#19 0.599 make[1]: Entering directory '/usr/local/cwp_su_all_44R22/src/Xtcwp'
#19 0.599 cd include ; make
#19 0.604 make[2]: Entering directory '/usr/local/cwp_su_all_44R22/src/Xtcwp/include'
#19 0.615 Xtcwp.h installed in /usr/local/cwp_su_all_44R22/include/Xtcwp
#19 0.619 Axes.h installed in /usr/local/cwp_su_all_44R22/include/Xtcwp
#19 0.623 AxesP.h installed in /usr/local/cwp_su_all_44R22/include/Xtcwp
#19 0.629 make[2]: Leaving directory '/usr/local/cwp_su_all_44R22/src/Xtcwp/include'
#19 0.629 cd lib     ; make
#19 0.634 make[2]: Entering directory '/usr/local/cwp_su_all_44R22/src/Xtcwp/lib'
#19 0.634 gcc -c -I/usr/local/cwp_su_all_44R22/include -I/usr/X11/include -O  -std=c99 -Wall -pedantic -Wno-long-long  -D_FILE_OFFSET_BITS=64 -D_LARGEFILE64_SOURCE -DCWP_LITTLE_ENDIAN Axes.c
#19 0.748 ar rv /usr/local/cwp_su_all_44R22/lib/libXtcwp.a Axes.o
#19 0.750 ar: creating /usr/local/cwp_su_all_44R22/lib/libXtcwp.a
#19 0.752 a - Axes.o
#19 0.753 rm -f Axes.o
#19 0.755 gcc -c -I/usr/local/cwp_su_all_44R22/include -I/usr/X11/include -O  -std=c99 -Wall -pedantic -Wno-long-long  -D_FILE_OFFSET_BITS=64 -D_LARGEFILE64_SOURCE -DCWP_LITTLE_ENDIAN fx.c
#19 0.853 ar rv /usr/local/cwp_su_all_44R22/lib/libXtcwp.a fx.o
#19 0.855 a - fx.o
#19 0.856 rm -f fx.o
#19 0.857 gcc -c -I/usr/local/cwp_su_all_44R22/include -I/usr/X11/include -O  -std=c99 -Wall -pedantic -Wno-long-long  -D_FILE_OFFSET_BITS=64 -D_LARGEFILE64_SOURCE -DCWP_LITTLE_ENDIAN colormap.c
#19 0.951 ar rv /usr/local/cwp_su_all_44R22/lib/libXtcwp.a colormap.o
#19 0.952 a - colormap.o
#19 0.953 rm -f colormap.o
#19 0.955 gcc -c -I/usr/local/cwp_su_all_44R22/include -I/usr/X11/include -O  -std=c99 -Wall -pedantic -Wno-long-long  -D_FILE_OFFSET_BITS=64 -D_LARGEFILE64_SOURCE -DCWP_LITTLE_ENDIAN misc.c
#19 1.014 ar rv /usr/local/cwp_su_all_44R22/lib/libXtcwp.a misc.o
#19 1.015 a - misc.o
#19 1.016 rm -f misc.o
#19 1.018 gcc -c -I/usr/local/cwp_su_all_44R22/include -I/usr/X11/include -O  -std=c99 -Wall -pedantic -Wno-long-long  -D_FILE_OFFSET_BITS=64 -D_LARGEFILE64_SOURCE -DCWP_LITTLE_ENDIAN resconv.c
#19 1.058 ar rv /usr/local/cwp_su_all_44R22/lib/libXtcwp.a resconv.o
#19 1.059 a - resconv.o
#19 1.062 rm -f resconv.o
#19 1.063 gcc -c -I/usr/local/cwp_su_all_44R22/include -I/usr/X11/include -O  -std=c99 -Wall -pedantic -Wno-long-long  -D_FILE_OFFSET_BITS=64 -D_LARGEFILE64_SOURCE -DCWP_LITTLE_ENDIAN rubberbox.c
#19 1.114 ar rv /usr/local/cwp_su_all_44R22/lib/libXtcwp.a rubberbox.o
#19 1.116 a - rubberbox.o
#19 1.118 rm -f rubberbox.o
#19 1.119 ranlib /usr/local/cwp_su_all_44R22/lib/libXtcwp.a
#19 1.126 make[2]: Leaving directory '/usr/local/cwp_su_all_44R22/src/Xtcwp/lib'
#19 1.126 cd main    ; make
#19 1.131 make[2]: Entering directory '/usr/local/cwp_su_all_44R22/src/Xtcwp/main'
#19 1.131 gcc -I/usr/local/cwp_su_all_44R22/include -I/usr/X11/include -O  -std=c99 -Wall -pedantic -Wno-long-long  -D_FILE_OFFSET_BITS=64 -D_LARGEFILE64_SOURCE -DCWP_LITTLE_ENDIAN xgraph.c  -L/usr/local/cwp_su_all_44R22/lib  -lXtcwp -lpar -lcwp -L/usr/X11/lib -lXt -lX11 -lm  -o /usr/local/cwp_su_all_44R22/bin/xgraph
#19 1.318 xgraph installed in /usr/local/cwp_su_all_44R22/bin
#19 1.318 gcc -I/usr/local/cwp_su_all_44R22/include -I/usr/X11/include -O  -std=c99 -Wall -pedantic -Wno-long-long  -D_FILE_OFFSET_BITS=64 -D_LARGEFILE64_SOURCE -DCWP_LITTLE_ENDIAN xmovie.c  -L/usr/local/cwp_su_all_44R22/lib  -lXtcwp -lpar -lcwp -L/usr/X11/lib -lXt -lX11 -lm  -o /usr/local/cwp_su_all_44R22/bin/xmovie
#19 1.359 xmovie.c: In function 'readFrame':
#19 1.359 xmovie.c:632:20: warning: implicit declaration of function 'usleep'; did you mean 'sleep'? [-Wimplicit-function-declaration]
#19 1.359   632 |                    usleep( 100000*(cd->sleep) );
#19 1.359       |                    ^~~~~~
#19 1.359       |                    sleep
#19 1.363 xmovie.c: In function 'makeImage':
#19 1.363 xmovie.c:1221:24: warning: this 'if' clause does not guard... [-Wmisleading-indentation]
#19 1.363  1221 |                        if(byte_perpixel==1)
#19 1.363       |                        ^~
#19 1.364 xmovie.c:1223:25: note: ...this statement, but the latter is misleadingly indented as if it were guarded by the 'if'
#19 1.364  1223 |                         if(byte_perpixel==2)
#19 1.364       |                         ^~
#19 1.521 xmovie installed in /usr/local/cwp_su_all_44R22/bin
#19 1.521 gcc -I/usr/local/cwp_su_all_44R22/include -I/usr/X11/include -O  -std=c99 -Wall -pedantic -Wno-long-long  -D_FILE_OFFSET_BITS=64 -D_LARGEFILE64_SOURCE -DCWP_LITTLE_ENDIAN xrects.c  -L/usr/local/cwp_su_all_44R22/lib  -lXtcwp -lpar -lcwp -L/usr/X11/lib -lXt -lX11 -lm  -o /usr/local/cwp_su_all_44R22/bin/xrects
#19 1.633 xrects installed in /usr/local/cwp_su_all_44R22/bin
#19 1.645 XGraph_XAPP_DEF installed in /usr/local/cwp_su_all_44R22/lib/X11/app-defaults
#19 1.649 XMovie_XAPP_DEF installed in /usr/local/cwp_su_all_44R22/lib/X11/app-defaults
#19 1.652 XRects_XAPP_DEF installed in /usr/local/cwp_su_all_44R22/lib/X11/app-defaults
#19 1.657 make[2]: Leaving directory '/usr/local/cwp_su_all_44R22/src/Xtcwp/main'
#19 1.658 make[1]: Leaving directory '/usr/local/cwp_su_all_44R22/src/Xtcwp'
#19 1.658 cd ./xplot; make
#19 1.663 make[1]: Entering directory '/usr/local/cwp_su_all_44R22/src/xplot'
#19 1.663 cd include ; make 
#19 1.668 make[2]: Entering directory '/usr/local/cwp_su_all_44R22/src/xplot/include'
#19 1.672 xplot.h installed in /usr/local/cwp_su_all_44R22/include
#19 1.677 garnish.h installed in /usr/local/cwp_su_all_44R22/include
#19 1.681 xwindow.h installed in /usr/local/cwp_su_all_44R22/include
#19 1.685 picking.h installed in /usr/local/cwp_su_all_44R22/include
#19 1.689 make[2]: Leaving directory '/usr/local/cwp_su_all_44R22/src/xplot/include'
#19 1.689 cd lib     ; make 
#19 1.696 make[2]: Entering directory '/usr/local/cwp_su_all_44R22/src/xplot/lib'
#19 1.696 gcc -c -I/usr/local/cwp_su_all_44R22/include -I/usr/X11/include -O  -std=c99 -Wall -pedantic -Wno-long-long  -D_FILE_OFFSET_BITS=64 -D_LARGEFILE64_SOURCE -DCWP_LITTLE_ENDIAN  axesbox.c
#19 1.775 ar rv /usr/local/cwp_su_all_44R22/lib/libxplot.a axesbox.o
#19 1.778 ar: creating /usr/local/cwp_su_all_44R22/lib/libxplot.a
#19 1.780 a - axesbox.o
#19 1.782 rm -f axesbox.o
#19 1.794 gcc -c -I/usr/local/cwp_su_all_44R22/include -I/usr/X11/include -O  -std=c99 -Wall -pedantic -Wno-long-long  -D_FILE_OFFSET_BITS=64 -D_LARGEFILE64_SOURCE -DCWP_LITTLE_ENDIAN  colormap.c
#19 1.930 ar rv /usr/local/cwp_su_all_44R22/lib/libxplot.a colormap.o
#19 1.932 a - colormap.o
#19 1.933 rm -f colormap.o
#19 1.934 gcc -c -I/usr/local/cwp_su_all_44R22/include -I/usr/X11/include -O  -std=c99 -Wall -pedantic -Wno-long-long  -D_FILE_OFFSET_BITS=64 -D_LARGEFILE64_SOURCE -DCWP_LITTLE_ENDIAN  drawcurve.c
#19 1.985 ar rv /usr/local/cwp_su_all_44R22/lib/libxplot.a drawcurve.o
#19 1.987 a - drawcurve.o
#19 1.988 rm -f drawcurve.o
#19 1.993 gcc -c -I/usr/local/cwp_su_all_44R22/include -I/usr/X11/include -O  -std=c99 -Wall -pedantic -Wno-long-long  -D_FILE_OFFSET_BITS=64 -D_LARGEFILE64_SOURCE -DCWP_LITTLE_ENDIAN  image.c
#19 2.020 image.c: In function 'xNewImage':
#19 2.020 image.c:166:24: warning: this 'if' clause does not guard... [-Wmisleading-indentation]
#19 2.020   166 |                        if(byte_perpixel==1)
#19 2.020       |                        ^~
#19 2.020 image.c:168:25: note: ...this statement, but the latter is misleadingly indented as if it were guarded by the 'if'
#19 2.020   168 |                         if(byte_perpixel==2)
#19 2.020       |                         ^~
#19 2.054 ar rv /usr/local/cwp_su_all_44R22/lib/libxplot.a image.o
#19 2.055 a - image.o
#19 2.057 rm -f image.o
#19 2.059 gcc -c -I/usr/local/cwp_su_all_44R22/include -I/usr/X11/include -O  -std=c99 -Wall -pedantic -Wno-long-long  -D_FILE_OFFSET_BITS=64 -D_LARGEFILE64_SOURCE -DCWP_LITTLE_ENDIAN  legendbox.c
#19 2.097 legendbox.c: In function 'xDrawLegendBox':
#19 2.097 legendbox.c:189:9: warning: format not a string literal and no format arguments [-Wformat-security]
#19 2.097   189 |         sprintf(str,units);
#19 2.097       |         ^~~~~~~
#19 2.118 ar rv /usr/local/cwp_su_all_44R22/lib/libxplot.a legendbox.o
#19 2.120 a - legendbox.o
#19 2.121 rm -f legendbox.o
#19 2.124 gcc -c -I/usr/local/cwp_su_all_44R22/include -I/usr/X11/include -O  -std=c99 -Wall -pedantic -Wno-long-long  -D_FILE_OFFSET_BITS=64 -D_LARGEFILE64_SOURCE -DCWP_LITTLE_ENDIAN  xContour.c
#19 2.244 ar rv /usr/local/cwp_su_all_44R22/lib/libxplot.a xContour.o
#19 2.247 a - xContour.o
#19 2.249 rm -f xContour.o
#19 2.251 gcc -c -I/usr/local/cwp_su_all_44R22/include -I/usr/X11/include -O  -std=c99 -Wall -pedantic -Wno-long-long  -D_FILE_OFFSET_BITS=64 -D_LARGEFILE64_SOURCE -DCWP_LITTLE_ENDIAN  rubberbox.c
#19 2.299 ar rv /usr/local/cwp_su_all_44R22/lib/libxplot.a rubberbox.o
#19 2.300 a - rubberbox.o
#19 2.302 rm -f rubberbox.o
#19 2.304 gcc -c -I/usr/local/cwp_su_all_44R22/include -I/usr/X11/include -O  -std=c99 -Wall -pedantic -Wno-long-long  -D_FILE_OFFSET_BITS=64 -D_LARGEFILE64_SOURCE -DCWP_LITTLE_ENDIAN  window.c
#19 2.345 ar rv /usr/local/cwp_su_all_44R22/lib/libxplot.a window.o
#19 2.347 a - window.o
#19 2.349 rm -f window.o
#19 2.351 gcc -c -I/usr/local/cwp_su_all_44R22/include -I/usr/X11/include -O  -std=c99 -Wall -pedantic -Wno-long-long  -D_FILE_OFFSET_BITS=64 -D_LARGEFILE64_SOURCE -DCWP_LITTLE_ENDIAN  garnish.c
#19 2.486 ar rv /usr/local/cwp_su_all_44R22/lib/libxplot.a garnish.o
#19 2.488 a - garnish.o
#19 2.490 rm -f garnish.o
#19 2.491 ranlib /usr/local/cwp_su_all_44R22/lib/libxplot.a
#19 2.497 make[2]: Leaving directory '/usr/local/cwp_su_all_44R22/src/xplot/lib'
#19 2.497 cd main    ; make 
#19 2.502 make[2]: Entering directory '/usr/local/cwp_su_all_44R22/src/xplot/main'
#19 2.502 gcc -I/usr/local/cwp_su_all_44R22/include -I/usr/X11/include -O  -std=c99 -Wall -pedantic -Wno-long-long  -D_FILE_OFFSET_BITS=64 -D_LARGEFILE64_SOURCE -DCWP_LITTLE_ENDIAN lcmap.c  -L/usr/local/cwp_su_all_44R22/lib -lxplot -L/usr/X11/lib  -lX11 -lpar -lcwp -lm  -o /usr/local/cwp_su_all_44R22/bin/lcmap
#19 2.552 lcmap installed in /usr/local/cwp_su_all_44R22/bin
#19 2.552 gcc -I/usr/local/cwp_su_all_44R22/include -I/usr/X11/include -O  -std=c99 -Wall -pedantic -Wno-long-long  -D_FILE_OFFSET_BITS=64 -D_LARGEFILE64_SOURCE -DCWP_LITTLE_ENDIAN lprop.c  -L/usr/local/cwp_su_all_44R22/lib -lxplot -L/usr/X11/lib  -lX11 -lpar -lcwp -lm  -o /usr/local/cwp_su_all_44R22/bin/lprop
#19 2.610 lprop installed in /usr/local/cwp_su_all_44R22/bin
#19 2.610 gcc -I/usr/local/cwp_su_all_44R22/include -I/usr/X11/include -O  -std=c99 -Wall -pedantic -Wno-long-long  -D_FILE_OFFSET_BITS=64 -D_LARGEFILE64_SOURCE -DCWP_LITTLE_ENDIAN scmap.c  -L/usr/local/cwp_su_all_44R22/lib -lxplot -L/usr/X11/lib  -lX11 -lpar -lcwp -lm  -o /usr/local/cwp_su_all_44R22/bin/scmap
#19 2.686 scmap installed in /usr/local/cwp_su_all_44R22/bin
#19 2.686 gcc -I/usr/local/cwp_su_all_44R22/include -I/usr/X11/include -O  -std=c99 -Wall -pedantic -Wno-long-long  -D_FILE_OFFSET_BITS=64 -D_LARGEFILE64_SOURCE -DCWP_LITTLE_ENDIAN xcontour.c  -L/usr/local/cwp_su_all_44R22/lib -lxplot -L/usr/X11/lib  -lX11 -lpar -lcwp -lm  -o /usr/local/cwp_su_all_44R22/bin/xcontour
#19 2.716 xcontour.c: In function 'newContour':
#19 2.716 xcontour.c:794:9: warning: this 'for' clause does not guard... [-Wmisleading-indentation]
#19 2.716   794 |         for(i=0;i<ny;i++)
#19 2.716       |         ^~~
#19 2.716 xcontour.c:797:11: note: ...this statement, but the latter is misleadingly indented as if it were guarded by the 'for'
#19 2.716   797 |           XGetWindowAttributes(dpy,win,&wa);
#19 2.716       |           ^~~~~~~~~~~~~~~~~~~~
#19 2.721 xcontour.c: In function 'main':
#19 2.721 xcontour.c:623:33: warning: ignoring return value of 'system' declared with attribute 'warn_unused_result' [-Wunused-result]
#19 2.721   623 |                                 system(cmdline);
#19 2.721       |                                 ^~~~~~~~~~~~~~~
#19 2.882 xcontour installed in /usr/local/cwp_su_all_44R22/bin
#19 2.882 gcc -I/usr/local/cwp_su_all_44R22/include -I/usr/X11/include -O  -std=c99 -Wall -pedantic -Wno-long-long  -D_FILE_OFFSET_BITS=64 -D_LARGEFILE64_SOURCE -DCWP_LITTLE_ENDIAN ximage.c  -L/usr/local/cwp_su_all_44R22/lib -lxplot -L/usr/X11/lib  -lX11 -lpar -lcwp -lm  -o /usr/local/cwp_su_all_44R22/bin/ximage
#19 2.921 ximage.c: In function 'main':
#19 2.921 ximage.c:297:25: warning: ignoring return value of 'fscanf' declared with attribute 'warn_unused_result' [-Wunused-result]
#19 2.921   297 |                         fscanf(curvefp,"%f",&x1curve[j][i]);
#19 2.921       |                         ^~~~~~~~~~~~~~~~~~~~~~~~~~~~~~~~~~~
#19 2.921 ximage.c:298:25: warning: ignoring return value of 'fscanf' declared with attribute 'warn_unused_result' [-Wunused-result]
#19 2.921   298 |                         fscanf(curvefp,"%f",&x2curve[j][i]);
#19 2.921       |                         ^~~~~~~~~~~~~~~~~~~~~~~~~~~~~~~~~~~
#19 3.230 ximage installed in /usr/local/cwp_su_all_44R22/bin
#19 3.230 gcc -I/usr/local/cwp_su_all_44R22/include -I/usr/X11/include -O  -std=c99 -Wall -pedantic -Wno-long-long  -D_FILE_OFFSET_BITS=64 -D_LARGEFILE64_SOURCE -DCWP_LITTLE_ENDIAN xwigb.c  -L/usr/local/cwp_su_all_44R22/lib -lxplot -L/usr/X11/lib  -lX11 -lpar -lcwp -lm  -o /usr/local/cwp_su_all_44R22/bin/xwigb
#19 3.294 xwigb.c: In function 'main':
#19 3.294 xwigb.c:297:25: warning: ignoring return value of 'fscanf' declared with attribute 'warn_unused_result' [-Wunused-result]
#19 3.294   297 |                         fscanf(curvefp,"%f",&x1curve[j][i]);
#19 3.294       |                         ^~~~~~~~~~~~~~~~~~~~~~~~~~~~~~~~~~~
#19 3.294 xwigb.c:298:25: warning: ignoring return value of 'fscanf' declared with attribute 'warn_unused_result' [-Wunused-result]
#19 3.294   298 |                         fscanf(curvefp,"%f",&x2curve[j][i]);
#19 3.294       |                         ^~~~~~~~~~~~~~~~~~~~~~~~~~~~~~~~~~~
#19 3.456 xwigb installed in /usr/local/cwp_su_all_44R22/bin
#19 3.457 gcc -I/usr/local/cwp_su_all_44R22/include -I/usr/X11/include -O  -std=c99 -Wall -pedantic -Wno-long-long  -D_FILE_OFFSET_BITS=64 -D_LARGEFILE64_SOURCE -DCWP_LITTLE_ENDIAN xpicker.c  -L/usr/local/cwp_su_all_44R22/lib -lxplot -L/usr/X11/lib  -lX11 -lpar -lcwp -lm  -o /usr/local/cwp_su_all_44R22/bin/xpicker
#19 3.502 xpicker.c: In function 'load_picks':
#19 3.502 xpicker.c:1435:16: warning: implicit declaration of function 'getline' [-Wimplicit-function-declaration]
#19 3.502  1435 |         while (getline(&buffer, &length,fp)!=-1) ++num_picks; /* count the number of picks */
#19 3.502       |                ^~~~~~~
#19 3.560 In file included from /usr/include/stdio.h:894,
#19 3.560                  from /usr/local/cwp_su_all_44R22/include/cwp.h:12,
#19 3.560                  from /usr/local/cwp_su_all_44R22/include/par.h:12,
#19 3.560                  from xpicker.c:6:
#19 3.560 In function 'fgets',
#19 3.560     inlined from 'read_keyval' at xpicker.c:1770:14:
#19 3.560 /usr/include/x86_64-linux-gnu/bits/stdio2.h:268:12: warning: call to '__fgets_chk_warn' declared with attribute warning: fgets called with bigger size than length of destination buffer [-Wattribute-warning]
#19 3.560   268 |     return __fgets_chk_warn (__s, sz, __n, __stream);
#19 3.560       |            ^~~~~~~~~~~~~~~~~~~~~~~~~~~~~~~~~~~~~~~~~
#19 3.722 xpicker installed in /usr/local/cwp_su_all_44R22/bin
#19 3.727 make[2]: Leaving directory '/usr/local/cwp_su_all_44R22/src/xplot/main'
#19 3.727 make[1]: Leaving directory '/usr/local/cwp_su_all_44R22/src/xplot'
#19 3.728 cd ./xtri; make
#19 3.732 make[1]: Entering directory '/usr/local/cwp_su_all_44R22/src/xtri'
#19 3.732 make[1]: Leaving directory '/usr/local/cwp_su_all_44R22/src/xtri'
#19 3.732 make[1]: *** No rule to make target '/usr/local/cwp_su_all_44R22/include/Triangles/tri.h', needed by '/usr/local/cwp_su_all_44R22/bin/sxplot'.  Stop.
#19 3.732 make: *** [Makefile:97: xtcwp_] Error 2
#19 3.735 cd ./Xmcwp; make
#19 3.741 make[1]: Entering directory '/usr/local/cwp_su_all_44R22/src/Xmcwp'
#19 3.741 cd include ; make
#19 3.746 make[2]: Entering directory '/usr/local/cwp_su_all_44R22/src/Xmcwp/include'
#19 3.751 Xmcwp.h installed in /usr/local/cwp_su_all_44R22/include/Xmcwp
#19 3.755 make[2]: Leaving directory '/usr/local/cwp_su_all_44R22/src/Xmcwp/include'
#19 3.758 cd lib     ; make
#19 3.763 make[2]: Entering directory '/usr/local/cwp_su_all_44R22/src/Xmcwp/lib'
#19 3.763 gcc -c -I/usr/local/cwp_su_all_44R22/include -I/usr/X11R6/include -I/usr/X11/include -O  -std=c99 -Wall -pedantic -Wno-long-long  -D_FILE_OFFSET_BITS=64 -D_LARGEFILE64_SOURCE  -DCWP_LITTLE_ENDIAN  radiobuttons.c
#19 3.843 ar rv /usr/local/cwp_su_all_44R22/lib/libXmcwp.a radiobuttons.o
#19 3.844 ar: creating /usr/local/cwp_su_all_44R22/lib/libXmcwp.a
#19 3.845 a - radiobuttons.o
#19 3.845 rm -f radiobuttons.o
#19 3.846 gcc -c -I/usr/local/cwp_su_all_44R22/include -I/usr/X11R6/include -I/usr/X11/include -O  -std=c99 -Wall -pedantic -Wno-long-long  -D_FILE_OFFSET_BITS=64 -D_LARGEFILE64_SOURCE  -DCWP_LITTLE_ENDIAN  samples.c
#19 3.968 ar rv /usr/local/cwp_su_all_44R22/lib/libXmcwp.a samples.o
#19 3.970 a - samples.o
#19 3.970 rm -f samples.o
#19 3.972 ranlib /usr/local/cwp_su_all_44R22/lib/libXmcwp.a
#19 3.979 make[2]: Leaving directory '/usr/local/cwp_su_all_44R22/src/Xmcwp/lib'
#19 3.980 cd main    ; make
#19 3.986 make[2]: Entering directory '/usr/local/cwp_su_all_44R22/src/Xmcwp/main'
#19 3.986 gcc -I/usr/local/cwp_su_all_44R22/include -I/usr/X11R6/include -I/usr/X11/include -O  -std=c99 -Wall -pedantic -Wno-long-long  -D_FILE_OFFSET_BITS=64 -D_LARGEFILE64_SOURCE  -DCWP_LITTLE_ENDIAN fftlab.c  -L/usr/local/cwp_su_all_44R22/lib -L/usr/X11R6/lib -lXmcwp -lXtcwp -lpar -lcwp -L/usr/X11/lib -lXm -lXt -lXext -lX11   -lm  -o /usr/local/cwp_su_all_44R22/bin/fftlab
#19 4.154 fftlab installed in /usr/local/cwp_su_all_44R22/bin
#19 4.159 FFtlab installed in /usr/local/cwp_su_all_44R22/lib/X11/app-defaults
#19 4.162 make[2]: Leaving directory '/usr/local/cwp_su_all_44R22/src/Xmcwp/main'
#19 4.163 make[1]: Leaving directory '/usr/local/cwp_su_all_44R22/src/Xmcwp'
#19 4.167 cd ./Mesa; make
#19 4.172 make[1]: Entering directory '/usr/local/cwp_su_all_44R22/src/Mesa'
#19 4.173 cd include ; make
#19 4.180 make[2]: Entering directory '/usr/local/cwp_su_all_44R22/src/Mesa/include'
#19 4.186 viewer3.h installed in /usr/local/cwp_su_all_44R22/include
#19 4.190 trackball.h installed in /usr/local/cwp_su_all_44R22/include
#19 4.195 make[2]: Leaving directory '/usr/local/cwp_su_all_44R22/src/Mesa/include'
#19 4.195 cd lib     ; make
#19 4.199 make[2]: Entering directory '/usr/local/cwp_su_all_44R22/src/Mesa/lib'
#19 4.199 gcc -c -I/usr/local/cwp_su_all_44R22/include -I/usr/local/cwp_su_all_44R22/include/MGL -I -I -I/usr/X11/include -O  -std=c99 -Wall -pedantic -Wno-long-long  -D_FILE_OFFSET_BITS=64 -D_LARGEFILE64_SOURCE -DCWP_LITTLE_ENDIAN trackball.c
#19 4.214 trackball.c:234:17: warning: argument 1 of type 'float[4]' with mismatched bound [-Warray-parameter=]
#19 4.214   234 | add_quats(float q1[4], float q2[4], float dest[4])
#19 4.214       |           ~~~~~~^~~~~
#19 4.214 In file included from trackball.c:41:
#19 4.214 /usr/local/cwp_su_all_44R22/include/MGL/trackball.h:74:18: note: previously declared as 'float *'
#19 4.214    74 | add_quats(float *q1, float *q2, float *dest);
#19 4.214       |           ~~~~~~~^~
#19 4.214 trackball.c:234:30: warning: argument 2 of type 'float[4]' with mismatched bound [-Warray-parameter=]
#19 4.214   234 | add_quats(float q1[4], float q2[4], float dest[4])
#19 4.214       |                        ~~~~~~^~~~~
#19 4.214 In file included from trackball.c:41:
#19 4.214 /usr/local/cwp_su_all_44R22/include/MGL/trackball.h:74:29: note: previously declared as 'float *'
#19 4.214    74 | add_quats(float *q1, float *q2, float *dest);
#19 4.214       |                      ~~~~~~~^~
#19 4.214 trackball.c:234:43: warning: argument 3 of type 'float[4]' with mismatched bound [-Warray-parameter=]
#19 4.214   234 | add_quats(float q1[4], float q2[4], float dest[4])
#19 4.214       |                                     ~~~~~~^~~~~~~
#19 4.214 In file included from trackball.c:41:
#19 4.214 /usr/local/cwp_su_all_44R22/include/MGL/trackball.h:74:40: note: previously declared as 'float *'
#19 4.214    74 | add_quats(float *q1, float *q2, float *dest);
#19 4.214       |                                 ~~~~~~~^~~~
#19 4.251 ar rv /usr/local/cwp_su_all_44R22/lib/libtrack.a trackball.o
#19 4.253 ar: creating /usr/local/cwp_su_all_44R22/lib/libtrack.a
#19 4.254 a - trackball.o
#19 4.254 rm -f trackball.o
#19 4.255 ranlib /usr/local/cwp_su_all_44R22/lib/libtrack.a
#19 4.260 make[2]: Leaving directory '/usr/local/cwp_su_all_44R22/src/Mesa/lib'
#19 4.261 cd main    ; make
#19 4.268 make[2]: Entering directory '/usr/local/cwp_su_all_44R22/src/Mesa/main'
#19 4.268 gcc -I/usr/local/cwp_su_all_44R22/include -I/usr/local/cwp_su_all_44R22/include/MGL -I -I -I/usr/X11/include -O  -std=c99 -Wall -pedantic -Wno-long-long  -D_FILE_OFFSET_BITS=64 -D_LARGEFILE64_SOURCE -DCWP_LITTLE_ENDIAN trip.c  -L/usr/local/cwp_su_all_44R22/lib -L/usr/X11/lib -L -L -lglut -lXmu -lXt -lSM -lICE -lXext -lXi -lX11 -lm -lGL -lGLU -lglut -ltrack -lpar -lcwp -lm  -o /usr/local/cwp_su_all_44R22/bin/trip
#19 4.303 trip.c:10:10: fatal error: GL/glu.h: No such file or directory
#19 4.303    10 | #include "GL/glu.h"
#19 4.303       |          ^~~~~~~~~~
#19 4.303 compilation terminated.
#19 4.304 make[2]: *** [Makefile:21: /usr/local/cwp_su_all_44R22/bin/trip] Error 1
#19 4.304 make[2]: Leaving directory '/usr/local/cwp_su_all_44R22/src/Mesa/main'
#19 4.305 make[1]: *** [Makefile:8: INSTALL] Error 2
#19 4.305 make[1]: Leaving directory '/usr/local/cwp_su_all_44R22/src/Mesa'
#19 4.306 make: *** [Makefile:123: mglstuff] Error 2
#19 4.309 cd ./Fortran; make
#19 4.316 make[1]: Entering directory '/usr/local/cwp_su_all_44R22/src/Fortran'
#19 4.316 cd AzimVelan ; make 
#19 4.320 make[2]: Entering directory '/usr/local/cwp_su_all_44R22/src/Fortran/AzimVelan'
#19 4.320 gfortran -g  -ffixed-line-length-none AzimVelAn.f -o /usr/local/cwp_su_all_44R22/bin/AzimVelAn 
#19 4.713 installing AzimVelAn in /usr/local/cwp_su_all_44R22/bin
#19 4.716 make[2]: Leaving directory '/usr/local/cwp_su_all_44R22/src/Fortran/AzimVelan'
#19 4.716 cd Cshot ; make
#19 4.724 make[2]: Entering directory '/usr/local/cwp_su_all_44R22/src/Fortran/Cshot'
#19 4.724 gfortran -g  -ffixed-line-length-none  -c -o contin.o contin.f
#19 4.783 ar rv libcshot.a contin.o
#19 4.785 ar: creating libcshot.a
#19 4.786 a - contin.o
#19 4.787 gfortran -g  -ffixed-line-length-none  -c -o shoot.o shoot.f
#19 4.826 ar rv libcshot.a shoot.o
#19 4.827 a - shoot.o
#19 4.829 gfortran -g  -ffixed-line-length-none  -c -o raydat.o raydat.f
#19 4.864 ar rv libcshot.a raydat.o
#19 4.866 a - raydat.o
#19 4.867 gfortran -g  -ffixed-line-length-none  -c -o hdwave.o hdwave.f
#19 4.903 ar rv libcshot.a hdwave.o
#19 4.904 a - hdwave.o
#19 4.907 gfortran -g  -ffixed-line-length-none  -c -o misc.o misc.f
#19 4.957 ar rv libcshot.a misc.o
#19 4.959 a - misc.o
#19 4.961 gfortran -g  -ffixed-line-length-none  -c -o splines.o splines.f
#19 4.996 ar rv libcshot.a splines.o
#19 4.997 a - splines.o
#19 5.000 gfortran -g  -ffixed-line-length-none  -c -o fft.o fft.f
#19 5.021 ar rv libcshot.a fft.o
#19 5.023 a - fft.o
#19 5.026 gfortran -g  -ffixed-line-length-none  -c -o addwav.o addwav.f
#19 5.049 ar rv libcshot.a addwav.o
#19 5.051 a - addwav.o
#19 5.053 gfortran -g  -ffixed-line-length-none  -c -o wavlet.o wavlet.f
#19 5.078 ar rv libcshot.a wavlet.o
#19 5.081 a - wavlet.o
#19 5.086 gfortran -g  -ffixed-line-length-none  -c -o graphics.o graphics.f
#19 5.117 ar rv libcshot.a graphics.o
#19 5.119 a - graphics.o
#19 5.121 ranlib libcshot.a
#19 5.126 gfortran -g  -ffixed-line-length-none cshot1.f -o /usr/local/cwp_su_all_44R22/bin/cshot1 libcshot.a
#19 5.388 installing cshot1 in /usr/local/cwp_su_all_44R22/bin
#19 5.388 gfortran -g  -ffixed-line-length-none cshot2.f -o /usr/local/cwp_su_all_44R22/bin/cshot2 libcshot.a
#19 5.485 installing cshot2 in /usr/local/cwp_su_all_44R22/bin
#19 5.486 gcc -I/usr/local/cwp_su_all_44R22/include -O  -std=c99 -Wall -pedantic -Wno-long-long  -D_FILE_OFFSET_BITS=64 -D_LARGEFILE64_SOURCE -DCWP_LITTLE_ENDIAN -DSUXDR  -D_BSD_SOURCE -D_POSIX_SOURCE  cshotplot.c  -L/usr/local/cwp_su_all_44R22/lib -lpar -lcwp -lm   -o /usr/local/cwp_su_all_44R22/bin/cshotplot
#19 5.492 In file included from /usr/include/x86_64-linux-gnu/bits/libc-header-start.h:33,
#19 5.492                  from /usr/include/stdio.h:27,
#19 5.492                  from /usr/local/cwp_su_all_44R22/include/cwp.h:12,
#19 5.492                  from /usr/local/cwp_su_all_44R22/include/par.h:12,
#19 5.492                  from cshotplot.c:3:
#19 5.492 /usr/include/features.h:194:3: warning: #warning "_BSD_SOURCE and _SVID_SOURCE are deprecated, use _DEFAULT_SOURCE" [-Wcpp]
#19 5.492   194 | # warning "_BSD_SOURCE and _SVID_SOURCE are deprecated, use _DEFAULT_SOURCE"
#19 5.492       |   ^~~~~~~
#19 5.527 cshotplot.c: In function 'main':
#19 5.527 cshotplot.c:85:25: warning: ignoring return value of 'fgets' declared with attribute 'warn_unused_result' [-Wunused-result]
#19 5.527    85 |                         fgets(buf,sizeof(buf),stdin);
#19 5.527       |                         ^~~~~~~~~~~~~~~~~~~~~~~~~~~~
#19 5.566 installing cshotplot in /usr/local/cwp_su_all_44R22/bin
#19 5.568 rm raydat.o contin.o hdwave.o fft.o addwav.o graphics.o shoot.o splines.o misc.o wavlet.o
#19 5.569 make[2]: Leaving directory '/usr/local/cwp_su_all_44R22/src/Fortran/Cshot'
#19 5.571 cd Cwell ; make
#19 5.577 make[2]: Entering directory '/usr/local/cwp_su_all_44R22/src/Fortran/Cwell'
#19 5.577 gfortran -g  -ffixed-line-length-none  -c -o shoot.o shoot.f
#19 5.611 ar rv libcwell.a shoot.o
#19 5.612 ar: creating libcwell.a
#19 5.613 a - shoot.o
#19 5.614 gfortran -g  -ffixed-line-length-none  -c -o interp.o interp.f
#19 5.647 ar rv libcwell.a interp.o
#19 5.649 a - interp.o
#19 5.651 gfortran -g  -ffixed-line-length-none  -c -o chkcst.o chkcst.f
#19 5.673 ar rv libcwell.a chkcst.o
#19 5.674 a - chkcst.o
#19 5.676 gfortran -g  -ffixed-line-length-none  -c -o raydat.o raydat.f
#19 5.699 ar rv libcwell.a raydat.o
#19 5.701 a - raydat.o
#19 5.703 gfortran -g  -ffixed-line-length-none  -c -o misc.o misc.f
#19 5.789 ar rv libcwell.a misc.o
#19 5.791 a - misc.o
#19 5.795 gfortran -g  -ffixed-line-length-none  -c -o splines.o splines.f
#19 5.831 ar rv libcwell.a splines.o
#19 5.833 a - splines.o
#19 5.837 gfortran -g  -ffixed-line-length-none  -c -o bisect.o bisect.f
#19 5.856 ar rv libcwell.a bisect.o
#19 5.858 a - bisect.o
#19 5.860 gfortran -g  -ffixed-line-length-none  -c -o hwsrc.o hwsrc.f
#19 5.884 ar rv libcwell.a hwsrc.o
#19 5.885 a - hwsrc.o
#19 5.888 gfortran -g  -ffixed-line-length-none  -c -o graphics.o graphics.f
#19 5.912 ar rv libcwell.a graphics.o
#19 5.914 a - graphics.o
#19 5.916 ranlib libcwell.a
#19 5.920 gfortran -g  -ffixed-line-length-none cwell.f -o /usr/local/cwp_su_all_44R22/bin/cwell libcwell.a -L/usr/local/cwp_su_all_44R22/lib  -lpar -lcwp -lm
#19 6.101 cwell installed in /usr/local/cwp_su_all_44R22/bin
#19 6.103 rm interp.o raydat.o graphics.o chkcst.o shoot.o splines.o misc.o bisect.o hwsrc.o
#19 6.104 make[2]: Leaving directory '/usr/local/cwp_su_all_44R22/src/Fortran/Cwell'
#19 6.104 cd Cxzco ; make
#19 6.111 make[2]: Entering directory '/usr/local/cwp_su_all_44R22/src/Fortran/Cxzco'
#19 6.111 gfortran -g  -ffixed-line-length-none  -c -o amplit.o amplit.f
#19 6.132 ar rv libcxzco.a amplit.o
#19 6.133 ar: creating libcxzco.a
#19 6.134 a - amplit.o
#19 6.135 gfortran -g  -ffixed-line-length-none  -c -o anglesv.o anglesv.f
#19 6.152 ar rv libcxzco.a anglesv.o
#19 6.154 a - anglesv.o
#19 6.155 gfortran -g  -ffixed-line-length-none  -c -o cuspln.o cuspln.f
#19 6.183 ar rv libcxzco.a cuspln.o
#19 6.185 a - cuspln.o
#19 6.186 gfortran -g  -ffixed-line-length-none  -c -o dophi.o dophi.f
#19 6.203 ar rv libcxzco.a dophi.o
#19 6.205 a - dophi.o
#19 6.206 gfortran -g  -ffixed-line-length-none  -c -o dxdlam.o dxdlam.f
#19 6.225 ar rv libcxzco.a dxdlam.o
#19 6.227 a - dxdlam.o
#19 6.229 gfortran -g  -ffixed-line-length-none  -c -o dxdrl.o dxdrl.f
#19 6.251 ar rv libcxzco.a dxdrl.o
#19 6.253 a - dxdrl.o
#19 6.255 gfortran -g  -ffixed-line-length-none  -c -o eval.o eval.f
#19 6.280 ar rv libcxzco.a eval.o
#19 6.282 a - eval.o
#19 6.284 gfortran -g  -ffixed-line-length-none  -c -o guessx.o guessx.f
#19 6.301 ar rv libcxzco.a guessx.o
#19 6.304 a - guessx.o
#19 6.307 gfortran -g  -ffixed-line-length-none  -c -o jacob.o jacob.f
#19 6.329 ar rv libcxzco.a jacob.o
#19 6.330 a - jacob.o
#19 6.333 gfortran -g  -ffixed-line-length-none  -c -o magnitude.o magnitude.f
#19 6.351 ar rv libcxzco.a magnitude.o
#19 6.354 a - magnitude.o
#19 6.358 gfortran -g  -ffixed-line-length-none  -c -o newton.o newton.f
#19 6.378 ar rv libcxzco.a newton.o
#19 6.379 a - newton.o
#19 6.382 gfortran -g  -ffixed-line-length-none  -c -o plasol.o plasol.f
#19 6.406 ar rv libcxzco.a plasol.o
#19 6.408 a - plasol.o
#19 6.411 gfortran -g  -ffixed-line-length-none  -c -o rayone.o rayone.f
#19 6.429 ar rv libcxzco.a rayone.o
#19 6.431 a - rayone.o
#19 6.436 gfortran -g  -ffixed-line-length-none  -c -o reccon.o reccon.f
#19 6.458 ar rv libcxzco.a reccon.o
#19 6.460 a - reccon.o
#19 6.463 gfortran -g  -ffixed-line-length-none  -c -o setn.o setn.f
#19 6.481 ar rv libcxzco.a setn.o
#19 6.483 a - setn.o
#19 6.489 gfortran -g  -ffixed-line-length-none  -c -o strat.o strat.f
#19 6.507 ar rv libcxzco.a strat.o
#19 6.508 a - strat.o
#19 6.512 gfortran -g  -ffixed-line-length-none  -c -o tridi.o tridi.f
#19 6.532 ar rv libcxzco.a tridi.o
#19 6.534 a - tridi.o
#19 6.538 gfortran -g  -ffixed-line-length-none  -c -o ttime.o ttime.f
#19 6.556 ar rv libcxzco.a ttime.o
#19 6.559 a - ttime.o
#19 6.562 gfortran -g  -ffixed-line-length-none  -c -o fftpack.o fftpack.f
#19 6.615 ar rv libcxzco.a fftpack.o
#19 6.617 a - fftpack.o
#19 6.621 ranlib libcxzco.a
#19 6.626 gfortran -g  -ffixed-line-length-none cxzco.f -o /usr/local/cwp_su_all_44R22/bin/cxzco libcxzco.a
#19 6.732 cxzco installed in /usr/local/cwp_su_all_44R22/bin
#19 6.732 gfortran -g  -ffixed-line-length-none cz1.f -o /usr/local/cwp_su_all_44R22/bin/cz1 libcxzco.a
#19 6.807 cz1 installed in /usr/local/cwp_su_all_44R22/bin
#19 6.807 gfortran -g  -ffixed-line-length-none cz1in.f -o /usr/local/cwp_su_all_44R22/bin/cz1in libcxzco.a
#19 6.870 cz1in installed in /usr/local/cwp_su_all_44R22/bin
#19 6.871 rm strat.o dxdrl.o cuspln.o amplit.o reccon.o guessx.o rayone.o dophi.o dxdlam.o plasol.o anglesv.o newton.o magnitude.o ttime.o fftpack.o eval.o tridi.o setn.o jacob.o
#19 6.872 make[2]: Leaving directory '/usr/local/cwp_su_all_44R22/src/Fortran/Cxzco'
#19 6.873 cd Cxzcs ; make
#19 6.882 make[2]: Entering directory '/usr/local/cwp_su_all_44R22/src/Fortran/Cxzcs'
#19 6.882 gfortran -g  -ffixed-line-length-none  -c -o fftpack.o fftpack.f
#19 6.939 ar rv libcxzcxs.a fftpack.o
#19 6.940 ar: creating libcxzcxs.a
#19 6.941 a - fftpack.o
#19 6.942 gfortran -g  -ffixed-line-length-none  -c -o cxzcssub.o cxzcssub.f
#19 7.026 ar rv libcxzcxs.a cxzcssub.o
#19 7.027 a - cxzcssub.o
#19 7.028 ranlib libcxzcxs.a
#19 7.034 gfortran -g  -ffixed-line-length-none cxzcs.f -o /usr/local/cwp_su_all_44R22/bin/cxzcs libcxzcxs.a
#19 7.140 cxzcs installed in /usr/local/cwp_su_all_44R22/bin
#19 7.140 gfortran -g  -ffixed-line-length-none cz1.f -o /usr/local/cwp_su_all_44R22/bin/cz1 libcxzcxs.a
#19 7.214 cz1 installed in /usr/local/cwp_su_all_44R22/bin
#19 7.214 gfortran -g  -ffixed-line-length-none cz1in.f -o /usr/local/cwp_su_all_44R22/bin/cz1in libcxzcxs.a
#19 7.277 cz1in installed in /usr/local/cwp_su_all_44R22/bin
#19 7.279 rm cxzcssub.o fftpack.o
#19 7.279 make[2]: Leaving directory '/usr/local/cwp_su_all_44R22/src/Fortran/Cxzcs'
#19 7.281 cd Raytrace3D ; make 
#19 7.288 make[2]: Entering directory '/usr/local/cwp_su_all_44R22/src/Fortran/Raytrace3D'
#19 7.288 gfortran -g  -ffixed-line-length-none  -c -o util_drt.o util_drt.f
#19 7.364 ar rv librt.a util_drt.o
#19 7.365 ar: creating librt.a
#19 7.366 a - util_drt.o
#19 7.368 gfortran -g  -ffixed-line-length-none  -c -o ktime_3d_rayq.o ktime_3d_rayq.f
#19 7.402 ktime_3d_rayq.f:3134:44:
#19 7.402 
#19 7.402  3134 |                      pause 'Singular matrix'
#19 7.402       |                                            1
#19 7.402 Warning: Deleted feature: PAUSE statement at (1)
#19 7.402 ktime_3d_rayq.f:3158:57:
#19 7.402 
#19 7.402  3158 |          if (a(icol,icol) .eq. 0) pause 'Singular matrix'
#19 7.402       |                                                         1
#19 7.402 Warning: Deleted feature: PAUSE statement at (1)
#19 7.448 ktime_3d_rayq.f:638:13:
#19 7.448 
#19 7.448   638 |      1,i_err)
#19 7.448       |             1
#19 7.448 Error: Type mismatch in argument 'phase_ray' at (1); passed REAL(4) to INTEGER(4)
#19 7.448 ktime_3d_rayq.f:1152:13:
#19 7.448 
#19 7.448  1152 |      1,i_err)
#19 7.448       |             1
#19 7.448 Error: Type mismatch in argument 'phase_ray' at (1); passed INTEGER(4) to REAL(4)
#19 7.448 ktime_3d_rayq.f:6020:7:
#19 7.448 
#19 7.448  6020 |      1,zs,xs,ys
#19 7.448       |       1
#19 7.448 Error: Rank mismatch in argument 'z0' at (1) (rank-1 and scalar)
#19 7.449 ktime_3d_rayq.f:2042:7:
#19 7.449 
#19 7.449  2042 |      1,zs,xs,ys
#19 7.449       |       1
#19 7.449 Error: Rank mismatch in argument 'z0' at (1) (rank-1 and scalar)
#19 7.460 make[2]: *** [<builtin>: ktime_3d_rayq.o] Error 1
#19 7.460 rm util_drt.o
#19 7.460 make[2]: Leaving directory '/usr/local/cwp_su_all_44R22/src/Fortran/Raytrace3D'
#19 7.461 make[1]: *** [Makefile:11: INSTALL] Error 2
#19 7.461 make[1]: Leaving directory '/usr/local/cwp_su_all_44R22/src/Fortran'
#19 7.462 make: *** [Makefile:126: finstall] Error 2
#19 7.465 cd ./Sfio; make
#19 7.470 make[1]: Entering directory '/usr/local/cwp_su_all_44R22/src/Sfio'
#19 7.470 cd ./src/lib/vthread; make install
#19 7.476 make[2]: Entering directory '/usr/local/cwp_su_all_44R22/src/Sfio/src/lib/vthread'
#19 7.476 ../../../bin/iffe - set cc cc -O  : \
#19 7.476 	run features/common > ast_common.h
#19 8.904 ../../../bin/iffe set cc cc -O  : run features/vthread
#19 9.577 cc -c -O -I.  vtclose.c
#19 9.603 cc -c -O -I.  vtextern.c
#19 9.622 cc -c -O -I.  vtkill.c
#19 9.641 cc -c -O -I.  vtmtxclose.c
#19 9.660 cc -c -O -I.  vtmtxclrlock.c
#19 9.680 cc -c -O -I.  vtmtxlock.c
#19 9.702 cc -c -O -I.  vtmtxopen.c
#19 9.728 cc -c -O -I.  vtmtxtrylock.c
#19 9.749 cc -c -O -I.  vtmtxunlock.c
#19 9.771 cc -c -O -I.  vtonce.c
#19 9.791 cc -c -O -I.  vtopen.c
#19 9.823 cc -c -O -I.  vtrun.c
#19 9.844 cc -c -O -I.  vtself.c
#19 9.865 cc -c -O -I.  vtset.c
#19 9.894 cc -c -O -I.  vtwait.c
#19 9.927 ar cr libvthread.a vtclose.o vtextern.o vtkill.o vtmtxclose.o vtmtxclrlock.o vtmtxlock.o vtmtxopen.o vtmtxtrylock.o vtmtxunlock.o vtonce.o vtopen.o vtrun.o vtself.o vtset.o vtwait.o
#19 9.932 (ranlib libvthread.a; exit 0) >/dev/null 2>&1
#19 9.944 cp vthread.h ast_common.h ../../../include;
#19 9.949 cp libvthread.a ../../../lib;
#19 9.958 (ranlib ../../../lib/libvthread.a; exit 0) >/dev/null 2>&1
#19 9.966 make[2]: Leaving directory '/usr/local/cwp_su_all_44R22/src/Sfio/src/lib/vthread'
#19 9.967 cd ./src/lib/sfio; make install
#19 9.973 make[2]: Entering directory '/usr/local/cwp_su_all_44R22/src/Sfio/src/lib/sfio'
#19 9.973 echo""; echo "BUILDING UNI-THREADED libsfio.a"
#19 9.974 
#19 9.974 BUILDING UNI-THREADED libsfio.a
#19 9.975 /bin/sh ./Makestate.sh unithreaded
#19 9.981 make LIBTYPE="-Dvt_threaded=0" SHELL="/bin/sh" CC="cc" \
#19 9.981 	CCMODE="-O" CXFLAGS="" install_unithreaded
#19 9.986 make[3]: Entering directory '/usr/local/cwp_su_all_44R22/src/Sfio/src/lib/sfio'
#19 9.986 ../../../bin/iffe set cc cc -I. -P -O -Dvt_threaded=0  : run features/common
#19 11.24 (rm ast_common.h; ln FEATURE/common ast_common.h; exit 0) >/dev/null 2>&1
#19 11.25 ../../../bin/iffe set cc cc -I. -P -O -Dvt_threaded=0  : run features/float
#19 13.17 ../../../bin/iffe set cc cc -I. -P -O -Dvt_threaded=0  : run features/sfio
#19 17.45 ../../../bin/iffe - set cc cc -I. -P -O -Dvt_threaded=0  : run features/stdio_lcl > \
#19 17.45 	FEATURE/stdio.lcl
#19 17.51 ../../../bin/iffe set cc cc -I. -P -O -Dvt_threaded=0  : run features/iffeio
#19 17.56 ../../../bin/iffe set cc cc -I. -P -O -Dvt_threaded=0  : run features/sfinit.c
#19 17.64 ./7257.c:9:1: warning: return type defaults to 'int' [-Wimplicit-int]
#19 17.64     9 | main()
#19 17.64       | ^~~~
#19 17.68 ../../../bin/iffe set cc cc -I. -P -O -Dvt_threaded=0  : run features/mmap
#19 18.55 cc -c -I. -P -O -Dvt_threaded=0  sfclose.c
#19 18.63 cc -c -I. -P -O -Dvt_threaded=0  sfclrlock.c
#19 18.68 cc -c -I. -P -O -Dvt_threaded=0  sfcvt.c
#19 18.78 cc -c -I. -P -O -Dvt_threaded=0  sfdisc.c
#19 18.84 cc -c -I. -P -O -Dvt_threaded=0  sfdlen.c
#19 18.89 cc -c -I. -P -O -Dvt_threaded=0  sfexcept.c
#19 18.98 cc -c -I. -P -O -Dvt_threaded=0  sfextern.c
#19 19.03 cc -c -I. -P -O -Dvt_threaded=0  sffilbuf.c
#19 19.09 cc -c -I. -P -O -Dvt_threaded=0  sfflsbuf.c
#19 19.14 cc -c -I. -P -O -Dvt_threaded=0  sfprints.c
#19 19.19 cc -c -I. -P -O -Dvt_threaded=0  sfgetd.c
#19 19.24 cc -c -I. -P -O -Dvt_threaded=0  sfgetl.c
#19 19.30 cc -c -I. -P -O -Dvt_threaded=0  sfgetr.c
#19 19.36 cc -c -I. -P -O -Dvt_threaded=0  sfgetu.c
#19 19.43 cc -c -I. -P -O -Dvt_threaded=0  sfllen.c
#19 19.48 cc -c -I. -P -O -Dvt_threaded=0  sfmode.c
#19 19.57 cc -c -I. -P -O -Dvt_threaded=0  sfmove.c
#19 19.65 cc -c -I. -P -O -Dvt_threaded=0  sfnew.c
#19 19.71 cc -c -I. -P -O -Dvt_threaded=0  sfnotify.c
#19 19.78 cc -c -I. -P -O -Dvt_threaded=0  sfnputc.c
#19 19.83 cc -c -I. -P -O -Dvt_threaded=0  sfopen.c
#19 19.87 cc -c -I. -P -O -Dvt_threaded=0  sfpkrd.c
#19 19.93 cc -c -I. -P -O -Dvt_threaded=0  sfpool.c
#19 20.03 cc -c -I. -P -O -Dvt_threaded=0  sfpopen.c
#19 20.11 cc -c -I. -P -O -Dvt_threaded=0  sfprintf.c
#19 20.16 cc -c -I. -P -O -Dvt_threaded=0  sfputd.c
#19 20.20 cc -c -I. -P -O -Dvt_threaded=0  sfputl.c
#19 20.25 cc -c -I. -P -O -Dvt_threaded=0  sfputr.c
#19 20.31 cc -c -I. -P -O -Dvt_threaded=0  sfputu.c
#19 20.36 cc -c -I. -P -O -Dvt_threaded=0  sfrd.c
#19 20.43 cc -c -I. -P -O -Dvt_threaded=0  sfread.c
#19 20.48 cc -c -I. -P -O -Dvt_threaded=0  sfscanf.c
#19 20.53 cc -c -I. -P -O -Dvt_threaded=0  sfseek.c
#19 20.60 cc -c -I. -P -O -Dvt_threaded=0  sfset.c
#19 20.65 cc -c -I. -P -O -Dvt_threaded=0  sfsetbuf.c
#19 20.74 cc -c -I. -P -O -Dvt_threaded=0  sfsetfd.c
#19 20.80 cc -c -I. -P -O -Dvt_threaded=0  sfsize.c
#19 20.85 cc -c -I. -P -O -Dvt_threaded=0  sfsk.c
#19 20.90 cc -c -I. -P -O -Dvt_threaded=0  sfstack.c
#19 20.95 cc -c -I. -P -O -Dvt_threaded=0  sfsync.c
#19 21.03 cc -c -I. -P -O -Dvt_threaded=0  sftable.c
#19 21.22 cc -c -I. -P -O -Dvt_threaded=0  sftell.c
#19 21.29 cc -c -I. -P -O -Dvt_threaded=0  sftmp.c
#19 21.32 In file included from sftmp.c:1:
#19 21.32 sftmp.c: In function '_rmtmp':
#19 21.32 sfhdr.h:264:25: warning: implicit declaration of function 'remove'; did you mean 'revoke'? [-Wimplicit-function-declaration]
#19 21.32   264 | #define sysremovef      remove
#19 21.32       |                         ^~~~~~
#19 21.32 sftmp.c:121:15: note: in expansion of macro 'sysremovef'
#19 21.32   121 |         while(sysremovef(file) < 0 && errno == EINTR)
#19 21.32       |               ^~~~~~~~~~
#19 21.38 cc -c -I. -P -O -Dvt_threaded=0  sfungetc.c
#19 21.49 cc -c -I. -P -O -Dvt_threaded=0  sfvprintf.c
#19 21.98 cc -c -I. -P -O -Dvt_threaded=0  sfvscanf.c
#19 22.26 cc -c -I. -P -O -Dvt_threaded=0  sfwr.c
#19 22.34 cc -c -I. -P -O -Dvt_threaded=0  sfwrite.c
#19 22.40 cc -c -I. -P -O -Dvt_threaded=0  sfexit.c
#19 22.45 cc -c -I. -P -O -Dvt_threaded=0  sfpurge.c
#19 22.50 cc -c -I. -P -O -Dvt_threaded=0  sfpoll.c
#19 22.58 cc -c -I. -P -O -Dvt_threaded=0  sfreserve.c
#19 22.64 cc -c -I. -P -O -Dvt_threaded=0  sfswap.c
#19 22.71 cc -c -I. -P -O -Dvt_threaded=0  sfraise.c
#19 22.77 cc -c -I. -P -O -Dvt_threaded=0  sfmutex.c
#19 22.83 cc -c -I. -P -O -Dvt_threaded=0  sfgetm.c
#19 22.89 cc -c -I. -P -O -Dvt_threaded=0  sfputm.c
#19 22.94 cc -c -I. -P -O -Dvt_threaded=0  sfresize.c
#19 23.00 cc -c -I. -P -O -Dvt_threaded=0  sffrexp.c
#19 23.04 cc -c -I. -P -O -Dvt_threaded=0  _sfclrerr.c
#19 23.09 cc -c -I. -P -O -Dvt_threaded=0  _sfdlen.c
#19 23.28 cc -c -I. -P -O -Dvt_threaded=0  _sfeof.c
#19 23.33 cc -c -I. -P -O -Dvt_threaded=0  _sferror.c
#19 23.37 cc -c -I. -P -O -Dvt_threaded=0  _sffileno.c
#19 23.43 cc -c -I. -P -O -Dvt_threaded=0  _sfgetc.c
#19 23.49 cc -c -I. -P -O -Dvt_threaded=0  _sfgetl.c
#19 23.53 cc -c -I. -P -O -Dvt_threaded=0  _sfgetl2.c
#19 23.57 cc -c -I. -P -O -Dvt_threaded=0  _sfgetu.c
#19 23.62 cc -c -I. -P -O -Dvt_threaded=0  _sfgetu2.c
#19 23.67 cc -c -I. -P -O -Dvt_threaded=0  _sfllen.c
#19 23.71 cc -c -I. -P -O -Dvt_threaded=0  _sfopen.c
#19 23.77 cc -c -I. -P -O -Dvt_threaded=0  _sfputc.c
#19 23.83 cc -c -I. -P -O -Dvt_threaded=0  _sfputd.c
#19 23.89 cc -c -I. -P -O -Dvt_threaded=0  _sfputl.c
#19 23.95 cc -c -I. -P -O -Dvt_threaded=0  _sfputm.c
#19 24.00 cc -c -I. -P -O -Dvt_threaded=0  _sfputu.c
#19 24.06 cc -c -I. -P -O -Dvt_threaded=0  _sfslen.c
#19 24.12 cc -c -I. -P -O -Dvt_threaded=0  _sfstacked.c
#19 24.23 cc -c -I. -P -O -Dvt_threaded=0  _sfulen.c
#19 24.28 cc -c -I. -P -O -Dvt_threaded=0  _sfvalue.c
#19 24.32 cd Stdio_s; make -f Makefile LIBTYPE="-Dvt_threaded=0" SHELL="/bin/sh" \
#19 24.32 	CC="cc" CCMODE="-O" CXFLAGS=""
#19 24.33 make[4]: Entering directory '/usr/local/cwp_su_all_44R22/src/Sfio/src/lib/sfio/Stdio_s'
#19 24.33 cc -c -I. -I.. -O -Dvt_threaded=0  stdfgetc.c
#19 24.37 In file included from /usr/include/wchar.h:43,
#19 24.37                  from ../sfhdr.h:304,
#19 24.37                  from stdio_s.h:11,
#19 24.37                  from stdfgetc.c:1:
#19 24.37 /usr/include/x86_64-linux-gnu/bits/types/__FILE.h:5:25: error: conflicting types for '__FILE'; have 'struct _IO_FILE'
#19 24.37     5 | typedef struct _IO_FILE __FILE;
#19 24.37       |                         ^~~~~~
#19 24.37 In file included from stdfgetc.c:1:
#19 24.37 stdio_s.h:8:26: note: previous declaration of '__FILE' with type '__FILE' {aka 'struct _sfio_s *'}
#19 24.37     8 | typedef struct _sfio_s  *__FILE;
#19 24.37       |                          ^~~~~~
#19 24.38 make[4]: Leaving directory '/usr/local/cwp_su_all_44R22/src/Sfio/src/lib/sfio/Stdio_s'
#19 24.38 make[4]: *** [Makefile:25: stdfgetc.o] Error 1
#19 24.38 make[3]: *** [Makefile:146: mkstdio_s] Error 2
#19 24.38 make[3]: Leaving directory '/usr/local/cwp_su_all_44R22/src/Sfio/src/lib/sfio'
#19 24.38 make[2]: Leaving directory '/usr/local/cwp_su_all_44R22/src/Sfio/src/lib/sfio'
#19 24.38 make[2]: *** [Makefile:79: install] Error 2
#19 24.38 make[1]: Leaving directory '/usr/local/cwp_su_all_44R22/src/Sfio'
#19 24.38 make[1]: *** [Makefile:7: INSTALL] Error 2
#19 24.38 make: *** [Makefile:129: sfinstall] Error 2
#19 DONE 24.7s

#20 [15/27] RUN mkdir -p /usr/local/sioseis
#20 DONE 0.6s

#21 [16/27] COPY sioseis-2024.1.1 /usr/local/sioseis/sioseis-2024.1.1/
#21 DONE 0.6s

#22 [17/27] RUN cd /usr/local/sioseis/sioseis-2024.1.1         && make all
#22 0.421 gfortran -fallow-argument-mismatch -O3 -funroll-loops -fexpensive-optimizations -ffast-math  -c -o contro.o contro.f
#22 0.456 contro.f:1049:25:
#22 0.456 
#22 0.456   863 |           CALL RDDISC(IGATUN,BUF(INDEX1),NGWRDS,ISTAT)
#22 0.456       |                             2
#22 0.456 ......
#22 0.456  1049 |       CALL rddisc(ivelu2,n,1,istat)                                     ! read the number of words to read
#22 0.456       |                         1
#22 0.456 Warning: Type mismatch between actual argument at (1) and actual argument at (2) (INTEGER(4)/REAL(4)).
#22 0.804 gfortran -fallow-argument-mismatch -O3 -funroll-loops -fexpensive-optimizations -ffast-math  -c -o setptr.o setptr.f
#22 0.828 gfortran -fallow-argument-mismatch -O3 -funroll-loops -fexpensive-optimizations -ffast-math  -c -o upcase.o upcase.f
#22 0.858 gfortran -fallow-argument-mismatch -O3 -funroll-loops -fexpensive-optimizations -ffast-math  -c -o getpro.o getpro.f
#22 1.187 gfortran -fallow-argument-mismatch -O3 -funroll-loops -fexpensive-optimizations -ffast-math  -c -o dcode.o dcode.f
#22 1.246 gfortran -fallow-argument-mismatch -O3 -funroll-loops -fexpensive-optimizations -ffast-math  -c -o lcode.o lcode.f
#22 1.284 gfortran -fallow-argument-mismatch -O3 -funroll-loops -fexpensive-optimizations -ffast-math  -c -o ddcode.o ddcode.f
#22 1.326 gfortran -fallow-argument-mismatch -O3 -funroll-loops -fexpensive-optimizations -ffast-math  -c -o ebcasc.o ebcasc.f
#22 1.384 gcc -std=gnu99      -c -o is_big_endian.o is_big_endian.c
#22 1.399 gfortran -fallow-argument-mismatch -O3 -funroll-loops -fexpensive-optimizations -ffast-math  -c -o itohex.o itohex.f
#22 1.423 gfortran -fallow-argument-mismatch -O3 -funroll-loops -fexpensive-optimizations -ffast-math  -c -o tohex.o tohex.f
#22 1.452 gfortran -fallow-argument-mismatch -O3 -funroll-loops -fexpensive-optimizations -ffast-math  -c -o secsdms.o secsdms.f
#22 1.479 gfortran -fallow-argument-mismatch -O3 -funroll-loops -fexpensive-optimizations -ffast-math  -c -o ascebc.o ascebc.f
#22 1.504 gfortran -fallow-argument-mismatch -O3 -funroll-loops -fexpensive-optimizations -ffast-math  -c -o getoke.o getoke.f
#22 1.627 gfortran -fallow-argument-mismatch -O3 -funroll-loops -fexpensive-optimizations -ffast-math  -c -o rdline.o rdline.f
#22 1.661 gfortran -fallow-argument-mismatch -O3 -funroll-loops -fexpensive-optimizations -ffast-math  -c -o rline.o rline.f
#22 1.715 gfortran -fallow-argument-mismatch -O3 -funroll-loops -fexpensive-optimizations -ffast-math  -c -o syned.o syned.f
#22 1.726 syned.f:403:31:
#22 1.726 
#22 1.726   371 |       CALL WRDISC(MUNIT,BUF,MWRDS)
#22 1.726       |                        2       
#22 1.726 ......
#22 1.726   403 |           CALL wrdisc( iunhdr, cheadr, 800)
#22 1.726       |                               1
#22 1.726 Warning: Type mismatch between actual argument at (1) and actual argument at (2) (CHARACTER(80)/REAL(4)).
#22 1.855 gfortran -fallow-argument-mismatch -O3 -funroll-loops -fexpensive-optimizations -ffast-math  -c -o synex.o synex.f
#22 1.913 gfortran -fallow-argument-mismatch -O3 -funroll-loops -fexpensive-optimizations -ffast-math  -c -o sseis.o sseis.f
#22 1.958 gfortran -fallow-argument-mismatch -O3 -funroll-loops -fexpensive-optimizations -ffast-math  -c -o gasdev.o gasdev.f
#22 1.979 gfortran -fallow-argument-mismatch -O3 -funroll-loops -fexpensive-optimizations -ffast-math  -c -o ran1.o ran1.f
#22 2.019 gfortran -fallow-argument-mismatch -O3 -funroll-loops -fexpensive-optimizations -ffast-math  -c -o pouted.o pouted.f
#22 2.035 pouted.f:393:26:
#22 2.035 
#22 2.035   392 |       CALL WRDISC(MUNIT,SCR,NWRDS)
#22 2.035       |                        2  
#22 2.035   393 |       CALL wrdisc( munit, form, 20 )
#22 2.035       |                          1
#22 2.035 Warning: Type mismatch between actual argument at (1) and actual argument at (2) (CHARACTER(80)/REAL(4)).
#22 2.155 gfortran -fallow-argument-mismatch -O3 -funroll-loops -fexpensive-optimizations -ffast-math  -c -o poutex.o poutex.f
#22 2.174 poutex.f:105:26:
#22 2.174 
#22 2.174   104 |       CALL RDDISC(MUNIT,LSCR,NWRDS,ISTAT)                               ! READ THE PARAMETERS
#22 2.174       |                        2  
#22 2.174   105 |       CALL rddisc( munit, ivms, 20, istat )
#22 2.174       |                          1
#22 2.174 Warning: Rank mismatch between actual argument at (1) and actual argument at (2) (rank-1 and scalar)
#22 2.174 poutex.f:169:24:
#22 2.174 
#22 2.174   104 |       CALL RDDISC(MUNIT,LSCR,NWRDS,ISTAT)                               ! READ THE PARAMETERS
#22 2.174       |                        2
#22 2.174 ......
#22 2.174   169 |   130 CALL RDDISC(MUNIT,SCR,NWRDS,ISTAT)
#22 2.174       |                        1
#22 2.174 Warning: Type mismatch between actual argument at (1) and actual argument at (2) (REAL(4)/INTEGER(4)).
#22 2.174 poutex.f:245:31:
#22 2.174 
#22 2.174   104 |       CALL RDDISC(MUNIT,LSCR,NWRDS,ISTAT)                               ! READ THE PARAMETERS
#22 2.174       |                        2       
#22 2.174 ......
#22 2.174   245 |           CALL RDDISC( IUNHDR, ivms, 800, ISTAT)
#22 2.174       |                               1
#22 2.174 Warning: Rank mismatch between actual argument at (1) and actual argument at (2) (rank-1 and scalar)
#22 2.636 gfortran -fallow-argument-mismatch -O3 -funroll-loops -fexpensive-optimizations -ffast-math  -c -o ptrlst.o ptrlst.f
#22 2.740 gfortran -fallow-argument-mismatch -O3 -funroll-loops -fexpensive-optimizations -ffast-math  -c -o inap.o inap.f
#22 2.770 gfortran -fallow-argument-mismatch -O3 -funroll-loops -fexpensive-optimizations -ffast-math  -c -o rlseap.o rlseap.f
#22 2.797 gcc -std=gnu99      -c -o shifts.o shifts.c
#22 2.817 gfortran -fallow-argument-mismatch -O3 -funroll-loops -fexpensive-optimizations -ffast-math  -c -o apsim.o apsim.f
#22 2.961 gcc -std=gnu99      -c -o diskio.o diskio.c
#22 2.978 diskio.c: In function 'getfil_':
#22 2.978 diskio.c:405:46: warning: embedded '\0' in format [-Wformat-contains-nul]
#22 2.978   405 |                sprintf(name, "sioseis_%dtmp%d\0", pid,*lun) ;   /* create the name sioseis_tmp##  */
#22 2.978       |                                              ^~
#22 3.026 gfortran -fallow-argument-mismatch -O3 -funroll-loops -fexpensive-optimizations -ffast-math  -c -o ibm2fp.o ibm2fp.f
#22 3.068 gfortran -fallow-argument-mismatch -O3 -funroll-loops -fexpensive-optimizations -ffast-math  -c -o died.o died.f
#22 3.095 died.f:656:31:
#22 3.095 
#22 3.095   611 |       CALL wrdisc( junit, lscr(26), nwrds-25 )
#22 3.095       |                          2     
#22 3.095 ......
#22 3.095   656 |           CALL wrdisc( ihunit, scr, 800 )                           ! write it to the header file
#22 3.095       |                               1
#22 3.095 Warning: Type mismatch between actual argument at (1) and actual argument at (2) (REAL(4)/INTEGER(4)).
#22 3.095 died.f:687:36:
#22 3.095 
#22 3.095   635 |               CALL rddiscb( lun, scr, 44, istat )
#22 3.095       |                                 2   
#22 3.095 ......
#22 3.095   687 |                  CALL rddiscb( lun, ibuf, 3200, istat )
#22 3.095       |                                    1
#22 3.095 Warning: Type mismatch between actual argument at (1) and actual argument at (2) (INTEGER(2)/REAL(4)).
#22 3.095 died.f:688:39:
#22 3.095 
#22 3.095   610 |       CALL wrdiscb( junit, path, 200)
#22 3.095       |                           2            
#22 3.095 ......
#22 3.095   688 |                  CALL wrdiscb( ihunit, ibuf, 3200 )
#22 3.095       |                                       1
#22 3.095 Warning: Type mismatch between actual argument at (1) and actual argument at (2) (INTEGER(2)/CHARACTER(*)).
#22 3.095 died.f:705:32:
#22 3.095 
#22 3.095   655 |           CALL rddisc( lun, scr, 800, istat )                       ! get the EBCDIC header
#22 3.095       |                            2    
#22 3.095 ......
#22 3.095   705 |               CALL rddisc( lun, ibuf, numhdr, istat )
#22 3.095       |                                1
#22 3.095 Warning: Type mismatch between actual argument at (1) and actual argument at (2) (INTEGER(2)/REAL(4)).
#22 3.431 gfortran -fallow-argument-mismatch -O3 -funroll-loops -fexpensive-optimizations -ffast-math  -c -o diex.o diex.f
#22 3.467 diex.f:549:32:
#22 3.467 
#22 3.467   334 |   100 CALL rddiscb( ipunit, path, 200, istat )
#22 3.467       |                            2    
#22 3.467 ......
#22 3.467   549 |           CALL rddiscb( idunit, ivms, 3200, istat )                     ! get the EBCDIC header
#22 3.467       |                                1
#22 3.467 Warning: Type mismatch between actual argument at (1) and actual argument at (2) (INTEGER(4)/CHARACTER(*)).
#22 3.467 diex.f:715:34:
#22 3.467 
#22 3.467   335 |       CALL rddisc( ipunit, scr(26), npwrds-25, istat )
#22 3.467       |                           2       
#22 3.467 ......
#22 3.467   715 |               CALL rddisc( itemp, ivms, 20, istat )
#22 3.467       |                                  1
#22 3.467 Warning: Type mismatch between actual argument at (1) and actual argument at (2) (INTEGER(4)/REAL(4)).
#22 3.467 diex.f:718:72:
#22 3.467 
#22 3.467   718 |               CALL wrdisc( lunsort, ntraces, 1, istat )
#22 3.467       |                                                                        1
#22 3.467 Warning: More actual than formal arguments in procedure call at (1)
#22 3.467 diex.f:721:39:
#22 3.467 
#22 3.467   525 |               CALL wrdisc( ihunit, ivms, 800 )                          ! write 3200 character from cheadr to disk
#22 3.467       |                                   2    
#22 3.467 ......
#22 3.467   721 |                  CALL wrdisc( lunsort, apdata, ntraces )
#22 3.467       |                                       1
#22 3.467 Warning: Type mismatch between actual argument at (1) and actual argument at (2) (REAL(4)/INTEGER(4)).
#22 3.467 diex.f:1664:31:
#22 3.467 
#22 3.467   773 |               CALL swap32( lscr(7), 1 )
#22 3.467       |                           2    
#22 3.467 ......
#22 3.467  1664 |      *            CALL swap32( buf(numhdr+1), numdat )
#22 3.467       |                               1
#22 3.467 Warning: Type mismatch between actual argument at (1) and actual argument at (2) (REAL(4)/INTEGER(4)).
#22 3.467 diex.f:1729:31:
#22 3.467 
#22 3.467   457 |      &            CALL swap16(ibuf,128)
#22 3.467       |                              2 
#22 3.467 ......
#22 3.467  1729 |      *            CALL swap16( buf(numhdr+1), numdat )
#22 3.467       |                               1
#22 3.467 Warning: Type mismatch between actual argument at (1) and actual argument at (2) (REAL(4)/INTEGER(2)).
#22 4.209 gfortran -fallow-argument-mismatch -O3 -funroll-loops -fexpensive-optimizations -ffast-math  -c -o swp_trhdr.o swp_trhdr.f
#22 4.229 gfortran -fallow-argument-mismatch -O3 -funroll-loops -fexpensive-optimizations -ffast-math  -c -o sfp2fp.o sfp2fp.f
#22 4.252 gfortran -fallow-argument-mismatch -O3 -funroll-loops -fexpensive-optimizations -ffast-math  -c -o fp2sfp.o fp2sfp.f
#22 4.279 gfortran -fallow-argument-mismatch -O3 -funroll-loops -fexpensive-optimizations -ffast-math  -c -o ie2ibm.o ie2ibm.f
#22 4.310 gfortran -fallow-argument-mismatch -O3 -funroll-loops -fexpensive-optimizations -ffast-math  -c -o swap16.o swap16.f
#22 4.345 gfortran -fallow-argument-mismatch -O3 -funroll-loops -fexpensive-optimizations -ffast-math  -c -o swap32.o swap32.f
#22 4.390 gfortran -fallow-argument-mismatch -O3 -funroll-loops -fexpensive-optimizations -ffast-math  -c -o swap64.o swap64.f
#22 4.427 gfortran -fallow-argument-mismatch -O3 -funroll-loops -fexpensive-optimizations -ffast-math  -c -o ploted.o ploted.f
#22 4.454 ploted.f:391:37:
#22 4.454 
#22 4.454   384 |               CALL wrdiscb( lunhead, cheadr, 3200 )
#22 4.454       |                                     2
#22 4.454 ......
#22 4.454   391 |               CALL wrdiscb( lunhead, iscr, 400 )
#22 4.454       |                                     1
#22 4.454 Warning: Type mismatch between actual argument at (1) and actual argument at (2) (INTEGER(2)/CHARACTER(*)).
#22 4.458 ploted.f:1067:29:
#22 4.458 
#22 4.458   405 |           CALL wrdisc( lunras, irashead, 8 )
#22 4.458       |                               2
#22 4.458 ......
#22 4.458  1067 |           CALL WRDISC(IUNPLT,ivms,2)
#22 4.458       |                             1
#22 4.458 Warning: Rank mismatch between actual argument at (1) and actual argument at (2) (rank-1 and scalar)
#22 4.458 ploted.f:1072:31:
#22 4.458 
#22 4.458   405 |           CALL wrdisc( lunras, irashead, 8 )
#22 4.458       |                               2
#22 4.458 ......
#22 4.458  1072 |           CALL wrdisc( iunplt, citoh, 1 )
#22 4.458       |                               1
#22 4.458 Warning: Type mismatch between actual argument at (1) and actual argument at (2) (REAL(4)/INTEGER(4)).
#22 4.459 ploted.f:1088:37:
#22 4.459 
#22 4.459   405 |           CALL wrdisc( lunras, irashead, 8 )
#22 4.459       |                               2      
#22 4.459 ......
#22 4.459  1088 |                   CALL WRDISC(IUNPLT,ivms,20)
#22 4.459       |                                     1
#22 4.459 Warning: Rank mismatch between actual argument at (1) and actual argument at (2) (rank-1 and scalar)
#22 4.459 ploted.f:1103:56:
#22 4.459 
#22 4.459   405 |           CALL wrdisc( lunras, irashead, 8 )
#22 4.459       |                               2                         
#22 4.459 ......
#22 4.459  1103 |                  IF( iunplt .NE. 0 ) CALL WRDISC(IUNPLT,ivms,21)
#22 4.459       |                                                        1
#22 4.459 Warning: Rank mismatch between actual argument at (1) and actual argument at (2) (rank-1 and scalar)
#22 4.459 ploted.f:1108:55:
#22 4.459 
#22 4.459   405 |           CALL wrdisc( lunras, irashead, 8 )
#22 4.459       |                               2                        
#22 4.459 ......
#22 4.459  1108 |                 IF( iunplt .NE. 0 ) CALL WRDISC(IUNPLT,ivms,20)
#22 4.459       |                                                       1
#22 4.459 Warning: Rank mismatch between actual argument at (1) and actual argument at (2) (rank-1 and scalar)
#22 4.459 ploted.f:1122:55:
#22 4.459 
#22 4.459   405 |           CALL wrdisc( lunras, irashead, 8 )
#22 4.459       |                               2                        
#22 4.459 ......
#22 4.459  1122 |                 IF( iunplt .NE. 0 ) CALL WRDISC(IUNPLT,ivms,21)
#22 4.459       |                                                       1
#22 4.459 Warning: Rank mismatch between actual argument at (1) and actual argument at (2) (rank-1 and scalar)
#22 4.459 ploted.f:1127:55:
#22 4.459 
#22 4.459   405 |           CALL wrdisc( lunras, irashead, 8 )
#22 4.459       |                               2                        
#22 4.459 ......
#22 4.459  1127 |                 IF( iunplt .NE. 0 ) CALL WRDISC(IUNPLT,ivms,20)
#22 4.459       |                                                       1
#22 4.459 Warning: Rank mismatch between actual argument at (1) and actual argument at (2) (rank-1 and scalar)
#22 4.460 ploted.f:1143:57:
#22 4.460 
#22 4.460   405 |           CALL wrdisc( lunras, irashead, 8 )
#22 4.460       |                               2                          
#22 4.460 ......
#22 4.460  1143 |                   IF( iunplt .NE. 0 ) CALL WRDISC(IUNPLT,ivms,21)
#22 4.460       |                                                         1
#22 4.460 Warning: Rank mismatch between actual argument at (1) and actual argument at (2) (rank-1 and scalar)
#22 4.460 ploted.f:1148:57:
#22 4.460 
#22 4.460   405 |           CALL wrdisc( lunras, irashead, 8 )
#22 4.460       |                               2                          
#22 4.460 ......
#22 4.460  1148 |                   IF( iunplt .NE. 0 ) CALL WRDISC(IUNPLT,ivms,20)
#22 4.460       |                                                         1
#22 4.460 Warning: Rank mismatch between actual argument at (1) and actual argument at (2) (rank-1 and scalar)
#22 4.460 ploted.f:1167:56:
#22 4.460 
#22 4.460   405 |           CALL wrdisc( lunras, irashead, 8 )
#22 4.460       |                               2                         
#22 4.460 ......
#22 4.460  1167 |                  IF( iunplt .NE. 0 ) CALL WRDISC(IUNPLT,ivms,21)
#22 4.460       |                                                        1
#22 4.460 Warning: Rank mismatch between actual argument at (1) and actual argument at (2) (rank-1 and scalar)
#22 4.460 ploted.f:1172:53:
#22 4.460 
#22 4.460   405 |           CALL wrdisc( lunras, irashead, 8 )
#22 4.460       |                               2                      
#22 4.460 ......
#22 4.460  1172 |               IF( iunplt .NE. 0 ) CALL WRDISC(IUNPLT,ivms,20)
#22 4.460       |                                                     1
#22 4.460 Warning: Rank mismatch between actual argument at (1) and actual argument at (2) (rank-1 and scalar)
#22 5.237 gfortran -fallow-argument-mismatch -O3 -funroll-loops -fexpensive-optimizations -ffast-math  -c -o plotex.o plotex.f
#22 5.522 gfortran -fallow-argument-mismatch -O3 -funroll-loops -fexpensive-optimizations -ffast-math  -c -o trplot.o trplot.f
#22 5.546 trplot.f:910:35:
#22 5.546 
#22 5.546   504 |           CALL wrdisc( lunimg, trace, nsamps )
#22 5.546       |                               2    
#22 5.546 ......
#22 5.546   910 |              CALL WRDISC ( lunras, ibuf(1,j), iwrdcount)
#22 5.546       |                                   1
#22 5.546 Warning: Type mismatch between actual argument at (1) and actual argument at (2) (INTEGER(2)/REAL(4)).
#22 9.486 gfortran -fallow-argument-mismatch -O3 -funroll-loops -fexpensive-optimizations -ffast-math  -c -o gentl.o gentl.f
#22 9.598 gfortran -fallow-argument-mismatch -O3 -funroll-loops -fexpensive-optimizations -ffast-math  -c -o gentl1.o gentl1.f
#22 9.661 gfortran -fallow-argument-mismatch -O3 -funroll-loops -fexpensive-optimizations -ffast-math  -c -o maxsc.o maxsc.f
#22 9.700 gcc -std=gnu99      -c -o tlann.o tlann.c
#22 9.724 gcc -std=gnu99      -c -o sideann.o sideann.c
#22 9.754 gfortran -fallow-argument-mismatch -O3 -funroll-loops -fexpensive-optimizations -ffast-math  -c -o julcal.o julcal.f
#22 9.776 gfortran -fallow-argument-mismatch -O3 -funroll-loops -fexpensive-optimizations -ffast-math  -c -o getlanno.o getlanno.f
#22 9.837 gfortran -fallow-argument-mismatch -O3 -funroll-loops -fexpensive-optimizations -ffast-math  -c -o spp.o spp.f
#22 9.913 gfortran -fallow-argument-mismatch -O3 -funroll-loops -fexpensive-optimizations -ffast-math  -c -o spp2.o spp2.f
#22 9.983 gfortran -fallow-argument-mismatch -O3 -funroll-loops -fexpensive-optimizations -ffast-math  -c -o filted.o filted.f
#22 10.19 gfortran -fallow-argument-mismatch -O3 -funroll-loops -fexpensive-optimizations -ffast-math  -c -o filtex.o filtex.f
#22 10.39 gfortran -fallow-argument-mismatch -O3 -funroll-loops -fexpensive-optimizations -ffast-math  -c -o bpass.o bpass.f
#22 10.47 gfortran -fallow-argument-mismatch -O3 -funroll-loops -fexpensive-optimizations -ffast-math  -c -o window.o window.f
#22 10.56 gfortran -fallow-argument-mismatch -O3 -funroll-loops -fexpensive-optimizations -ffast-math  -c -o conv.o conv.f
#22 10.65 gfortran -fallow-argument-mismatch -O3 -funroll-loops -fexpensive-optimizations -ffast-math  -c -o dconv.o dconv.f
#22 10.74 gfortran -fallow-argument-mismatch -O3 -funroll-loops -fexpensive-optimizations -ffast-math  -c -o tvfilt.o tvfilt.f
#22 10.80 gfortran -fallow-argument-mismatch -O3 -funroll-loops -fexpensive-optimizations -ffast-math  -c -o nzcros.o nzcros.f
#22 10.83 gfortran -fallow-argument-mismatch -O3 -funroll-loops -fexpensive-optimizations -ffast-math  -c -o agced.o agced.f
#22 10.88 gfortran -fallow-argument-mismatch -O3 -funroll-loops -fexpensive-optimizations -ffast-math  -c -o agcex.o agcex.f
#22 10.93 gfortran -fallow-argument-mismatch -O3 -funroll-loops -fexpensive-optimizations -ffast-math  -c -o agc.o agc.f
#22 11.06 gfortran -fallow-argument-mismatch -O3 -funroll-loops -fexpensive-optimizations -ffast-math  -c -o agcap.o agcap.f
#22 11.09 gfortran -fallow-argument-mismatch -O3 -funroll-loops -fexpensive-optimizations -ffast-math  -c -o decoed.o decoed.f
#22 11.25 gfortran -fallow-argument-mismatch -O3 -funroll-loops -fexpensive-optimizations -ffast-math  -c -o decoex.o decoex.f
#22 11.27 decoex.f:521:21:
#22 11.27 
#22 11.27   281 |           CALL APPUT(SCR,IWHITE,2,2)                                    ! PUT THE IWHITE ARRAY IN THE AP
#22 11.27       |                     2
#22 11.27 ......
#22 11.27   521 |           CALL APPUT(TEMP,IRINC,1,2)                                    ! PUT THE RAMP INC INTO THE AP
#22 11.27       |                     1
#22 11.27 Warning: Rank mismatch between actual argument at (1) and actual argument at (2) (rank-1 and scalar)
#22 11.68 gfortran -fallow-argument-mismatch -O3 -funroll-loops -fexpensive-optimizations -ffast-math  -c -o decon.o decon.f
#22 11.78 gfortran -fallow-argument-mismatch -O3 -funroll-loops -fexpensive-optimizations -ffast-math  -c -o eureka.o eureka.f
#22 11.85 gfortran -fallow-argument-mismatch -O3 -funroll-loops -fexpensive-optimizations -ffast-math  -c -o wiener.o wiener.f
#22 11.93 gfortran -fallow-argument-mismatch -O3 -funroll-loops -fexpensive-optimizations -ffast-math  -c -o cross.o cross.f
#22 11.97 gfortran -fallow-argument-mismatch -O3 -funroll-loops -fexpensive-optimizations -ffast-math  -c -o zero.o zero.f
#22 11.99 gfortran -fallow-argument-mismatch -O3 -funroll-loops -fexpensive-optimizations -ffast-math  -c -o dot.o dot.f
#22 12.02 gfortran -fallow-argument-mismatch -O3 -funroll-loops -fexpensive-optimizations -ffast-math  -c -o fold.o fold.f
#22 12.05 gfortran -fallow-argument-mismatch -O3 -funroll-loops -fexpensive-optimizations -ffast-math  -c -o frstnz.o frstnz.f
#22 12.07 gfortran -fallow-argument-mismatch -O3 -funroll-loops -fexpensive-optimizations -ffast-math  -c -o wbted.o wbted.f
#22 12.20 gfortran -fallow-argument-mismatch -O3 -funroll-loops -fexpensive-optimizations -ffast-math  -c -o wbtex.o wbtex.f
#22 12.22 wbtex.f:246:19:
#22 12.22 
#22 12.22   113 |    50 CALL podisc( iwunit, 1, 0 )                                       !  GET THE FIRST PARAMETER LIST FROM THE DISC
#22 12.22       |                   2
#22 12.22 ......
#22 12.22   246 |       CALL podisc( lun, 1, laddr )                                      ! write this trace to disk
#22 12.22       |                   1
#22 12.22 Warning: Rank mismatch between actual argument at (1) and actual argument at (2) (rank-1 and scalar)
#22 12.22 wbtex.f:261:19:
#22 12.22 
#22 12.22   113 |    50 CALL podisc( iwunit, 1, 0 )                                       !  GET THE FIRST PARAMETER LIST FROM THE DISC
#22 12.22       |                   2
#22 12.22 ......
#22 12.22   261 |       CALL podisc( lun, 1, laddr )
#22 12.22       |                   1
#22 12.22 Warning: Rank mismatch between actual argument at (1) and actual argument at (2) (rank-1 and scalar)
#22 12.22 wbtex.f:262:19:
#22 12.22 
#22 12.22   114 |       CALL rddisc( iwunit, ldummy, 2, istat )
#22 12.22       |                   2
#22 12.22 ......
#22 12.22   262 |       CALL rddisc( lun, buf, numhdr, istat )
#22 12.22       |                   1
#22 12.22 Warning: Rank mismatch between actual argument at (1) and actual argument at (2) (rank-1 and scalar)
#22 12.22 wbtex.f:264:18:
#22 12.22 
#22 12.22   114 |       CALL rddisc( iwunit, ldummy, 2, istat )
#22 12.22       |                   2
#22 12.22 ......
#22 12.22   264 |       CALL rddisc(lun, buf(numhdr+1), numdat, istat )
#22 12.22       |                  1
#22 12.22 Warning: Rank mismatch between actual argument at (1) and actual argument at (2) (rank-1 and scalar)
#22 12.48 gfortran -fallow-argument-mismatch -O3 -funroll-loops -fexpensive-optimizations -ffast-math  -c -o muteed.o muteed.f
#22 12.61 gfortran -fallow-argument-mismatch -O3 -funroll-loops -fexpensive-optimizations -ffast-math  -c -o muteex.o muteex.f
#22 12.62 muteex.f:83:26:
#22 12.62 
#22 12.62    63 |       CALL RDDISC(MUNIT,SCR,NWRDS,ISTAT)
#22 12.62       |                        2  
#22 12.62 ......
#22 12.62    83 |       CALL RDDISC( MUNIT, LSCR, NWRDS, ISTAT )
#22 12.62       |                          1
#22 12.62 Warning: Type mismatch between actual argument at (1) and actual argument at (2) (INTEGER(4)/REAL(4)).
#22 12.71 gfortran -fallow-argument-mismatch -O3 -funroll-loops -fexpensive-optimizations -ffast-math  -c -o mute.o mute.f
#22 12.73 gfortran -fallow-argument-mismatch -O3 -funroll-loops -fexpensive-optimizations -ffast-math  -c -o zcmute.o zcmute.f
#22 12.77 gfortran -fallow-argument-mismatch -O3 -funroll-loops -fexpensive-optimizations -ffast-math  -c -o geomed.o geomed.f
#22 12.95 gfortran -fallow-argument-mismatch -O3 -funroll-loops -fexpensive-optimizations -ffast-math  -c -o geomex.o geomex.f
#22 13.44 gfortran -fallow-argument-mismatch -O3 -funroll-loops -fexpensive-optimizations -ffast-math  -c -o navgeom.o navgeom.f
#22 13.51 gfortran -fallow-argument-mismatch -O3 -funroll-loops -fexpensive-optimizations -ffast-math  -c -o ukooain.o ukooain.f
#22 13.73 gfortran -fallow-argument-mismatch -O3 -funroll-loops -fexpensive-optimizations -ffast-math  -c -o ldgogeom.o ldgogeom.f
#22 13.80 gfortran -fallow-argument-mismatch -O3 -funroll-loops -fexpensive-optimizations -ffast-math  -c -o ldeogeom.o ldeogeom.f
#22 13.86 gfortran -fallow-argument-mismatch -O3 -funroll-loops -fexpensive-optimizations -ffast-math  -c -o calcrp.o calcrp.f
#22 13.89 gfortran -fallow-argument-mismatch -O3 -funroll-loops -fexpensive-optimizations -ffast-math  -c -o rpxy.o rpxy.f
#22 13.92 gfortran -fallow-argument-mismatch -O3 -funroll-loops -fexpensive-optimizations -ffast-math  -c -o segyxy.o segyxy.f
#22 13.99 gfortran -fallow-argument-mismatch -O3 -funroll-loops -fexpensive-optimizations -ffast-math  -c -o range.o range.f
#22 14.01 gcc -std=gnu99      -c -o getdep.o getdep.c
#22 14.04 gfortran -fallow-argument-mismatch -O3 -funroll-loops -fexpensive-optimizations -ffast-math  -c -o lendeg.o lendeg.f
#22 14.06 gfortran -fallow-argument-mismatch -O3 -funroll-loops -fexpensive-optimizations -ffast-math  -c -o calcrp3d.o calcrp3d.f
#22 14.10 gfortran -fallow-argument-mismatch -O3 -funroll-loops -fexpensive-optimizations -ffast-math  -c -o sionav2segy.o sionav2segy.f
#22 14.15 gfortran -fallow-argument-mismatch -O3 -funroll-loops -fexpensive-optimizations -ffast-math  -c -o get_sio_nav.o get_sio_nav.f
#22 14.17 gfortran -fallow-argument-mismatch -O3 -funroll-loops -fexpensive-optimizations -ffast-math  -c -o avened.o avened.f
#22 14.25 gfortran -fallow-argument-mismatch -O3 -funroll-loops -fexpensive-optimizations -ffast-math  -c -o avenex.o avenex.f
#22 14.37 gfortran -fallow-argument-mismatch -O3 -funroll-loops -fexpensive-optimizations -ffast-math  -c -o avevfc.o avevfc.f
#22 14.40 gfortran -fallow-argument-mismatch -O3 -funroll-loops -fexpensive-optimizations -ffast-math  -c -o avenor.o avenor.f
#22 14.47 gfortran -fallow-argument-mismatch -O3 -funroll-loops -fexpensive-optimizations -ffast-math  -c -o debiex.o debiex.f
#22 14.49 gfortran -fallow-argument-mismatch -O3 -funroll-loops -fexpensive-optimizations -ffast-math  -c -o debias.o debias.f
#22 14.52 gfortran -fallow-argument-mismatch -O3 -funroll-loops -fexpensive-optimizations -ffast-math  -c -o mixed.o mixed.f
#22 14.60 gfortran -fallow-argument-mismatch -O3 -funroll-loops -fexpensive-optimizations -ffast-math  -c -o mixex.o mixex.f
#22 14.83 gfortran -fallow-argument-mismatch -O3 -funroll-loops -fexpensive-optimizations -ffast-math  -c -o shfted.o shfted.f
#22 14.84 shfted.f:442:48:
#22 14.84 
#22 14.84   441 |       CALL WRDISC(MUNIT,BUF,itemp1)
#22 14.84       |                        2                        
#22 14.84   442 |       IF( nindices .GT. 0 ) CALL wrdisc( munit, indices, 20 )
#22 14.84       |                                                1
#22 14.84 Warning: Type mismatch between actual argument at (1) and actual argument at (2) (INTEGER(4)/REAL(4)).
#22 15.00 gfortran -fallow-argument-mismatch -O3 -funroll-loops -fexpensive-optimizations -ffast-math  -c -o shftex.o shftex.f
#22 15.01 shftex.f:85:48:
#22 15.01 
#22 15.01    81 |       CALL RDDISC(MUNIT, rlist2, npars, istat )
#22 15.01       |                         2                       
#22 15.01 ......
#22 15.01    85 |       IF( nindices .GT. 0 ) CALL rddisc( munit, indices, 20, istat )
#22 15.01       |                                                1
#22 15.01 Warning: Type mismatch between actual argument at (1) and actual argument at (2) (INTEGER(4)/REAL(4)).
#22 15.27 gfortran -fallow-argument-mismatch -O3 -funroll-loops -fexpensive-optimizations -ffast-math  -c -o weiged.o weiged.f
#22 15.40 gfortran -fallow-argument-mismatch -O3 -funroll-loops -fexpensive-optimizations -ffast-math  -c -o weigex.o weigex.f
#22 15.41 weigex.f:113:24:
#22 15.41 
#22 15.41    58 |           CALL RDDISC(MUNIT,SCR,NWRDS,ISTAT)
#22 15.41       |                            2
#22 15.41 ......
#22 15.41   113 |       CALL RDDISC(MUNIT,LSCR,NWRDS,ISTAT)
#22 15.41       |                        1
#22 15.41 Warning: Type mismatch between actual argument at (1) and actual argument at (2) (INTEGER(4)/REAL(4)).
#22 15.54 gfortran -fallow-argument-mismatch -O3 -funroll-loops -fexpensive-optimizations -ffast-math  -c -o moment.o moment.f
#22 15.59 gfortran -fallow-argument-mismatch -O3 -funroll-loops -fexpensive-optimizations -ffast-math  -c -o flated.o flated.f
#22 15.66 gfortran -fallow-argument-mismatch -O3 -funroll-loops -fexpensive-optimizations -ffast-math  -c -o flatex.o flatex.f
#22 15.80 gfortran -fallow-argument-mismatch -O3 -funroll-loops -fexpensive-optimizations -ffast-math  -c -o rectc.o rectc.f
#22 15.83 gfortran -fallow-argument-mismatch -O3 -funroll-loops -fexpensive-optimizations -ffast-math  -c -o smuted.o smuted.f
#22 15.96 gfortran -fallow-argument-mismatch -O3 -funroll-loops -fexpensive-optimizations -ffast-math  -c -o smutex.o smutex.f
#22 16.04 gfortran -fallow-argument-mismatch -O3 -funroll-loops -fexpensive-optimizations -ffast-math  -c -o fftinv.o fftinv.f
#22 16.08 gfortran -fallow-argument-mismatch -O3 -funroll-loops -fexpensive-optimizations -ffast-math  -c -o udeced.o udeced.f
#22 16.17 gfortran -fallow-argument-mismatch -O3 -funroll-loops -fexpensive-optimizations -ffast-math  -c -o udecex.o udecex.f
#22 16.18 udecex.f:54:26:
#22 16.18 
#22 16.18    36 |       CALL RDDISC(MUNIT,SCR,9,ISTAT)                                    ! READ A PARAMETER LIST INTO SCR
#22 16.18       |                        2  
#22 16.18 ......
#22 16.18    54 |       CALL rddisc( munit, iatype, 1, istat)
#22 16.18       |                          1
#22 16.18 Warning: Type mismatch between actual argument at (1) and actual argument at (2) (INTEGER(4)/REAL(4)).
#22 16.30 gfortran -fallow-argument-mismatch -O3 -funroll-loops -fexpensive-optimizations -ffast-math  -c -o t2fed.o t2fed.f
#22 16.40 gfortran -fallow-argument-mismatch -O3 -funroll-loops -fexpensive-optimizations -ffast-math  -c -o t2fex.o t2fex.f
#22 16.58 gfortran -fallow-argument-mismatch -O3 -funroll-loops -fexpensive-optimizations -ffast-math  -c -o ufiled.o ufiled.f
#22 16.67 gfortran -fallow-argument-mismatch -O3 -funroll-loops -fexpensive-optimizations -ffast-math  -c -o ufilex.o ufilex.f
#22 16.69 ufilex.f:59:24:
#22 16.69 
#22 16.69    51 |       CALL RDDISC(MUNIT,scr,NPARS,ISTAT)
#22 16.69       |                        2
#22 16.69 ......
#22 16.69    59 |       CALL RDDISC(MUNIT,LSCR,NWRDS,ISTAT)                               ! READ THE FILTER POINTS IN
#22 16.69       |                        1
#22 16.69 Warning: Type mismatch between actual argument at (1) and actual argument at (2) (INTEGER(4)/REAL(4)).
#22 16.80 gfortran -fallow-argument-mismatch -O3 -funroll-loops -fexpensive-optimizations -ffast-math  -c -o fftfwd.o fftfwd.f
#22 16.83 gfortran -fallow-argument-mismatch -O3 -funroll-loops -fexpensive-optimizations -ffast-math  -c -o polarc.o polarc.f
#22 16.87 gfortran -fallow-argument-mismatch -O3 -funroll-loops -fexpensive-optimizations -ffast-math  -c -o gathed.o gathed.f
#22 16.92 gfortran -fallow-argument-mismatch -O3 -funroll-loops -fexpensive-optimizations -ffast-math  -c -o gather.o gather.f
#22 16.93 gather.f:309:25:
#22 16.93 
#22 16.93   133 |       CALL WRDISC(IUNIT,LTRACE,LADDR)
#22 16.93       |                        2 
#22 16.93 ......
#22 16.93   309 |       CALL WRDISC(IOUNIT,LTEMP,1)
#22 16.93       |                         1
#22 16.93 Warning: Rank mismatch between actual argument at (1) and actual argument at (2) (rank-1 and scalar)
#22 17.04 gfortran -fallow-argument-mismatch -O3 -funroll-loops -fexpensive-optimizations -ffast-math  -c -o nmoed.o nmoed.f
#22 17.20 gfortran -fallow-argument-mismatch -O3 -funroll-loops -fexpensive-optimizations -ffast-math  -c -o nmoex.o nmoex.f
#22 17.21 nmoex.f:233:32:
#22 17.21 
#22 17.21   124 |           CALL RDDISC(nunit(nmonum),SCR,NWRDS,ISTAT)                    ! READ THE FIRST PARAMETER LIST
#22 17.21       |                                    2
#22 17.21 ......
#22 17.21   233 |       CALL RDDISC(nunit(nmonum),LSCR,NWRDS,ISTAT)
#22 17.21       |                                1
#22 17.21 Warning: Type mismatch between actual argument at (1) and actual argument at (2) (INTEGER(4)/REAL(4)).
#22 17.21 nmoex.f:500:21:
#22 17.21 
#22 17.21   105 |               CALL APGET(BUF(NUMHDR+1),IN,NSAMPS,2)                     ! START THE DATA IN FROM THE AP
#22 17.21       |                         2
#22 17.21 ......
#22 17.21   500 |           CALL APGET(LSCR,IN,NSAMPS,0)                                  ! GET THE INDEXES
#22 17.21       |                     1
#22 17.21 Warning: Type mismatch between actual argument at (1) and actual argument at (2) (INTEGER(4)/REAL(4)).
#22 17.50 gfortran -fallow-argument-mismatch -O3 -funroll-loops -fexpensive-optimizations -ffast-math  -c -o nmo2ex.o nmo2ex.f
#22 17.52 nmo2ex.f:227:32:
#22 17.52 
#22 17.52   118 |           CALL RDDISC(nunit(nmonum),SCR,NWRDS,ISTAT)                    ! READ THE FIRST PARAMETER LIST
#22 17.52       |                                    2
#22 17.52 ......
#22 17.52   227 |       CALL RDDISC(nunit(nmonum),LSCR,NWRDS,ISTAT)
#22 17.52       |                                1
#22 17.52 Warning: Type mismatch between actual argument at (1) and actual argument at (2) (INTEGER(4)/REAL(4)).
#22 17.52 nmo2ex.f:485:21:
#22 17.52 
#22 17.52    99 |               CALL APGET(BUF(NUMHDR+1),IN,NSAMPS,2)                     ! START THE DATA IN FROM THE AP
#22 17.52       |                         2
#22 17.52 ......
#22 17.52   485 |           CALL APGET(LSCR,IN,NSAMPS,0)                                  ! GET THE INDEXES
#22 17.52       |                     1
#22 17.52 Warning: Type mismatch between actual argument at (1) and actual argument at (2) (INTEGER(4)/REAL(4)).
#22 17.80 gfortran -fallow-argument-mismatch -O3 -funroll-loops -fexpensive-optimizations -ffast-math  -c -o nmo3ex.o nmo3ex.f
#22 17.82 nmo3ex.f:227:32:
#22 17.82 
#22 17.82   118 |           CALL RDDISC(nunit(nmonum),SCR,NWRDS,ISTAT)                    ! READ THE FIRST PARAMETER LIST
#22 17.82       |                                    2
#22 17.82 ......
#22 17.82   227 |       CALL RDDISC(nunit(nmonum),LSCR,NWRDS,ISTAT)
#22 17.82       |                                1
#22 17.82 Warning: Type mismatch between actual argument at (1) and actual argument at (2) (INTEGER(4)/REAL(4)).
#22 17.82 nmo3ex.f:485:21:
#22 17.82 
#22 17.82    99 |               CALL APGET(BUF(NUMHDR+1),IN,NSAMPS,2)                     ! START THE DATA IN FROM THE AP
#22 17.82       |                         2
#22 17.82 ......
#22 17.82   485 |           CALL APGET(LSCR,IN,NSAMPS,0)                                  ! GET THE INDEXES
#22 17.82       |                     1
#22 17.82 Warning: Type mismatch between actual argument at (1) and actual argument at (2) (INTEGER(4)/REAL(4)).
#22 18.13 gfortran -fallow-argument-mismatch -O3 -funroll-loops -fexpensive-optimizations -ffast-math  -c -o nmonap.o nmonap.f
#22 18.18 gfortran -fallow-argument-mismatch -O3 -funroll-loops -fexpensive-optimizations -ffast-math  -c -o ivelt.o ivelt.f
#22 18.22 gfortran -fallow-argument-mismatch -O3 -funroll-loops -fexpensive-optimizations -ffast-math  -c -o findv.o findv.f
#22 18.25 gfortran -fallow-argument-mismatch -O3 -funroll-loops -fexpensive-optimizations -ffast-math  -c -o nmoapp.o nmoapp.f
#22 18.33 gfortran -fallow-argument-mismatch -O3 -funroll-loops -fexpensive-optimizations -ffast-math  -c -o int2rms.o int2rms.f
#22 18.36 gfortran -fallow-argument-mismatch -O3 -funroll-loops -fexpensive-optimizations -ffast-math  -c -o velaed.o velaed.f
#22 18.50 gfortran -fallow-argument-mismatch -O3 -funroll-loops -fexpensive-optimizations -ffast-math  -c -o velaex.o velaex.f
#22 18.52 velaex.f:199:25:
#22 18.52 
#22 18.52   198 |       CALL WRDISC(IVELU1,NWRDS,1)
#22 18.52       |                         2
#22 18.52   199 |       CALL WRDISC(IVELU1,BUF,NUMHDR)
#22 18.52       |                         1
#22 18.52 Warning: Type mismatch between actual argument at (1) and actual argument at (2) (REAL(4)/INTEGER(4)).
#22 18.52 velaex.f:231:25:
#22 18.52 
#22 18.52   100 |       CALL RDDISC(MUNIT,SCR,MWRDS,ISTAT)
#22 18.52       |                        2 
#22 18.52 ......
#22 18.52   231 |       CALL RDDISC(IVELU1,NWRDS,1,ISTAT)
#22 18.52       |                         1
#22 18.52 Warning: Type mismatch between actual argument at (1) and actual argument at (2) (INTEGER(4)/REAL(4)).
#22 18.52 velaex.f:237:17:
#22 18.52 
#22 18.52   150 |       CALL APPUT(TAPER,NEXTAD,1,2)                                      ! PUT THE TAPER INCREMENT IN AP LOCATION NEXTADD
#22 18.52       |                 2
#22 18.52 ......
#22 18.52   237 |       CALL APPUT(SCR,NEXTAD,1,2)                                        ! PUT THE WEIGHT IN THE AP
#22 18.52       |                 1
#22 18.52 Warning: Rank mismatch between actual argument at (1) and actual argument at (2) (scalar and rank-1)
#22 18.52 velaex.f:268:17:
#22 18.52 
#22 18.52   150 |       CALL APPUT(TAPER,NEXTAD,1,2)                                      ! PUT THE TAPER INCREMENT IN AP LOCATION NEXTADD
#22 18.52       |                 2
#22 18.52 ......
#22 18.52   268 |       CALL APPUT(SCR,NEXTAD,1,2)                                        ! PUT THE WEIGHT IN THE AP
#22 18.52       |                 1
#22 18.52 Warning: Rank mismatch between actual argument at (1) and actual argument at (2) (scalar and rank-1)
#22 18.52 velaex.f:358:17:
#22 18.52 
#22 18.52   150 |       CALL APPUT(TAPER,NEXTAD,1,2)                                      ! PUT THE TAPER INCREMENT IN AP LOCATION NEXTADD
#22 18.52       |                 2
#22 18.52 ......
#22 18.52   358 |       CALL APPUT(SCR,NEXTAD,6,2)                                        ! PUT THE VARIABLES IN THE AP
#22 18.52       |                 1
#22 18.52 Warning: Rank mismatch between actual argument at (1) and actual argument at (2) (scalar and rank-1)
#22 18.52 velaex.f:480:17:
#22 18.52 
#22 18.52   150 |       CALL APPUT(TAPER,NEXTAD,1,2)                                      ! PUT THE TAPER INCREMENT IN AP LOCATION NEXTADD
#22 18.52       |                 2
#22 18.52 ......
#22 18.52   480 |       CALL APPUT(SCR,IAPSCR,8,2)
#22 18.52       |                 1
#22 18.52 Warning: Rank mismatch between actual argument at (1) and actual argument at (2) (scalar and rank-1)
#22 18.52 velaex.f:636:44:
#22 18.52 
#22 18.52   633 |                       CALL wrdiscb( ivelu3, buf, 20 )
#22 18.52       |                                            2
#22 18.52 ......
#22 18.52   636 |                       CALL wrdiscb( ivelu3, ia(1), 4 )
#22 18.52       |                                            1
#22 18.52 Warning: Type mismatch between actual argument at (1) and actual argument at (2) (CHARACTER(132)/REAL(4)).
#22 18.52 velaex.f:654:31:
#22 18.52 
#22 18.52   613 |      &                    CALL swap16( buf, 200 )
#22 18.52       |                                       2
#22 18.52 ......
#22 18.52   654 |                   CALL swap16( ibuf(46), 1 )
#22 18.52       |                               1
#22 18.52 Warning: Type mismatch between actual argument at (1) and actual argument at (2) (INTEGER(2)/REAL(4)).
#22 18.94 gfortran -fallow-argument-mismatch -O3 -funroll-loops -fexpensive-optimizations -ffast-math  -c -o invplt.o invplt.f
#22 18.98 gfortran -fallow-argument-mismatch -O3 -funroll-loops -fexpensive-optimizations -ffast-math  -c -o stkse.o stkse.f
#22 19.02 gfortran -fallow-argument-mismatch -O3 -funroll-loops -fexpensive-optimizations -ffast-math  -c -o semst.o semst.f
#22 19.05 gfortran -fallow-argument-mismatch -O3 -funroll-loops -fexpensive-optimizations -ffast-math  -c -o velplt.o velplt.f
#22 19.08 gfortran -fallow-argument-mismatch -O3 -funroll-loops -fexpensive-optimizations -ffast-math  -c -o plotvs.o plotvs.f
#22 19.11 gfortran -fallow-argument-mismatch -O3 -funroll-loops -fexpensive-optimizations -ffast-math  -c -o clvplt.o clvplt.f
#22 19.14 gfortran -fallow-argument-mismatch -O3 -funroll-loops -fexpensive-optimizations -ffast-math  -c -o cvnmo.o cvnmo.f
#22 19.16 gfortran -fallow-argument-mismatch -O3 -funroll-loops -fexpensive-optimizations -ffast-math  -c -o stacked.o stacked.f
#22 19.20 gfortran -fallow-argument-mismatch -O3 -funroll-loops -fexpensive-optimizations -ffast-math  -c -o stackex.o stackex.f
#22 19.38 gfortran -fallow-argument-mismatch -O3 -funroll-loops -fexpensive-optimizations -ffast-math  -c -o acored.o acored.f
#22 19.46 gfortran -fallow-argument-mismatch -O3 -funroll-loops -fexpensive-optimizations -ffast-math  -c -o acorex.o acorex.f
#22 19.57 gfortran -fallow-argument-mismatch -O3 -funroll-loops -fexpensive-optimizations -ffast-math  -c -o tx2fed.o tx2fed.f
#22 19.67 gfortran -fallow-argument-mismatch -O3 -funroll-loops -fexpensive-optimizations -ffast-math  -c -o tx2fex.o tx2fex.f
#22 19.68 tx2fex.f:591:33:
#22 19.68 
#22 19.68   553 |       CALL wrdisc (itunit, buf(itemp), nspace1 )
#22 19.68       |                           2      
#22 19.68 ......
#22 19.68   591 |           CALL wrdisc( ohdrtxfk, lap, ntx2fk )                           ! save the order for fk2tx
#22 19.68       |                                 1
#22 19.68 Warning: Type mismatch between actual argument at (1) and actual argument at (2) (INTEGER(4)/REAL(4)).
#22 20.02 gfortran -fallow-argument-mismatch -O3 -funroll-loops -fexpensive-optimizations -ffast-math  -c -o f2ted.o f2ted.f
#22 20.06 gfortran -fallow-argument-mismatch -O3 -funroll-loops -fexpensive-optimizations -ffast-math  -c -o f2tex.o f2tex.f
#22 20.19 gfortran -fallow-argument-mismatch -O3 -funroll-loops -fexpensive-optimizations -ffast-math  -c -o scalet.o scalet.f
#22 20.20 scalet.f:82:22:
#22 20.20 
#22 20.20    69 |                   CALL APGET( scalar, nextad, 1, 2 )
#22 20.20       |                              2
#22 20.20 ......
#22 20.20    82 |           CALL APGET( trace, in, nsamps, 2 )                            ! ge the data out of the ap
#22 20.20       |                      1
#22 20.20 Warning: Rank mismatch between actual argument at (1) and actual argument at (2) (scalar and rank-1)
#22 20.25 gfortran -fallow-argument-mismatch -O3 -funroll-loops -fexpensive-optimizations -ffast-math  -c -o fkfied.o fkfied.f
#22 20.26 fkfied.f:561:28:
#22 20.26 
#22 20.26   557 |       call wrdisc( munit, scr, SINGPARM )                               ! scr + lscr
#22 20.26       |                          2  
#22 20.26 ......
#22 20.26   561 |         call wrdisc( munit, lscr(INDX2), 2*NSETSP )                     ! Line Types Pass/Cut
#22 20.26       |                            1
#22 20.26 Warning: Type mismatch between actual argument at (1) and actual argument at (2) (INTEGER(4)/REAL(4)).
#22 20.44 gfortran -fallow-argument-mismatch -O3 -funroll-loops -fexpensive-optimizations -ffast-math  -c -o fkfiex.o fkfiex.f
#22 20.46 fkfiex.f:264:30:
#22 20.46 
#22 20.46   229 |           call rddisc( munit, scr, SINGPARM, istat )
#22 20.46       |                              2
#22 20.46 ......
#22 20.46   264 |           call rddisc( munit, lscr(BasAddr1), DBLSETSP, istat )         ! & cut/pass
#22 20.46       |                              1
#22 20.46 Warning: Type mismatch between actual argument at (1) and actual argument at (2) (INTEGER(4)/REAL(4)).
#22 20.75 gfortran -fallow-argument-mismatch -O3 -funroll-loops -fexpensive-optimizations -ffast-math  -c -o shindx.o shindx.f
#22 20.79 gfortran -fallow-argument-mismatch -O3 -funroll-loops -fexpensive-optimizations -ffast-math  -c -o fkmied.o fkmied.f
#22 20.83 gfortran -fallow-argument-mismatch -O3 -funroll-loops -fexpensive-optimizations -ffast-math  -c -o fkmiex.o fkmiex.f
#22 20.84 fkmiex.f:286:19:
#22 20.84 
#22 20.84   285 |         call apput(sclrs,iasclr,NSCLRS,2)                               ! Put the scalars in the AP each time
#22 20.84       |                   2
#22 20.84   286 |         call apput(vskso4,iavsks,nv,2)
#22 20.84       |                   1
#22 20.84 Warning: Rank mismatch between actual argument at (1) and actual argument at (2) (rank-1 and scalar)
#22 20.93 gfortran -fallow-argument-mismatch -O3 -funroll-loops -fexpensive-optimizations -ffast-math  -c -o fk2ted.o fk2ted.f
#22 20.94 fk2ted.f:396:28:
#22 20.94 
#22 20.94   391 |       CALL wrdisc( parmunit, ihdrpath, 25 )
#22 20.94       |                             2
#22 20.94 ......
#22 20.94   396 |       call wrdisc(parmunit, lscr(26), nwrds-25)
#22 20.94       |                            1
#22 20.94 Warning: Type mismatch between actual argument at (1) and actual argument at (2) (INTEGER(4)/CHARACTER(*)).
#22 21.01 gfortran -fallow-argument-mismatch -O3 -funroll-loops -fexpensive-optimizations -ffast-math  -c -o fk2tex.o fk2tex.f
#22 21.02 fk2tex.f:294:32:
#22 21.02 
#22 21.02   293 |           CALL rddisc( parmunit, ihdrpath, 25, istat )
#22 21.02       |                                 2
#22 21.02   294 |           call rddisc(parmunit, lscr(26), nwrds-25, istat)
#22 21.02       |                                1
#22 21.02 Warning: Type mismatch between actual argument at (1) and actual argument at (2) (INTEGER(4)/CHARACTER(*)).
#22 21.25 gfortran -fallow-argument-mismatch -O3 -funroll-loops -fexpensive-optimizations -ffast-math  -c -o hale.o hale.f
#22 21.36 gfortran -fallow-argument-mismatch -O3 -funroll-loops -fexpensive-optimizations -ffast-math  -c -o mrgfk.o mrgfk.f
#22 21.38 mrgfk.f:728:27:
#22 21.38 
#22 21.38   728 |       call rddisc( idunit, buf, n, istat )                              ! read the SEGY trace header
#22 21.38       |                           1
#22 21.38 ......
#22 21.38  1043 |         call rddisc( idunit, lbuf(1), nread, istat )
#22 21.38       |                             2
#22 21.38 Warning: Type mismatch between actual argument at (1) and actual argument at (2) (REAL(4)/INTEGER(4)).
#22 21.38 mrgfk.f:736:23:
#22 21.38 
#22 21.38   736 |           call swap32( lbuf(1), 7 )
#22 21.38       |                       1
#22 21.38 ......
#22 21.38  1079 |      $        call swap32( buf, TrcDatl )
#22 21.38       |                           2
#22 21.38 Warning: Type mismatch between actual argument at (1) and actual argument at (2) (INTEGER(4)/REAL(4)).
#22 21.38 mrgfk.f:737:23:
#22 21.38 
#22 21.38   737 |           call swap16( ibuf(15), 1 )
#22 21.38       |                       1
#22 21.38 ......
#22 21.38  1097 |      $        call swap16( buf, TrcDatl )
#22 21.38       |                           2
#22 21.38 Warning: Type mismatch between actual argument at (1) and actual argument at (2) (INTEGER(2)/REAL(4)).
#22 21.38 mrgfk.f:747:22:
#22 21.38 
#22 21.38   747 |           call i22i8( ibuf, iscr, 100-idarn)
#22 21.38       |                      1
#22 21.38 ......
#22 21.38  1068 |               call i22i8( lbuf(1), iscr, TrcDatl )
#22 21.38       |                          2
#22 21.38 Warning: Type mismatch between actual argument at (1) and actual argument at (2) (INTEGER(2)/INTEGER(4)).
#22 21.38 mrgfk.f:762:22:
#22 21.38 
#22 21.38   762 |           call i42i8( ibuf, iscr, NORMTHDR - idarn )
#22 21.38       |                      1
#22 21.38 ......
#22 21.38  1065 |               call i42i8( lbuf(1), iscr, TrcDatl )
#22 21.38       |                          2
#22 21.38 Warning: Type mismatch between actual argument at (1) and actual argument at (2) (INTEGER(2)/INTEGER(4)).
#22 21.57 gfortran -fallow-argument-mismatch -O3 -funroll-loops -fexpensive-optimizations -ffast-math  -c -o lenstr.o lenstr.f
#22 21.60 gfortran -fallow-argument-mismatch -O3 -funroll-loops -fexpensive-optimizations -ffast-math  -c -o spltfk.o spltfk.f
#22 21.62 spltfk.f:693:23:
#22 21.62 
#22 21.62   693 |           call swap32( lscr(1), 7 )
#22 21.62       |                       1
#22 21.62 ......
#22 21.62   947 |              call swap32(scr,nsamps)
#22 21.62       |                         2
#22 21.62 Warning: Type mismatch between actual argument at (1) and actual argument at (2) (INTEGER(4)/REAL(4)).
#22 21.62 spltfk.f:694:23:
#22 21.62 
#22 21.62   694 |           call swap16( iscr(15), 1 )
#22 21.62       |                       1
#22 21.62 ......
#22 21.62   976 |      $       call swap16(scr,nsamps)
#22 21.62       |                         2
#22 21.62 Warning: Type mismatch between actual argument at (1) and actual argument at (2) (INTEGER(2)/REAL(4)).
#22 21.62 spltfk.f:709:22:
#22 21.62 
#22 21.62   709 |           call i82i4( icray, iscr, 60 )                                 ! convert header to 32 bit integer
#22 21.62       |                      1
#22 21.62 ......
#22 21.62   967 |               call i82i4( iscr, iscr, nsamps )
#22 21.62       |                          2
#22 21.62 Warning: Type mismatch between actual argument at (1) and actual argument at (2) (INTEGER(4)/INTEGER(2)).
#22 21.62 spltfk.f:710:22:
#22 21.62 
#22 21.62   710 |           call i82i2( icray(113), iscr(14), 8 )
#22 21.62       |                      1
#22 21.62 ......
#22 21.62   981 |               call i82i2( iscr, iscr, nsamps )
#22 21.62       |                          2
#22 21.62 Warning: Type mismatch between actual argument at (1) and actual argument at (2) (INTEGER(4)/INTEGER(2)).
#22 21.74 gfortran -fallow-argument-mismatch -O3 -funroll-loops -fexpensive-optimizations -ffast-math  -c -o gnrfft.o gnrfft.f
#22 21.75 gnrfft.f:36:72:
#22 21.75 
#22 21.75    36 |         call scram(ar,nlen/2,+1,.FALSE.)
#22 21.75       |                                                                        1
#22 21.75 Warning: Type mismatch in argument 'a' at (1); passed REAL(4) to COMPLEX(4)
#22 21.75 gnrfft.f:38:72:
#22 21.75 
#22 21.75    38 |         call scram(ar,nlen/2,-1,.TRUE.)
#22 21.75       |                                                                        1
#22 21.75 Warning: Type mismatch in argument 'a' at (1); passed REAL(4) to COMPLEX(4)
#22 21.80 gfortran -fallow-argument-mismatch -O3 -funroll-loops -fexpensive-optimizations -ffast-math  -c -o dskpos.o dskpos.f
#22 21.84 gfortran -fallow-argument-mismatch -O3 -funroll-loops -fexpensive-optimizations -ffast-math  -c -o chkbin.o chkbin.f
#22 21.86 gfortran -fallow-argument-mismatch -O3 -funroll-loops -fexpensive-optimizations -ffast-math  -c -o chkpra.o chkpra.f
#22 21.90 gfortran -fallow-argument-mismatch -O3 -funroll-loops -fexpensive-optimizations -ffast-math  -c -o chkprc.o chkprc.f
#22 21.93 gfortran -fallow-argument-mismatch -O3 -funroll-loops -fexpensive-optimizations -ffast-math  -c -o ldgo_tr0.o ldgo_tr0.f
#22 21.99 gfortran -fallow-argument-mismatch -O3 -funroll-loops -fexpensive-optimizations -ffast-math  -c -o segd20.o segd20.f
#22 22.02 gfortran -fallow-argument-mismatch -O3 -funroll-loops -fexpensive-optimizations -ffast-math  -c -o prntx2.o prntx2.f
#22 22.06 gfortran -fallow-argument-mismatch -O3 -funroll-loops -fexpensive-optimizations -ffast-math  -c -o doed.o doed.f
#22 22.24 gfortran -fallow-argument-mismatch -O3 -funroll-loops -fexpensive-optimizations -ffast-math  -c -o doex.o doex.f
#22 22.26 doex.f:242:35:
#22 22.26 
#22 22.26   241 |       CALL rddisc( ipunit(idisko), opath(idisko), 50, istat )
#22 22.26       |                                   2
#22 22.26   242 |       CALL rddisc( ipunit(idisko), scr(26), npwrds-25, istat )                 ! read a parameter list
#22 22.26       |                                   1
#22 22.26 Warning: Type mismatch between actual argument at (1) and actual argument at (2) (REAL(4)/CHARACTER(*)).
#22 22.26 doex.f:370:47:
#22 22.26 
#22 22.26   335 |      &            CALL wrdisc( idunit(idisko), lscr, 800 )
#22 22.26       |                                               2
#22 22.26 ......
#22 22.26   370 |      &            CALL wrdisc( idunit(idisko), iscr, 100 )
#22 22.26       |                                               1
#22 22.26 Warning: Type mismatch between actual argument at (1) and actual argument at (2) (INTEGER(2)/INTEGER(4)).
#22 22.26 doex.f:444:40:
#22 22.26 
#22 22.26   335 |      &            CALL wrdisc( idunit(idisko), lscr, 800 )
#22 22.26       |                                               2
#22 22.26 ......
#22 22.26   444 |           CALL wrdisc( lunsort(idisko), ntraces, 1, istat )
#22 22.26       |                                        1
#22 22.26 Warning: Rank mismatch between actual argument at (1) and actual argument at (2) (rank-1 and scalar)
#22 22.26 doex.f:494:32:
#22 22.26 
#22 22.26   373 |                      CALL rddiscb( ihunit, iscr, 3200, istat )
#22 22.26       |                                           2
#22 22.26 ......
#22 22.26   494 |           CALL rddiscb( luntr0, lscr(numhdr+1), nbytes, istat )
#22 22.26       |                                1
#22 22.26 Warning: Type mismatch between actual argument at (1) and actual argument at (2) (INTEGER(4)/INTEGER(2)).
#22 22.26 doex.f:844:60:
#22 22.26 
#22 22.26   368 |               IF(icompt .EQ. 2 .OR. icompt .EQ. 4) CALL swap16(iscr,200)
#22 22.26       |                                                               2
#22 22.26 ......
#22 22.26   844 |           IF( icompt .EQ. 2 .OR. icompt .EQ. 4) CALL swap16(scr,nsamps)
#22 22.26       |                                                            1
#22 22.26 Warning: Type mismatch between actual argument at (1) and actual argument at (2) (REAL(4)/INTEGER(2)).
#22 22.26 doex.f:859:36:
#22 22.26 
#22 22.26   374 |                      CALL wrdiscb( idunit(idisko), iscr, 3200 )
#22 22.26       |                                                   2
#22 22.26 ......
#22 22.26   859 |   900 CALL wrdiscb( idunit(idisko), scr, nbytes )
#22 22.26       |                                    1
#22 22.26 Warning: Type mismatch between actual argument at (1) and actual argument at (2) (REAL(4)/INTEGER(2)).
#22 22.67 gfortran -fallow-argument-mismatch -O3 -funroll-loops -fexpensive-optimizations -ffast-math  -c -o fdmied.o fdmied.f
#22 22.69 fdmied.f:520:45:
#22 22.69 
#22 22.69   519 |       CALL wrdisc( junit, lvals, nwrds )
#22 22.69       |                          2                   
#22 22.69   520 |       IF( nvels .GT. 0 ) CALL wrdisc( junit, vels, nvels )
#22 22.69       |                                             1
#22 22.69 Warning: Type mismatch between actual argument at (1) and actual argument at (2) (REAL(4)/INTEGER(4)).
#22 22.83 gfortran -fallow-argument-mismatch -O3 -funroll-loops -fexpensive-optimizations -ffast-math  -c -o fdmiex.o fdmiex.f
#22 22.84 fdmiex.f:148:30:
#22 22.84 
#22 22.84    89 |   100 CALL rddisc( junit, lscr, nwrds, istat )                          ! read f
#22 22.84       |                          2    
#22 22.84 ......
#22 22.84   148 |           CALL rddisc( junit, scr, nvels, istat)
#22 22.84       |                              1
#22 22.84 Warning: Type mismatch between actual argument at (1) and actual argument at (2) (REAL(4)/INTEGER(4)).
#22 23.12 gfortran -fallow-argument-mismatch -O3 -funroll-loops -fexpensive-optimizations -ffast-math  -c -o fdmvel.o fdmvel.f
#22 23.22 gfortran -fallow-argument-mismatch -O3 -funroll-loops -fexpensive-optimizations -ffast-math  -c -o avbufi.o avbufi.f
#22 23.30 gfortran -fallow-argument-mismatch -O3 -funroll-loops -fexpensive-optimizations -ffast-math  -c -o avintr.o avintr.f
#22 23.34 gfortran -fallow-argument-mismatch -O3 -funroll-loops -fexpensive-optimizations -ffast-math  -c -o fdmlin.o fdmlin.f
#22 23.46 gfortran -fallow-argument-mismatch -O3 -funroll-loops -fexpensive-optimizations -ffast-math  -c -o vsfdmc.o vsfdmc.f
#22 23.76 gfortran -fallow-argument-mismatch -O3 -funroll-loops -fexpensive-optimizations -ffast-math  -c -o vapsim.o vapsim.f
#22 23.99 gfortran -fallow-argument-mismatch -O3 -funroll-loops -fexpensive-optimizations -ffast-math  -c -o myspin.o myspin.f
#22 24.07 gfortran -fallow-argument-mismatch -O3 -funroll-loops -fexpensive-optimizations -ffast-math  -c -o xslice.o xslice.f
#22 24.18 gfortran -fallow-argument-mismatch -O3 -funroll-loops -fexpensive-optimizations -ffast-math  -c -o transp.o transp.f
#22 24.19 transp.f:148:31:
#22 24.19 
#22 24.19    43 |              CALL wrdisc( lun, t, nx )
#22 24.19       |                               2
#22 24.19 ......
#22 24.19   148 |              CALL wrdisc( lun, ct, nx )
#22 24.19       |                               1
#22 24.19 Warning: Type mismatch between actual argument at (1) and actual argument at (2) (COMPLEX(4)/REAL(4)).
#22 24.19 transp.f:211:31:
#22 24.19 
#22 24.19   107 |              CALL rddisc( lun, t(index), n, istat )
#22 24.19       |                               2
#22 24.19 ......
#22 24.19   211 |              CALL rddisc( lun, ct(index), n*2, istat )
#22 24.19       |                               1
#22 24.19 Warning: Type mismatch between actual argument at (1) and actual argument at (2) (COMPLEX(4)/REAL(4)).
#22 24.32 gfortran -fallow-argument-mismatch -O3 -funroll-loops -fexpensive-optimizations -ffast-math  -c -o dummies.o dummies.f
#22 24.37 gfortran -fallow-argument-mismatch -O3 -funroll-loops -fexpensive-optimizations -ffast-math  -c -o t2ded.o t2ded.f
#22 24.46 gfortran -fallow-argument-mismatch -O3 -funroll-loops -fexpensive-optimizations -ffast-math  -c -o t2dex.o t2dex.f
#22 24.48 t2dex.f:413:17:
#22 24.48 
#22 24.48   391 |       CALL APPUT(V1,IV,1,2)                                             ! PUT THE INITIAL VELOCITY IN THE AP
#22 24.48       |                 2
#22 24.48 ......
#22 24.48   413 |       CALL APPUT(SCR,IAPSCR,5,2)
#22 24.48       |                 1
#22 24.48 Warning: Rank mismatch between actual argument at (1) and actual argument at (2) (scalar and rank-1)
#22 24.48 t2dex.f:443:17:
#22 24.48 
#22 24.48   391 |       CALL APPUT(V1,IV,1,2)                                             ! PUT THE INITIAL VELOCITY IN THE AP
#22 24.48       |                 2
#22 24.48 ......
#22 24.48   443 |       CALL APPUT(VTP,NEXTAD,NVTPS,2)                                    ! PUT THE VTPS IN THE AP
#22 24.48       |                 1
#22 24.48 Warning: Rank mismatch between actual argument at (1) and actual argument at (2) (scalar and rank-1)
#22 24.48 t2dex.f:460:17:
#22 24.48 
#22 24.48   391 |       CALL APPUT(V1,IV,1,2)                                             ! PUT THE INITIAL VELOCITY IN THE AP
#22 24.48       |                 2
#22 24.48 ......
#22 24.48   460 |       CALL APPUT(SCR,ITO,7,2)                                           ! PUT THESE CONSTANTS IN THE AP
#22 24.48       |                 1
#22 24.48 Warning: Rank mismatch between actual argument at (1) and actual argument at (2) (scalar and rank-1)
#22 24.82 gfortran -fallow-argument-mismatch -O3 -funroll-loops -fexpensive-optimizations -ffast-math  -c -o t2d.o t2d.f
#22 24.85 gfortran -fallow-argument-mismatch -O3 -funroll-loops -fexpensive-optimizations -ffast-math  -c -o t2dint.o t2dint.f
#22 24.88 gfortran -fallow-argument-mismatch -O3 -funroll-loops -fexpensive-optimizations -ffast-math  -c -o tx2ted.o tx2ted.f
#22 24.94 gfortran -fallow-argument-mismatch -O3 -funroll-loops -fexpensive-optimizations -ffast-math  -c -o tx2tex.o tx2tex.f
#22 25.32 gfortran -fallow-argument-mismatch -O3 -funroll-loops -fexpensive-optimizations -ffast-math  -c -o fft.o fft.f
#22 25.40 gfortran -fallow-argument-mismatch -O3 -funroll-loops -fexpensive-optimizations -ffast-math  -c -o tp2ted.o tp2ted.f
#22 25.47 gfortran -fallow-argument-mismatch -O3 -funroll-loops -fexpensive-optimizations -ffast-math  -c -o tp2tex.o tp2tex.f
#22 25.78 gfortran -fallow-argument-mismatch -O3 -funroll-loops -fexpensive-optimizations -ffast-math  -c -o gained.o gained.f
#22 25.87 gfortran -fallow-argument-mismatch -O3 -funroll-loops -fexpensive-optimizations -ffast-math  -c -o gainex.o gainex.f
#22 26.37 gfortran -fallow-argument-mismatch -O3 -funroll-loops -fexpensive-optimizations -ffast-math  -c -o pgain.o pgain.f
#22 26.42 gfortran -fallow-argument-mismatch -O3 -funroll-loops -fexpensive-optimizations -ffast-math  -c -o filters.o filters.f
#22 26.63 gfortran -fallow-argument-mismatch -O3 -funroll-loops -fexpensive-optimizations -ffast-math  -c -o lpbut3p.o lpbut3p.f
#22 26.66 gfortran -fallow-argument-mismatch -O3 -funroll-loops -fexpensive-optimizations -ffast-math  -c -o headed.o headed.f
#22 26.68 headed.f:675:34:
#22 26.68 
#22 26.68   674 |       CALL wrdisc( iunit(numhdr), scr, nwrds )
#22 26.68       |                                  2
#22 26.68   675 |       CALL wrdisc( iunit(numhdr), ireplace, maxrep )
#22 26.68       |                                  1
#22 26.68 Warning: Type mismatch between actual argument at (1) and actual argument at (2) (INTEGER(4)/REAL(4)).
#22 27.05 gfortran -fallow-argument-mismatch -O3 -funroll-loops -fexpensive-optimizations -ffast-math  -c -o headex.o headex.f
#22 27.06 headex.f:217:40:
#22 27.06 
#22 27.06   163 |               CALL wrdiscb( ihunit, ibhead, 400 )
#22 27.06       |                                    2    
#22 27.06 ......
#22 27.06   217 |                   CALL wrdiscb( ihunit, cheadr, 3200 )
#22 27.06       |                                        1
#22 27.06 Warning: Type mismatch between actual argument at (1) and actual argument at (2) (CHARACTER(80)/INTEGER(2)).
#22 27.47 gfortran -fallow-argument-mismatch -O3 -funroll-loops -fexpensive-optimizations -ffast-math  -c -o sorted.o sorted.f
#22 27.55 gfortran -fallow-argument-mismatch -O3 -funroll-loops -fexpensive-optimizations -ffast-math  -c -o sortex.o sortex.f
#22 27.56 sortex.f:101:26:
#22 27.56 
#22 27.56    88 |       CALL rddisc( lunin, ibuf, 400/nbperw, istat )
#22 27.56       |                          2
#22 27.56 ......
#22 27.56   101 |   100 CALL rddisc( lunin, lbuf, numhdr, istat )
#22 27.56       |                          1
#22 27.56 Warning: Type mismatch between actual argument at (1) and actual argument at (2) (INTEGER(4)/INTEGER(2)).
#22 27.56 sortex.f:159:27:
#22 27.56 
#22 27.56    81 |       IF( ntraces .EQ. 0 ) CALL wrdisc( lunout, ipath, 20 )
#22 27.56       |                                                2
#22 27.56 ......
#22 27.56   159 |       CALL wrdisc( lunout, ntraces, 1 )
#22 27.56       |                           1
#22 27.56 Warning: Type mismatch between actual argument at (1) and actual argument at (2) (INTEGER(4)/CHARACTER(*)).
#22 27.70 gfortran -fallow-argument-mismatch -O3 -funroll-loops -fexpensive-optimizations -ffast-math  -c -o indexx.o indexx.f
#22 27.74 gfortran -fallow-argument-mismatch -O3 -funroll-loops -fexpensive-optimizations -ffast-math  -c -o fdfmed.o fdfmed.f
#22 27.76 fdfmed.f:444:45:
#22 27.76 
#22 27.76   443 |       CALL wrdisc( junit, lvals, nwrds )
#22 27.76       |                          2                   
#22 27.76   444 |       IF( nvels .GT. 0 ) CALL wrdisc( junit, vels, nvels )
#22 27.76       |                                             1
#22 27.76 Warning: Type mismatch between actual argument at (1) and actual argument at (2) (REAL(4)/INTEGER(4)).
#22 27.90 gfortran -fallow-argument-mismatch -O3 -funroll-loops -fexpensive-optimizations -ffast-math  -c -o fdfmex.o fdfmex.f
#22 27.91 fdfmex.f:136:30:
#22 27.91 
#22 27.91    79 |   100 CALL rddisc( junit, lscr, nwrds, istat )                          ! read first part of a parameter list
#22 27.91       |                          2    
#22 27.91 ......
#22 27.91   136 |           CALL rddisc( junit, scr, nvels, istat)
#22 27.91       |                              1
#22 27.91 Warning: Type mismatch between actual argument at (1) and actual argument at (2) (REAL(4)/INTEGER(4)).
#22 28.16 gfortran -fallow-argument-mismatch -O3 -funroll-loops -fexpensive-optimizations -ffast-math  -c -o fdmdif.o fdmdif.f
#22 28.26 gfortran -fallow-argument-mismatch -O3 -funroll-loops -fexpensive-optimizations -ffast-math  -c -o fddvel.o fddvel.f
#22 28.38 gfortran -fallow-argument-mismatch -O3 -funroll-loops -fexpensive-optimizations -ffast-math  -c -o sioseis_version.o sioseis_version.f
#22 28.40 gfortran -fallow-argument-mismatch -O3 -funroll-loops -fexpensive-optimizations -ffast-math  -c -o refplot.o refplot.f
#22 28.44 gfortran -fallow-argument-mismatch -O3 -funroll-loops -fexpensive-optimizations -ffast-math  -c -o dmoed.o dmoed.f
#22 28.49 gfortran -fallow-argument-mismatch -O3 -funroll-loops -fexpensive-optimizations -ffast-math  -c -o dmoex.o dmoex.f
#22 28.55 gfortran -fallow-argument-mismatch -O3 -funroll-loops -fexpensive-optimizations -ffast-math  -c -o logsed.o logsed.f
#22 28.61 gfortran -fallow-argument-mismatch -O3 -funroll-loops -fexpensive-optimizations -ffast-math  -c -o logsex.o logsex.f
#22 28.80 gfortran -fallow-argument-mismatch -O3 -funroll-loops -fexpensive-optimizations -ffast-math  -c -o resaed.o resaed.f
#22 28.85 gfortran -fallow-argument-mismatch -O3 -funroll-loops -fexpensive-optimizations -ffast-math  -c -o resaex.o resaex.f
#22 28.90 gfortran -fallow-argument-mismatch -O3 -funroll-loops -fexpensive-optimizations -ffast-math  -c -o polint.o polint.f
#22 28.94 gcc -std=gnu99      -c -o getdate.o getdate.c
#22 28.96 gfortran -fallow-argument-mismatch -O3 -funroll-loops -fexpensive-optimizations -ffast-math  -c -o despiked.o despiked.f
#22 29.11 gfortran -fallow-argument-mismatch -O3 -funroll-loops -fexpensive-optimizations -ffast-math  -c -o despikex.o despikex.f
#22 29.13 despikex.f:581:72:
#22 29.13 
#22 29.13   581 |           CALL moment( scr(is), ie-is+1, ave, adev, sdev, var,skew,curt)
#22 29.13       |                                                                        1
#22 29.13 Warning: More actual than formal arguments in procedure call at (1)
#22 29.63 gfortran -fallow-argument-mismatch -O3 -funroll-loops -fexpensive-optimizations -ffast-math  -c -o sort.o sort.f
#22 29.67 gfortran -fallow-argument-mismatch -O3 -funroll-loops -fexpensive-optimizations -ffast-math  -c -o tredited.o tredited.f
#22 29.80 gfortran -fallow-argument-mismatch -O3 -funroll-loops -fexpensive-optimizations -ffast-math  -c -o treditex.o treditex.f
#22 29.81 treditex.f:588:72:
#22 29.81 
#22 29.81   588 |           CALL moment( scr(is), ie-is+1, ave, adev, sdev, var,skew,curt)
#22 29.81       |                                                                        1
#22 29.81 Warning: More actual than formal arguments in procedure call at (1)
#22 30.43 gfortran -fallow-argument-mismatch -O3 -funroll-loops -fexpensive-optimizations -ffast-math  -c -o sadded.o sadded.f
#22 30.50 gfortran -fallow-argument-mismatch -O3 -funroll-loops -fexpensive-optimizations -ffast-math  -c -o saddex.o saddex.f
#22 30.50 saddex.f:85:28:
#22 30.50 
#22 30.50    37 |           CALL rddisc( lun, scr, nwrds, istat )
#22 30.50       |                            2
#22 30.50 ......
#22 30.50    85 |           CALL rddisc( lun, lscr, nwrds, istat )                        ! read the next parameter list
#22 30.50       |                            1
#22 30.50 Warning: Type mismatch between actual argument at (1) and actual argument at (2) (INTEGER(4)/REAL(4)).
#22 30.54 gfortran -fallow-argument-mismatch -O3 -funroll-loops -fexpensive-optimizations -ffast-math  -c -o cated.o cated.f
#22 30.61 gfortran -fallow-argument-mismatch -O3 -funroll-loops -fexpensive-optimizations -ffast-math  -c -o catex.o catex.f
#22 30.62 catex.f:97:28:
#22 30.62 
#22 30.62    47 |           CALL rddisc( lun, scr, nwrds, istat )
#22 30.62       |                            2
#22 30.62 ......
#22 30.62    97 |           CALL rddisc( lun, lscr, nwrds, istat )                        ! read the next parameter list
#22 30.62       |                            1
#22 30.62 Warning: Type mismatch between actual argument at (1) and actual argument at (2) (INTEGER(4)/REAL(4)).
#22 30.66 gfortran -fallow-argument-mismatch -O3 -funroll-loops -fexpensive-optimizations -ffast-math  -c -o fkshed.o fkshed.f
#22 30.72 gfortran -fallow-argument-mismatch -O3 -funroll-loops -fexpensive-optimizations -ffast-math  -c -o fkshex.o fkshex.f
#22 30.80 gfortran -fallow-argument-mismatch -O3 -funroll-loops -fexpensive-optimizations -ffast-math  -c -o psfk.o psfk.f
#22 30.84 gfortran -fallow-argument-mismatch -O3 -funroll-loops -fexpensive-optimizations -ffast-math  -c -o ssmied.o ssmied.f
#22 30.85 ssmied.f:417:45:
#22 30.85 
#22 30.85   416 |       CALL wrdisc( junit, lvals, nwrds )
#22 30.85       |                          2                   
#22 30.85   417 |       IF( nvels .GT. 0 ) CALL wrdisc( junit, vels, nvels )
#22 30.85       |                                             1
#22 30.85 Warning: Type mismatch between actual argument at (1) and actual argument at (2) (REAL(4)/INTEGER(4)).
#22 30.94 gfortran -fallow-argument-mismatch -O3 -funroll-loops -fexpensive-optimizations -ffast-math  -c -o ssmiex.o ssmiex.f
#22 30.95 ssmiex.f:170:27:
#22 30.95 
#22 30.95    53 |           CALL rddisc( junit, lscr, nwrds, istat )
#22 30.95       |                              2
#22 30.95 ......
#22 30.95   170 |       CALL rddisc( lunvel, scr, 20, istat )
#22 30.95       |                           1
#22 30.95 Warning: Type mismatch between actual argument at (1) and actual argument at (2) (REAL(4)/INTEGER(4)).
#22 30.95 ssmiex.f:313:72:
#22 30.95 
#22 30.95   313 |                CALL wrdisc( lunsegy, buf, numhdr, istat )
#22 30.95       |                                                                        1
#22 30.95 Warning: More actual than formal arguments in procedure call at (1)
#22 30.95 ssmiex.f:314:72:
#22 30.95 
#22 30.95   314 |                CALL wrdisc( lunsegy, apdata(index), nz, istat )
#22 30.95       |                                                                        1
#22 30.95 Warning: More actual than formal arguments in procedure call at (1)
#22 30.95 ssmiex.f:325:72:
#22 30.95 
#22 30.95   325 |              CALL wrdisc( lunvel, scr, nx, istat )
#22 30.95       |                                                                        1
#22 30.95 Warning: More actual than formal arguments in procedure call at (1)
#22 31.24 gfortran -fallow-argument-mismatch -O3 -funroll-loops -fexpensive-optimizations -ffast-math  -c -o sspost2.o sspost2.f
#22 31.26 sspost2.f:270:35:
#22 31.26 
#22 31.26   109 |          CALL rddisc( lunvel, r(1), nx, istat )
#22 31.26       |                              2     
#22 31.26 ......
#22 31.26   270 |                 CALL rddisc( lunt, cscr, nkx*2, istat )
#22 31.26       |                                   1
#22 31.26 Warning: Type mismatch between actual argument at (1) and actual argument at (2) (COMPLEX(4)/REAL(4)).
#22 31.26 sspost2.f:297:35:
#22 31.26 
#22 31.26   140 |          CALL wrdisc( iufile, ux, Nkx )
#22 31.26       |                              2     
#22 31.26 ......
#22 31.26   297 |                 CALL wrdisc( lunt, cscr, nkx * 2 )
#22 31.26       |                                   1
#22 31.26 Warning: Type mismatch between actual argument at (1) and actual argument at (2) (COMPLEX(4)/REAL(4)).
#22 31.78 gfortran -fallow-argument-mismatch -O3 -funroll-loops -fexpensive-optimizations -ffast-math  -c -o fastf.o fastf.f
#22 31.83 gfortran -fallow-argument-mismatch -O3 -funroll-loops -fexpensive-optimizations -ffast-math  -c -o slave.o slave.f
#22 31.88 gfortran -fallow-argument-mismatch -O3 -funroll-loops -fexpensive-optimizations -ffast-math  -c -o uadded.o uadded.f
#22 31.94 gfortran -fallow-argument-mismatch -O3 -funroll-loops -fexpensive-optimizations -ffast-math  -c -o uaddex.o uaddex.f
#22 32.00 gfortran -fallow-argument-mismatch -O3 -funroll-loops -fexpensive-optimizations -ffast-math  -c -o umulted.o umulted.f
#22 32.05 gfortran -fallow-argument-mismatch -O3 -funroll-loops -fexpensive-optimizations -ffast-math  -c -o umultex.o umultex.f
#22 32.11 gfortran -fallow-argument-mismatch -O3 -funroll-loops -fexpensive-optimizations -ffast-math  -c -o cfiled.o cfiled.f
#22 32.23 gfortran -fallow-argument-mismatch -O3 -funroll-loops -fexpensive-optimizations -ffast-math  -c -o cfilex.o cfilex.f
#22 32.25 cfilex.f:359:32:
#22 32.25 
#22 32.25   146 |           CALL rddisc( junit, lscr, nwrds, istat )
#22 32.25       |                              2  
#22 32.25 ......
#22 32.25   359 |          CALL rddisc( lunhdata, scr, numhdr, istat )
#22 32.25       |                                1
#22 32.25 Warning: Type mismatch between actual argument at (1) and actual argument at (2) (REAL(4)/INTEGER(4)).
#22 32.89 gfortran -fallow-argument-mismatch -O3 -funroll-loops -fexpensive-optimizations -ffast-math  -c -o seg2ed.o seg2ed.f
#22 32.90 seg2ed.f:171:30:
#22 32.90 
#22 32.90   148 |           CALL rddiscb( ilun, buf, 32, istat )
#22 32.90       |                              2
#22 32.90 ......
#22 32.90   171 |           CALL rddiscb( ilun, ibuf, 32, istat )
#22 32.90       |                              1
#22 32.90 Warning: Type mismatch between actual argument at (1) and actual argument at (2) (INTEGER(2)/REAL(4)).
#22 32.90 seg2ed.f:218:24:
#22 32.90 
#22 32.90   202 |           CALL wrdisc(ihunit,ibuf,100)
#22 32.90       |                             2
#22 32.90 ......
#22 32.90   218 |       CALL wrdisc( lun, buf, nwrds )
#22 32.90       |                        1
#22 32.90 Warning: Type mismatch between actual argument at (1) and actual argument at (2) (REAL(4)/INTEGER(2)).
#22 33.00 gfortran -fallow-argument-mismatch -O3 -funroll-loops -fexpensive-optimizations -ffast-math  -c -o seg2ex.o seg2ex.f
#22 33.01 seg2ex.f:74:29:
#22 33.01 
#22 33.01    46 |           CALL rddisc( ipunit, scr, npwrds, istat  )
#22 33.01       |                               2
#22 33.01 ......
#22 33.01    74 |           CALL rddisc( ilun, indices, jntrcs, istat )
#22 33.01       |                             1
#22 33.01 Warning: Type mismatch between actual argument at (1) and actual argument at (2) (INTEGER(4)/REAL(4)).
#22 33.01 seg2ex.f:129:26:
#22 33.01 
#22 33.01    52 |          CALL rddiscb( ipunit, path, 100, istat )
#22 33.01       |                               2
#22 33.01 ......
#22 33.01   129 |       CALL rddiscb( ilun, scr, 32, istat )
#22 33.01       |                          1
#22 33.01 Warning: Type mismatch between actual argument at (1) and actual argument at (2) (REAL(4)/CHARACTER(*)).
#22 33.24 gfortran -fallow-argument-mismatch -O3 -funroll-loops -fexpensive-optimizations -ffast-math  -c -o caljul.o caljul.f
#22 33.26 gfortran -fallow-argument-mismatch -O3 -funroll-loops -fexpensive-optimizations -ffast-math  -c -o xcored.o xcored.f
#22 33.27 xcored.f:190:38:
#22 33.27 
#22 33.27   175 |           CALL rddiscb( lunpilot, iscr1, 400, istat )
#22 33.27       |                                  2    
#22 33.27 ......
#22 33.27   190 |               CALL rddiscb( lunpilot, lscr1, 240, istat )
#22 33.27       |                                      1
#22 33.27 Warning: Type mismatch between actual argument at (1) and actual argument at (2) (INTEGER(4)/INTEGER(2)).
#22 33.37 gfortran -fallow-argument-mismatch -O3 -funroll-loops -fexpensive-optimizations -ffast-math  -c -o xcorex.o xcorex.f
#22 33.42 gfortran -fallow-argument-mismatch -O3 -funroll-loops -fexpensive-optimizations -ffast-math  -c -o stked.o stked.f
#22 33.49 gfortran -fallow-argument-mismatch -O3 -funroll-loops -fexpensive-optimizations -ffast-math  -c -o stkex.o stkex.f
#22 33.50 stkex.f:106:35:
#22 33.50 
#22 33.50    51 |           CALL rddisc( lunparams, lscr, nwrds, istat )
#22 33.50       |                                  2 
#22 33.50 ......
#22 33.50   106 |              CALL rddisc( luntrim, scr, numhdr+nsamps, istat )
#22 33.50       |                                   1
#22 33.50 Warning: Type mismatch between actual argument at (1) and actual argument at (2) (REAL(4)/INTEGER(4)).
#22 33.67 gfortran -fallow-argument-mismatch -O3 -funroll-loops -fexpensive-optimizations -ffast-math  -c -o segdded.o segdded.f
#22 33.70 segdded.f:508:35:
#22 33.70 
#22 33.70   483 |   300 CALL rddiscb( iunit, ibuf(1), 32, istat )
#22 33.70       |                           2        
#22 33.70 ......
#22 33.70   508 |               CALL rddiscb( iunit, lbuf, 96, istat )   ! skip the next 96 bytes
#22 33.70       |                                   1
#22 33.70 Warning: Type mismatch between actual argument at (1) and actual argument at (2) (INTEGER(4)/INTEGER(2)).
#22 33.70 segdded.f:767:27:
#22 33.70 
#22 33.70   714 |       CALL wrdisc( junit, buf, nwrds )
#22 33.70       |                          2 
#22 33.70 ......
#22 33.70   767 |       CALL wrdisc( iunhdr, ivms, 800 )
#22 33.70       |                           1
#22 33.70 Warning: Type mismatch between actual argument at (1) and actual argument at (2) (INTEGER(4)/REAL(4)).
#22 33.95 gfortran -fallow-argument-mismatch -O3 -funroll-loops -fexpensive-optimizations -ffast-math  -c -o segddex.o segddex.f
#22 33.97 segddex.f:670:41:
#22 33.97 
#22 33.97   640 |       CALL wrdiscb( luntr0, scr, nbytes )
#22 33.97       |                            2             
#22 33.97 ......
#22 33.97   670 |                   CALL wrdiscb( lunldeo, ldeo_ascii, len_hdr )
#22 33.97       |                                         1
#22 33.97 Warning: Type mismatch between actual argument at (1) and actual argument at (2) (CHARACTER(1000)/REAL(4)).
#22 33.97 segddex.f:789:31:
#22 33.97 
#22 33.97   261 |           CALL rddiscb( iunit, iscr(1), 128, istat )
#22 33.97       |                               2
#22 33.97 ......
#22 33.97   789 |           CALL rddiscb( iunit, scr, 4, istat )
#22 33.97       |                               1
#22 33.97 Warning: Type mismatch between actual argument at (1) and actual argument at (2) (REAL(4)/INTEGER(2)).
#22 33.97 segddex.f:899:25:
#22 33.97 
#22 33.97   256 |           IF( icompt .NE. 2 .AND. icompt .NE. 4 ) CALL swap32(lscr(3),1)
#22 33.97       |                                                              2
#22 33.97 ......
#22 33.97   899 |             CALL swap32( buf(numhdr+1), nsamps )
#22 33.97       |                         1
#22 33.97 Warning: Type mismatch between actual argument at (1) and actual argument at (2) (REAL(4)/INTEGER(4)).
#22 34.59 gfortran -fallow-argument-mismatch -O3 -funroll-loops -fexpensive-optimizations -ffast-math  -c -o i24i32.o i24i32.f
#22 34.63 gcc -std=gnu99      -c -o bldgname.o bldgname.c
#22 34.65 gfortran -fallow-argument-mismatch -O3 -funroll-loops -fexpensive-optimizations -ffast-math  -c -o leeshdr.o leeshdr.f
#22 34.69 gfortran -fallow-argument-mismatch -O3 -funroll-loops -fexpensive-optimizations -ffast-math  -c -o gpgga.o gpgga.f
#22 34.74 gfortran -fallow-argument-mismatch -O3 -funroll-loops -fexpensive-optimizations -ffast-math  -c -o gpggaa.o gpggaa.f
#22 34.78 gfortran -fallow-argument-mismatch -O3 -funroll-loops -fexpensive-optimizations -ffast-math  -c -o dbt.o dbt.f
#22 34.79 gcc -std=gnu99      -c -o unsigned.o unsigned.c
#22 34.81 gfortran -fallow-argument-mismatch -O3 -funroll-loops -fexpensive-optimizations -ffast-math  -c -o swelled.o swelled.f
#22 34.87 gfortran -fallow-argument-mismatch -O3 -funroll-loops -fexpensive-optimizations -ffast-math  -c -o swellex.o swellex.f
#22 34.95 gfortran -fallow-argument-mismatch -O3 -funroll-loops -fexpensive-optimizations -ffast-math contro.o setptr.o upcase.o getpro.o dcode.o lcode.o ddcode.o ebcasc.o is_big_endian.o itohex.o tohex.o secsdms.o ascebc.o getoke.o rdline.o rline.o syned.o synex.o sseis.o gasdev.o ran1.o pouted.o poutex.o ptrlst.o inap.o rlseap.o shifts.o apsim.o diskio.o ibm2fp.o died.o diex.o swp_trhdr.o sfp2fp.o fp2sfp.o ie2ibm.o swap16.o swap32.o swap64.o ploted.o plotex.o trplot.o gentl.o gentl1.o maxsc.o tlann.o sideann.o julcal.o getlanno.o spp.o spp2.o filted.o filtex.o bpass.o window.o conv.o dconv.o tvfilt.o nzcros.o agced.o  agcex.o agc.o agcap.o decoed.o decoex.o decon.o eureka.o wiener.o cross.o zero.o dot.o fold.o frstnz.o wbted.o wbtex.o muteed.o muteex.o mute.o zcmute.o geomed.o geomex.o navgeom.o ukooain.o ldgogeom.o ldeogeom.o calcrp.o rpxy.o segyxy.o range.o getdep.o lendeg.o calcrp3d.o sionav2segy.o get_sio_nav.o avened.o avenex.o avevfc.o avenor.o debiex.o debias.o mixed.o mixex.o shfted.o shftex.o weiged.o weigex.o moment.o flated.o flatex.o rectc.o smuted.o smutex.o fftinv.o udeced.o udecex.o t2fed.o t2fex.o ufiled.o ufilex.o fftfwd.o polarc.o gathed.o gather.o nmoed.o nmoex.o nmo2ex.o nmo3ex.o nmonap.o ivelt.o findv.o nmoapp.o int2rms.o velaed.o velaex.o invplt.o stkse.o semst.o velplt.o plotvs.o clvplt.o cvnmo.o stacked.o stackex.o acored.o acorex.o tx2fed.o tx2fex.o f2ted.o f2tex.o scalet.o fkfied.o fkfiex.o shindx.o fkmied.o fkmiex.o fk2ted.o fk2tex.o hale.o mrgfk.o lenstr.o spltfk.o gnrfft.o dskpos.o chkbin.o chkpra.o chkprc.o ldgo_tr0.o segd20.o prntx2.o doed.o doex.o fdmied.o fdmiex.o fdmvel.o avbufi.o avintr.o fdmlin.o vsfdmc.o vapsim.o myspin.o xslice.o transp.o dummies.o t2ded.o t2dex.o t2d.o t2dint.o tx2ted.o tx2tex.o fft.o tp2ted.o tp2tex.o gained.o gainex.o pgain.o filters.o lpbut3p.o headed.o headex.o sorted.o sortex.o indexx.o fdfmed.o fdfmex.o fdmdif.o fddvel.o sioseis_version.o refplot.o dmoed.o dmoex.o logsed.o logsex.o resaed.o resaex.o polint.o getdate.o despiked.o despikex.o sort.o tredited.o treditex.o sadded.o saddex.o cated.o catex.o fkshed.o fkshex.o psfk.o ssmied.o ssmiex.o sspost2.o fastf.o slave.o uadded.o uaddex.o umulted.o umultex.o cfiled.o cfilex.o seg2ed.o seg2ex.o caljul.o xcored.o xcorex.o stked.o stkex.o segdded.o segddex.o i24i32.o bldgname.o leeshdr.o gpgga.o gpggaa.o dbt.o unsigned.o swelled.o swellex.o  -lgfortran -o sioseis 
#22 35.05 gfortran -fallow-argument-mismatch -O3 -funroll-loops -fexpensive-optimizations -ffast-math  -c -o lsd.o lsd.f
#22 35.21 gfortran -fallow-argument-mismatch -O3 -funroll-loops -fexpensive-optimizations -ffast-math lsd.o secsdms.o is_big_endian.o swap16.o swap32.o diskio.o unsigned.o  -o lsd
#22 35.25 gfortran -fallow-argument-mismatch -O3 -funroll-loops -fexpensive-optimizations -ffast-math  -c -o lsh.o lsh.f
#22 35.32 gfortran -fallow-argument-mismatch -O3 -funroll-loops -fexpensive-optimizations -ffast-math lsh.o secsdms.o is_big_endian.o swap16.o swap32.o diskio.o unsigned.o  -o lsh
#22 35.35 gfortran -fallow-argument-mismatch -O3 -funroll-loops -fexpensive-optimizations -ffast-math  -c -o dutil.o dutil.f
#22 35.48 gfortran -fallow-argument-mismatch -O3 -funroll-loops -fexpensive-optimizations -ffast-math  -c -o dd2ieee.o dd2ieee.f
#22 35.51 gcc -std=gnu99      -c -o complement.o complement.c
#22 35.53 gfortran -fallow-argument-mismatch -O3 -funroll-loops -fexpensive-optimizations -ffast-math  -c -o dr2iee.o dr2iee.f
#22 35.55 gfortran -fallow-argument-mismatch -O3 -funroll-loops -fexpensive-optimizations -ffast-math dutil.o swap64.o dd2ieee.o complement.o diskio.o getoke.o rdline.o swap16.o swap32.o dr2iee.o dcode.o tohex.o ibm2fp.o ebcasc.o upcase.o shifts.o rline.o  -o dutil
#22 35.59 gfortran -fallow-argument-mismatch -O3 -funroll-loops -fexpensive-optimizations -ffast-math  -c -o cal2jul.o cal2jul.f
#22 35.62 gfortran -fallow-argument-mismatch -O3 -funroll-loops -fexpensive-optimizations -ffast-math cal2jul.o caljul.o dcode.o getoke.o rdline.o rline.o diskio.o -o cal2jul
#22 35.65 gfortran -fallow-argument-mismatch -O3 -funroll-loops -fexpensive-optimizations -ffast-math  -c -o jul2cal.o jul2cal.f
#22 35.68 gfortran -fallow-argument-mismatch -O3 -funroll-loops -fexpensive-optimizations -ffast-math jul2cal.o julcal.o dcode.o getoke.o rdline.o rline.o diskio.o -o jul2cal
#22 DONE 35.8s

#23 [18/27] RUN mkdir -p /usr/local/data         && mkdir -p /home/sug_user
#23 DONE 0.4s

#24 [19/27] COPY data/Servilleta.tz /usr/local/data/Servilleta.tz
#24 DONE 18.7s

#25 [20/27] RUN tar -xzf /usr/local/data/Servilleta.tz -C /home/sug_user
#25 DONE 21.5s

#26 [21/27] RUN groupadd -r sug_ug || true         && useradd -r -g sug_ug -m -s /bin/bash sug_user
#26 0.728 useradd: warning: the home directory /home/sug_user already exists.
#26 0.728 useradd: Not copying any file from skel directory into it.
#26 DONE 0.9s

#27 [22/27] RUN chown -R sug_user:sug_ug /home/sug_user
#27 DONE 32.6s

#28 [23/27] RUN ln -s /home/sug_user /home/username
#28 DONE 1.0s

#29 [24/27] WORKDIR /home/sug_user
#29 DONE 0.1s

#30 [25/27] RUN mkdir -p /home/sug_user/sug_data
#30 DONE 0.6s

#31 [26/27] RUN getent group sug_ug >/dev/null || groupadd -r sug_ug     && id -u sug_user >/dev/null 2>&1 || useradd -r -g sug_ug -m -s /bin/bash sug_user
#31 DONE 0.6s

#32 [27/27] RUN chown -R sug_user:sug_ug /usr/local/cwp_su_all_44R22     && chmod -R u+rwX,g+rwX /usr/local/cwp_su_all_44R22
#32 DONE 68.5s

#33 exporting to image
#33 exporting layers
#33 exporting layers 88.4s done
#33 exporting manifest sha256:a095aef108dd25e89ae995283d6edc942a6aa38f6d60164eae672c9b69956abe 0.0s done
#33 exporting config sha256:84d9ffaa2ee641a7b8474c7babba283052acd5f864ae91fcadb802313bab08cc 0.1s done
#33 exporting attestation manifest sha256:b13ae2b884e351797a8860aed9f08806b85da559d56ab9a76fe0449ae0a78f35
#33 exporting attestation manifest sha256:b13ae2b884e351797a8860aed9f08806b85da559d56ab9a76fe0449ae0a78f35 0.4s done
#33 exporting manifest list sha256:9451b2c262d609535ae68c6054acc5f7fba0d17adc156e77b571af6f5191c2d1
#33 exporting manifest list sha256:9451b2c262d609535ae68c6054acc5f7fba0d17adc156e77b571af6f5191c2d1 0.1s done
#33 naming to docker.io/nathanbenton/sug:custom 0.1s done
#33 unpacking to docker.io/nathanbenton/sug:custom
#33 unpacking to docker.io/nathanbenton/sug:custom 82.2s done
#33 DONE 171.5s

View build details: docker-desktop://dashboard/build/desktop-linux/desktop-linux/0b3u2rta2kj97qhrvbi8xty5n

 1 warning found (use docker --debug to expand):
 - UndefinedVar: Usage of undefined variable '$LD_LIBRARY_PATH' (line 71)
